Order_ID,Order_Date,Customer_ID,Customer_Name,Category,Sub_Category,Product,Region,State,City,Sales,Quantity,Discount,Cost,Payment_Mode,Order_Status
ORD-10001,2025-11-24,CUST-1115,Amit Kumar,Electronics,Laptops,ASUS Laptop,South,Tamil Nadu,Chennai,46952.0,1,0.0,30737.57,Cash on Delivery,Shipped
ORD-10002,2025-01-14,CUST-1575,Manish Jain,Office Supplies,Stationery,Notebook,East,Bihar,Gaya,986.4,4,0.1,630.18,Debit Card,Delivered
ORD-10003,2025-02-17,CUST-1390,Rohit Mishra,Home Appliances,Cooling,Air Cooler,West,Goa,Panaji,23331.2,4,0.2,15708.77,Cash on Delivery,Returned
ORD-10004,2025-07-05,CUST-1592,Manish Verma,Electronics,Smartphones,Samsung Galaxy,North,Delhi,Delhi,123137.8,4,0.15,93451.88,Debit Card,Delivered
ORD-10005,2025-07-09,CUST-1364,Manish Kumar,Furniture,Lighting,Table Lamp,North,Rajasthan,Kota,4578.1,2,0.15,3055.82,Cash on Delivery,Delivered
ORD-10006,2025-12-17,CUST-1333,Rahul Gupta,Office Supplies,Stationery,Notebook,North,Punjab,Amritsar,2101.5,5,0.1,1372.61,Net Banking,Delivered
ORD-10007,2025-11-26,CUST-1470,Vikas Kumar,Office Supplies,Equipment,Paper Shredder,South,Tamil Nadu,Madurai,32719.5,5,0.1,21425.72,Credit Card,Shipped
ORD-10008,2025-09-10,CUST-1094,Rahul Verma,Home Appliances,Cooling,Air Cooler,South,Tamil Nadu,Madurai,39206.4,4,0.2,33287.42,Cash on Delivery,Delivered
ORD-10009,2025-10-11,CUST-1012,Rohit Jain,Office Supplies,Paper,Printer Paper,West,Goa,Panaji,903.6,4,0.1,761.71,Credit Card,Shipped
ORD-10010,2025-02-24,CUST-1641,Varun Jain,Furniture,Lighting,Table Lamp,South,Tamil Nadu,Coimbatore,9039.75,5,0.15,5467.87,Debit Card,Returned
ORD-10011,2025-06-07,CUST-1246,Rahul Gupta,Electronics,Smartphones,OnePlus Phone,North,Uttar Pradesh,Noida,128955.6,4,0.1,94384.98,Cash on Delivery,Delivered
ORD-10012,2025-04-19,CUST-1553,Manish Kumar,Home Appliances,Kitchen,Mixer Grinder,East,Odisha,Cuttack,5443.2,2,0.1,3294.54,Cash on Delivery,Delivered
ORD-10013,2025-10-29,CUST-1226,Amit Verma,Electronics,Monitors,Dell Monitor,North,Delhi,New Delhi,80091.0,5,0.1,61449.37,Credit Card,Shipped
ORD-10014,2025-03-09,CUST-1741,Shweta Patel,Home Appliances,Kitchen,Mixer Grinder,East,Bihar,Gaya,5427.9,1,0.1,3831.53,Net Banking,Returned
ORD-10015,2025-01-28,CUST-1690,Rohit Sharma,Furniture,Office Furniture,Office Chair,East,Odisha,Bhubaneswar,58662.5,5,0.05,41384.66,Debit Card,Delivered
ORD-10016,2025-05-08,CUST-1078,Kavita Jain,Electronics,Laptops,Dell Laptop,North,Uttar Pradesh,Prayagraj,130277.8,2,0.15,93844.26,Net Banking,Delivered
ORD-10017,2025-03-26,CUST-1389,Amit Yadav,Home Appliances,Cooling,Air Cooler,West,Madhya Pradesh,Indore,16399.8,2,0.1,10732.44,UPI,Shipped
ORD-10018,2025-10-05,CUST-1063,Priya Sharma,Furniture,Office Furniture,Bookshelf,North,Rajasthan,Jodhpur,7044.0,1,0.0,5274.26,Credit Card,Delivered
ORD-10019,2025-03-03,CUST-1584,Deepak Patel,Home Appliances,Cooling,Air Cooler,North,Rajasthan,Jaipur,25234.2,3,0.1,16646.28,Net Banking,Delivered
ORD-10020,2025-12-10,CUST-1661,Varun Agarwal,Home Appliances,Cooling,Air Cooler,West,Maharashtra,Mumbai,14067.6,1,0.05,10219.71,Credit Card,Delivered
ORD-10021,2025-02-05,CUST-1251,Neha Kumar,Electronics,Monitors,Samsung Monitor,South,Kerala,Thiruvananthapuram,12960.0,1,0.1,8149.99,UPI,Cancelled
ORD-10022,2025-10-11,CUST-1160,Arjun Kumar,Office Supplies,Equipment,Paper Shredder,South,Telangana,Hyderabad,34248.0,3,0.0,21339.06,Net Banking,Returned
ORD-10023,2025-05-22,CUST-1046,Amit Mishra,Home Appliances,Cooling,Air Cooler,South,Telangana,Hyderabad,30790.0,5,0.0,19053.19,Credit Card,Shipped
ORD-10024,2025-01-19,CUST-1379,Shweta Jain,Electronics,Monitors,LG Monitor,South,Kerala,Kochi,19687.8,1,0.05,15169.78,UPI,Delivered
ORD-10025,2025-10-14,CUST-1417,Meena Singh,Home Appliances,Kitchen,Mixer Grinder,South,Tamil Nadu,Chennai,16735.2,3,0.05,11157.38,UPI,Delivered
ORD-10026,2025-01-20,CUST-1482,Deepak Gupta,Furniture,Office Furniture,Office Chair,East,Odisha,Cuttack,20750.4,2,0.1,13895.52,UPI,Returned
ORD-10027,2025-05-23,CUST-1360,Ritu Yadav,Office Supplies,Stationery,Stapler,West,Maharashtra,Mumbai,567.0,3,0.0,424.76,Debit Card,Cancelled
ORD-10028,2025-06-10,CUST-1447,Meena Jain,Furniture,Storage,Filing Cabinet,North,Haryana,Panipat,16086.4,4,0.2,13374.13,Cash on Delivery,Cancelled
ORD-10029,2025-12-10,CUST-1202,Neha Yadav,Office Supplies,Equipment,Calculator,North,Punjab,Jalandhar,4152.6,3,0.1,3183.89,Debit Card,Delivered
ORD-10030,2025-12-23,CUST-1303,Nisha Singh,Furniture,Lighting,LED Desk Lamp,South,Kerala,Thiruvananthapuram,12976.0,4,0.0,8771.37,Credit Card,Delivered
ORD-10031,2025-10-24,CUST-1622,Priya Agarwal,Home Appliances,Cooling,Air Cooler,East,Jharkhand,Ranchi,8519.2,1,0.2,6525.4,Cash on Delivery,Delivered
ORD-10032,2025-02-17,CUST-1770,Deepak Kumar,Electronics,Laptops,Dell Laptop,South,Tamil Nadu,Chennai,186224.8,4,0.15,131029.68,Cash on Delivery,Delivered
ORD-10033,2025-12-23,CUST-1394,Sneha Yadav,Electronics,Laptops,ASUS Laptop,South,Tamil Nadu,Madurai,90441.6,2,0.2,64768.62,Cash on Delivery,Delivered
ORD-10034,2025-03-04,CUST-1468,Vikas Agarwal,Home Appliances,Kitchen,Electric Kettle,West,Madhya Pradesh,Indore,10234.8,4,0.1,8064.45,Debit Card,Returned
ORD-10035,2025-09-24,CUST-1497,Deepak Kumar,Furniture,Storage,Storage Cabinet,East,West Bengal,Siliguri,44547.0,3,0.0,28269.24,Credit Card,Delivered
ORD-10036,2025-12-22,CUST-1157,Manish Verma,Home Appliances,Cleaning,Vacuum Cleaner,East,Jharkhand,Jamshedpur,20201.1,2,0.15,16690.34,Cash on Delivery,Cancelled
ORD-10037,2025-01-11,CUST-1784,Shweta Yadav,Office Supplies,Paper,Copy Paper,East,West Bengal,Siliguri,2528.0,5,0.2,2022.32,Credit Card,Delivered
ORD-10038,2025-04-23,CUST-1280,Anjali Agarwal,Home Appliances,Cooling,Air Cooler,North,Haryana,Faridabad,25891.2,4,0.2,18992.0,Net Banking,Shipped
ORD-10039,2025-10-16,CUST-1679,Amit Verma,Furniture,Office Furniture,Office Desk,East,Bihar,Gaya,71158.8,4,0.05,50784.24,Debit Card,Returned
ORD-10040,2025-07-14,CUST-1285,Anjali Kumar,Electronics,Monitors,Dell Monitor,North,Haryana,Gurugram,11319.0,1,0.0,9478.56,Credit Card,Returned
ORD-10041,2025-01-11,CUST-1637,Vikas Gupta,Furniture,Storage,Storage Cabinet,South,Kerala,Kochi,20997.6,3,0.2,15786.24,UPI,Returned
ORD-10042,2025-03-25,CUST-1319,Rohit Patel,Home Appliances,Cleaning,Vacuum Cleaner,North,Punjab,Jalandhar,13965.0,1,0.05,8734.76,Debit Card,Returned
ORD-10043,2025-12-17,CUST-1615,Rohit Patel,Home Appliances,Cooling,Air Cooler,North,Punjab,Jalandhar,12860.1,1,0.1,7756.74,Net Banking,Returned
ORD-10044,2025-09-08,CUST-1109,Anjali Mishra,Furniture,Lighting,LED Desk Lamp,East,Bihar,Gaya,13617.0,5,0.15,9752.75,Cash on Delivery,Delivered
ORD-10045,2025-06-15,CUST-1252,Anil Kumar,Home Appliances,Cleaning,Vacuum Cleaner,East,Bihar,Gaya,39235.0,4,0.05,28323.26,Debit Card,Returned
ORD-10046,2025-05-13,CUST-1349,Arjun Patel,Electronics,Smartphones,Redmi Phone,West,Maharashtra,Pune,107129.6,4,0.05,82773.94,Net Banking,Delivered
ORD-10047,2025-01-09,CUST-1096,Varun Gupta,Office Supplies,Paper,Copy Paper,East,Bihar,Gaya,2019.2,4,0.2,1378.5,Net Banking,Delivered
ORD-10048,2025-06-06,CUST-1258,Deepak Verma,Furniture,Office Furniture,Office Chair,South,Telangana,Hyderabad,30496.0,4,0.2,25743.25,Cash on Delivery,Shipped
ORD-10049,2025-05-25,CUST-1103,Manish Kumar,Office Supplies,Stationery,Stapler,South,Telangana,Hyderabad,1255.5,5,0.1,767.59,UPI,Shipped
ORD-10050,2025-05-30,CUST-1715,Vikas Agarwal,Office Supplies,Paper,Copy Paper,North,Uttar Pradesh,Prayagraj,1611.2,4,0.05,1355.62,Debit Card,Returned
ORD-10051,2025-09-02,CUST-1117,Anil Yadav,Furniture,Office Furniture,Bookshelf,East,West Bengal,Kolkata,15375.75,3,0.05,9680.77,Net Banking,Shipped
ORD-10052,2025-11-02,CUST-1634,Deepak Jain,Office Supplies,Equipment,Paper Shredder,East,Jharkhand,Jamshedpur,20779.2,3,0.2,12780.4,UPI,Returned
ORD-10053,2025-04-17,CUST-1641,Manish Kumar,Furniture,Lighting,Table Lamp,North,Delhi,New Delhi,1377.0,2,0.15,981.29,Cash on Delivery,Delivered
ORD-10054,2025-05-30,CUST-1034,Deepak Kumar,Furniture,Storage,Filing Cabinet,West,Madhya Pradesh,Bhopal,22016.0,4,0.2,14446.95,Credit Card,Delivered
ORD-10055,2025-03-14,CUST-1074,Rahul Singh,Electronics,Accessories,Headphones,West,Goa,Margao,17166.6,3,0.15,14345.6,Cash on Delivery,Shipped
ORD-10056,2025-09-10,CUST-1449,Anil Patel,Office Supplies,Equipment,Paper Shredder,North,Haryana,Panipat,4510.6,1,0.05,3791.06,Cash on Delivery,Shipped
ORD-10057,2025-01-11,CUST-1784,Arjun Patel,Home Appliances,Cleaning,Vacuum Cleaner,North,Delhi,Delhi,51599.25,5,0.15,43460.18,Net Banking,Delivered
ORD-10058,2025-07-29,CUST-1342,Priya Verma,Home Appliances,Cleaning,Vacuum Cleaner,South,Telangana,Warangal,23804.25,5,0.15,14806.6,Debit Card,Delivered
ORD-10059,2025-03-01,CUST-1792,Pooja Jain,Home Appliances,Kitchen,Mixer Grinder,North,Rajasthan,Jodhpur,21852.0,5,0.2,17243.65,Net Banking,Returned
ORD-10060,2025-01-27,CUST-1209,Arjun Jain,Home Appliances,Kitchen,Mixer Grinder,South,Telangana,Warangal,21185.0,5,0.05,14356.81,UPI,Shipped
ORD-10061,2025-07-28,CUST-1096,Deepak Verma,Home Appliances,Cooling,Air Cooler,East,West Bengal,Kolkata,79006.5,5,0.1,55610.51,Net Banking,Delivered
ORD-10062,2025-05-05,CUST-1468,Nisha Singh,Electronics,Monitors,LG Monitor,East,Bihar,Patna,69219.9,3,0.1,55731.53,Debit Card,Cancelled
ORD-10063,2025-06-02,CUST-1602,Shweta Agarwal,Office Supplies,Paper,Copy Paper,South,Kerala,Thiruvananthapuram,1573.2,4,0.05,1329.66,Credit Card,Shipped
ORD-10064,2025-07-16,CUST-1240,Anjali Sharma,Home Appliances,Cooling,Air Cooler,West,Madhya Pradesh,Indore,25102.8,4,0.05,18213.91,Cash on Delivery,Delivered
ORD-10065,2025-02-21,CUST-1451,Rohit Jain,Home Appliances,Cooling,Air Cooler,East,West Bengal,Kolkata,12322.8,1,0.1,8436.69,Net Banking,Cancelled
ORD-10066,2025-02-11,CUST-1337,Nisha Yadav,Electronics,Smartphones,iPhone,West,Madhya Pradesh,Bhopal,207880.0,2,0.0,147281.5,UPI,Returned
ORD-10067,2025-11-21,CUST-1721,Rohit Agarwal,Electronics,Monitors,Dell Monitor,South,Telangana,Hyderabad,58714.2,3,0.1,41550.38,Credit Card,Shipped
ORD-10068,2025-07-30,CUST-1580,Sanjay Singh,Home Appliances,Cooling,Air Cooler,South,Karnataka,Mangaluru,59105.2,4,0.05,38894.01,Debit Card,Delivered
ORD-10069,2025-05-11,CUST-1683,Amit Agarwal,Home Appliances,Cleaning,Vacuum Cleaner,West,Gujarat,Ahmedabad,30929.8,4,0.15,25094.15,Credit Card,Delivered
ORD-10070,2025-09-05,CUST-1110,Deepak Yadav,Electronics,Accessories,Mouse,West,Goa,Margao,2818.0,1,0.0,2332.33,Net Banking,Returned
ORD-10071,2025-05-27,CUST-1795,Deepak Patel,Furniture,Lighting,LED Desk Lamp,West,Gujarat,Vadodara,7146.0,2,0.0,5901.53,UPI,Delivered
ORD-10072,2025-08-14,CUST-1035,Shweta Mishra,Office Supplies,Equipment,Paper Shredder,South,Karnataka,Mysuru,10723.6,2,0.05,8542.72,Debit Card,Shipped
ORD-10073,2025-09-14,CUST-1280,Sanjay Kumar,Electronics,Accessories,Keyboard,East,Odisha,Cuttack,7389.1,2,0.05,6022.38,Net Banking,Returned
ORD-10074,2025-10-13,CUST-1375,Anil Yadav,Electronics,Accessories,Mouse,North,Punjab,Jalandhar,7379.7,3,0.15,5945.12,Debit Card,Delivered
ORD-10075,2025-12-12,CUST-1240,Sneha Sharma,Electronics,Accessories,Headphones,West,Gujarat,Vadodara,16110.9,3,0.15,10136.48,UPI,Delivered
ORD-10076,2025-06-05,CUST-1505,Rohit Verma,Home Appliances,Cleaning,Vacuum Cleaner,South,Andhra Pradesh,Vijayawada,47464.0,5,0.2,37286.16,Credit Card,Delivered
ORD-10077,2025-12-02,CUST-1102,Sneha Patel,Office Supplies,Stationery,Pen Set,East,Odisha,Bhubaneswar,1227.6,4,0.1,767.05,Debit Card,Shipped
ORD-10078,2025-11-27,CUST-1368,Rahul Yadav,Home Appliances,Kitchen,Electric Kettle,West,Gujarat,Ahmedabad,6890.0,2,0.0,4221.12,Debit Card,Delivered
ORD-10079,2025-03-06,CUST-1579,Manish Verma,Furniture,Storage,Filing Cabinet,South,Andhra Pradesh,Vijayawada,22707.0,5,0.1,18497.16,Credit Card,Delivered
ORD-10080,2025-10-04,CUST-1257,Sanjay Verma,Office Supplies,Stationery,Stapler,North,Delhi,New Delhi,473.1,3,0.05,315.25,Credit Card,Cancelled
ORD-10081,2025-08-04,CUST-1539,Rohit Verma,Electronics,Accessories,Headphones,East,Jharkhand,Jamshedpur,12076.0,2,0.0,9441.15,Cash on Delivery,Delivered
ORD-10082,2025-08-23,CUST-1659,Amit Sharma,Electronics,Accessories,Headphones,East,Jharkhand,Jamshedpur,6408.0,4,0.0,4360.82,Credit Card,Delivered
ORD-10083,2025-03-06,CUST-1282,Meena Patel,Home Appliances,Cooling,Air Cooler,West,Madhya Pradesh,Indore,17497.0,1,0.0,14228.53,Cash on Delivery,Cancelled
ORD-10084,2025-04-21,CUST-1441,Kavita Gupta,Home Appliances,Cleaning,Vacuum Cleaner,East,Odisha,Cuttack,32378.4,3,0.1,24810.82,Debit Card,Delivered
ORD-10085,2025-12-18,CUST-1486,Anil Verma,Electronics,Monitors,Dell Monitor,North,Uttar Pradesh,Noida,47860.0,5,0.2,40162.01,Cash on Delivery,Delivered
ORD-10086,2025-12-10,CUST-1126,Anjali Mishra,Office Supplies,Paper,Printer Paper,East,West Bengal,Siliguri,2417.75,5,0.05,1544.17,Net Banking,Delivered
ORD-10087,2025-02-25,CUST-1359,Nisha Mishra,Furniture,Storage,Filing Cabinet,North,Punjab,Jalandhar,70996.5,5,0.1,43111.79,Debit Card,Cancelled
ORD-10088,2025-06-08,CUST-1348,Neha Sharma,Home Appliances,Kitchen,Mixer Grinder,South,Tamil Nadu,Madurai,2600.8,1,0.2,1700.36,Net Banking,Delivered
ORD-10089,2025-06-24,CUST-1162,Neha Kumar,Furniture,Office Furniture,Bookshelf,West,Maharashtra,Mumbai,4802.4,1,,3413.44,Net Banking,Delivered
ORD-10090,2025-11-07,CUST-1453,Anjali Kumar,Office Supplies,Paper,Printer Paper,South,Andhra Pradesh,Vijayawada,1432.8,3,0.2,1033.99,Debit Card,Delivered
ORD-10091,2025-04-23,CUST-1405,Meena Sharma,Furniture,Office Furniture,Office Desk,North,Delhi,Delhi,56253.0,3,0.0,33860.51,Net Banking,Delivered
ORD-10092,2025-03-08,CUST-1390,Nisha Gupta,Electronics,Accessories,Keyboard,West,Maharashtra,Nashik,4024.8,4,0.1,2994.21,Cash on Delivery,Delivered
ORD-10093,2025-12-30,CUST-1656,Anjali Kumar,Office Supplies,Stationery,Stapler,North,Haryana,Gurugram,2080.0,4,0.0,1475.09,UPI,Delivered
ORD-10094,2025-08-12,CUST-1604,Pooja Jain,Office Supplies,Stationery,Pen Set,North,Haryana,Faridabad,284.8,2,0.2,215.97,Cash on Delivery,Shipped
ORD-10095,2025-04-10,CUST-1795,Neha Mishra,Furniture,Storage,Filing Cabinet,South,Tamil Nadu,Chennai,28251.1,2,0.05,22319.89,UPI,Delivered
ORD-10096,2025-11-18,CUST-1506,Kavita Patel,Furniture,Storage,Filing Cabinet,East,Odisha,Cuttack,44082.0,4,0.1,35225.15,Cash on Delivery,Delivered
ORD-10097,2025-06-30,CUST-1520,Anil Kumar,Electronics,Monitors,LG Monitor,East,Jharkhand,Ranchi,9566.4,1,0.2,7160.64,Net Banking,Delivered
ORD-10098,2025-10-25,CUST-1568,Rahul Agarwal,Furniture,Office Furniture,Office Desk,South,Telangana,Warangal,19253.0,1,0.0,13980.32,Credit Card,Delivered
ORD-10099,2025-05-07,CUST-1725,Kavita Agarwal,Office Supplies,Paper,Copy Paper,South,Telangana,Warangal,1432.8,3,0.2,878.44,Debit Card,Delivered
ORD-10100,2025-06-18,CUST-1097,Nisha Yadav,Office Supplies,Stationery,Stapler,West,Goa,Panaji,914.4,2,0.1,769.86,Net Banking,Delivered
ORD-10101,2025-11-01,CUST-1726,Anil Kumar,Electronics,Accessories,Headphones,East,Odisha,Bhubaneswar,3102.3,3,0.1,2100.93,Credit Card,Delivered
ORD-10102,2025-09-06,CUST-1197,Deepak Singh,Electronics,Laptops,Lenovo Laptop,South,Karnataka,Mysuru,194352.0,5,0.2,134915.27,Credit Card,Delivered
ORD-10103,2025-12-21,CUST-1790,Meena Singh,Office Supplies,Equipment,Calculator,East,West Bengal,Siliguri,6300.0,4,0.1,4965.02,Net Banking,Delivered
ORD-10104,2025-10-01,CUST-1245,Varun Agarwal,Home Appliances,Cleaning,Vacuum Cleaner,South,Telangana,Warangal,57974.25,5,0.15,48789.22,Credit Card,Returned
ORD-10105,2025-11-06,CUST-1142,Arjun Sharma,Electronics,Monitors,Dell Monitor,East,Odisha,Bhubaneswar,32194.6,2,0.15,26603.25,Credit Card,Returned
ORD-10106,2025-08-12,CUST-1094,Deepak Agarwal,Electronics,Accessories,Headphones,West,Maharashtra,Nashik,7474.05,3,0.15,6342.71,Debit Card,Delivered
ORD-10107,2025-01-15,CUST-1327,Rohit Mishra,Office Supplies,Paper,Printer Paper,South,Tamil Nadu,Chennai,1532.8,4,0.2,921.69,UPI,Delivered
ORD-10108,2025-05-12,CUST-1221,Vikas Jain,Furniture,Storage,Filing Cabinet,East,West Bengal,Siliguri,7570.1,1,0.15,5751.29,Cash on Delivery,Delivered
ORD-10109,2025-02-02,CUST-1114,Sneha Patel,Furniture,Lighting,Table Lamp,North,Rajasthan,Kota,7674.0,3,0.0,5783.91,Credit Card,Shipped
ORD-10110,2025-08-02,CUST-1192,Anil Jain,Home Appliances,Cleaning,Vacuum Cleaner,West,Maharashtra,Mumbai,40017.6,4,0.1,31487.01,Debit Card,Returned
ORD-10111,2025-02-04,CUST-1354,Deepak Verma,Office Supplies,Equipment,Paper Shredder,West,Gujarat,Ahmedabad,18363.4,2,0.15,15520.83,Net Banking,Cancelled
ORD-10112,2025-04-04,CUST-1139,Anil Agarwal,Electronics,Smartphones,Samsung Galaxy,North,Punjab,Ludhiana,91970.4,3,0.2,64338.45,Cash on Delivery,Delivered
ORD-10113,2025-05-10,CUST-1038,Manish Kumar,Office Supplies,Stationery,Pen Set,West,Maharashtra,Nagpur,1730.6,4,0.15,1425.42,Net Banking,Delivered
ORD-10114,2025-04-06,CUST-1509,Sneha Mishra,Electronics,Accessories,Headphones,West,Maharashtra,Nashik,9842.4,2,0.1,6695.81,UPI,Delivered
ORD-10115,2025-12-05,CUST-1303,Varun Agarwal,Office Supplies,Paper,Printer Paper,East,Bihar,Gaya,1438.2,3,0.15,961.64,UPI,Delivered
ORD-10116,2025-12-10,CUST-1653,Pooja Mishra,Home Appliances,Kitchen,Mixer Grinder,South,Karnataka,Bengaluru,3989.7,1,0.1,2755.04,Cash on Delivery,Delivered
ORD-10117,2025-11-06,CUST-1158,Kavita Mishra,Furniture,Lighting,LED Desk Lamp,West,Madhya Pradesh,Bhopal,8233.2,4,0.1,5453.7,UPI,Delivered
ORD-10118,2025-04-06,CUST-1512,Ritu Yadav,Home Appliances,Kitchen,Electric Kettle,North,Punjab,Amritsar,8581.35,3,0.05,5411.91,UPI,Delivered
ORD-10119,2025-03-30,CUST-1731,Kavita Verma,Office Supplies,Paper,Printer Paper,West,Goa,Panaji,1180.8,2,0.1,858.66,UPI,Delivered
ORD-10120,2025-03-13,CUST-1243,Sneha Sharma,Furniture,Lighting,Table Lamp,West,Goa,Margao,1756.1,1,0.15,1492.51,Net Banking,Shipped
ORD-10121,2025-07-30,CUST-1788,Anjali Patel,Electronics,Accessories,Mouse,North,Delhi,Delhi,9077.25,5,0.05,7438.72,Cash on Delivery,Cancelled
ORD-10122,2025-10-28,CUST-1187,Vikas Yadav,Furniture,Storage,Filing Cabinet,North,Uttar Pradesh,Prayagraj,19543.4,2,0.05,13416.66,Cash on Delivery,Delivered
ORD-10123,2025-02-10,CUST-1257,Manish Jain,Office Supplies,Equipment,Calculator,West,Gujarat,Vadodara,8607.0,5,0.05,6437.62,Cash on Delivery,Delivered
ORD-10124,2025-03-29,CUST-1675,Meena Patel,Electronics,Laptops,Lenovo Laptop,West,Maharashtra,Mumbai,107681.6,2,0.2,81810.86,Net Banking,Cancelled
ORD-10125,2025-10-07,CUST-1297,Varun Agarwal,Home Appliances,Kitchen,Electric Kettle,South,Kerala,Thiruvananthapuram,1399.95,1,0.15,985.43,Net Banking,Delivered
ORD-10126,2025-06-24,CUST-1622,Vikas Mishra,Furniture,Storage,Filing Cabinet,West,Goa,Margao,22848.0,3,0.15,14408.65,Net Banking,Delivered
ORD-10127,2025-03-14,CUST-1100,Rahul Kumar,Furniture,Storage,Storage Cabinet,East,Jharkhand,Ranchi,14637.0,2,0.15,12426.7,Net Banking,Delivered
ORD-10128,2025-06-07,CUST-1510,Amit Verma,Furniture,Lighting,LED Desk Lamp,East,Jharkhand,Ranchi,1086.3,1,0.1,786.18,Net Banking,Delivered
ORD-10129,2025-10-02,CUST-1009,Rohit Yadav,Home Appliances,Cleaning,Vacuum Cleaner,South,Telangana,Warangal,18681.6,4,0.2,13832.87,Debit Card,Shipped
ORD-10130,2025-05-28,CUST-1076,Pooja Jain,Furniture,Office Furniture,Office Desk,East,Odisha,Bhubaneswar,45866.4,3,0.2,38286.39,Credit Card,Delivered
ORD-10131,2025-11-05,CUST-1522,Pooja Jain,Furniture,Lighting,LED Desk Lamp,North,Uttar Pradesh,Lucknow,10631.8,4,0.15,6774.96,Cash on Delivery,Delivered
ORD-10132,2025-06-17,CUST-1628,Priya Singh,Home Appliances,Cooling,Air Cooler,East,Odisha,Cuttack,22579.2,4,0.1,15417.3,UPI,Delivered
ORD-10133,2025-10-26,CUST-1316,Amit Patel,Electronics,Accessories,Keyboard,East,Odisha,Bhubaneswar,13504.0,5,0.2,10717.47,Net Banking,Delivered
ORD-10134,2025-12-15,CUST-1249,Rahul Patel,Home Appliances,Cleaning,Vacuum Cleaner,North,Delhi,New Delhi,22353.5,2,0.05,15705.44,Cash on Delivery,Delivered
ORD-10135,2025-02-01,CUST-1723,Vikas Jain,Home Appliances,Cooling,Air Cooler,South,Andhra Pradesh,Visakhapatnam,22534.35,3,0.15,18659.14,Debit Card,Shipped
ORD-10136,2025-07-01,CUST-1693,Arjun Patel,Office Supplies,Equipment,Paper Shredder,East,Bihar,Patna,21081.6,2,0.1,16713.36,Credit Card,Cancelled
ORD-10137,2025-12-27,CUST-1501,Priya Agarwal,Electronics,Accessories,Mouse,West,Goa,Margao,2967.3,3,0.1,1811.59,UPI,Delivered
ORD-10138,2025-08-15,CUST-1672,Arjun Agarwal,Office Supplies,Equipment,Paper Shredder,South,Tamil Nadu,Madurai,7830.4,2,0.2,6148.61,Credit Card,Delivered
ORD-10139,2025-01-26,CUST-1686,Ritu Gupta,Home Appliances,Cleaning,Vacuum Cleaner,South,Karnataka,Bengaluru,7252.0,1,0.0,6099.87,Credit Card,Delivered
ORD-10140,2025-12-01,CUST-1488,Sneha Gupta,Electronics,Laptops,Dell Laptop,West,Goa,Margao,249109.0,5,0.05,175490.13,Credit Card,Delivered
ORD-10141,2025-07-23,CUST-1508,Sanjay Kumar,Electronics,Monitors,LG Monitor,North,Uttar Pradesh,Varanasi,85766.4,4,0.2,62050.11,Credit Card,Returned
ORD-10142,2025-09-16,CUST-1480,Arjun Gupta,Home Appliances,Cooling,Air Cooler,North,Punjab,Ludhiana,11214.0,2,0.1,8945.32,Cash on Delivery,Cancelled
ORD-10143,2025-04-09,CUST-1180,Meena Yadav,Home Appliances,Cooling,Air Cooler,East,Odisha,Bhubaneswar,14115.1,2,0.15,9610.98,Credit Card,Delivered
ORD-10144,2025-05-14,CUST-1393,Deepak Agarwal,Electronics,Monitors,Samsung Monitor,West,Goa,Margao,93195.0,3,0.05,57364.42,UPI,Delivered
ORD-10145,2025-06-07,CUST-1164,Pooja Jain,Office Supplies,Equipment,Calculator,West,Maharashtra,Nagpur,4674.0,2,0.05,3363.16,Net Banking,Cancelled
ORD-10146,2025-11-07,CUST-1383,Anjali Jain,Electronics,Accessories,Headphones,East,Bihar,Patna,3933.6,3,0.2,2470.51,Cash on Delivery,Shipped
ORD-10147,2025-04-14,CUST-1587,Nisha Singh,Electronics,Smartphones,Redmi Phone,South,Telangana,Warangal,22714.55,1,0.15,18221.0,Net Banking,Delivered
ORD-10148,2025-09-20,CUST-1426,Kavita Patel,Office Supplies,Equipment,Calculator,North,Rajasthan,Jodhpur,4084.0,4,0.0,3211.87,Cash on Delivery,Delivered
ORD-10149,2025-01-24,CUST-1434,Neha Verma,Electronics,Monitors,LG Monitor,North,Uttar Pradesh,Noida,22842.9,2,0.15,15844.18,Net Banking,Delivered
ORD-10150,2025-07-13,CUST-1385,Anil Jain,Furniture,Lighting,LED Desk Lamp,South,Telangana,Hyderabad,7224.75,5,0.05,5842.69,UPI,Delivered
ORD-10151,2025-08-26,CUST-1690,Nisha Yadav,Home Appliances,Cleaning,Vacuum Cleaner,East,Bihar,Patna,24264.0,3,0.0,14753.83,Net Banking,Shipped
ORD-10152,2025-01-09,CUST-1247,Manish Verma,Home Appliances,Cooling,Air Cooler,North,Rajasthan,Jaipur,11430.8,2,0.15,8112.9,Cash on Delivery,Delivered
ORD-10153,2025-01-29,CUST-1144,Ritu Kumar,Office Supplies,Stationery,Pen Set,South,Andhra Pradesh,Visakhapatnam,1241.6,2,0.2,813.57,Debit Card,Delivered
ORD-10154,2025-02-01,CUST-1571,Shweta Singh,Office Supplies,Equipment,Paper Shredder,East,Jharkhand,Ranchi,28096.75,5,0.15,19725.74,Debit Card,Delivered
ORD-10155,2025-04-05,CUST-1773,Nisha Agarwal,Furniture,Storage,Filing Cabinet,South,Tamil Nadu,Coimbatore,49984.25,5,0.15,36954.44,Credit Card,Delivered
ORD-10156,2025-05-05,CUST-1262,Manish Mishra,Electronics,Smartphones,Samsung Galaxy,North,Haryana,Faridabad,102523.2,3,0.2,76967.29,UPI,Delivered
ORD-10157,2025-10-28,CUST-1742,Nisha Gupta,Office Supplies,Stationery,Notebook,East,Bihar,Gaya,958.0,2,0.0,753.68,Net Banking,Delivered
ORD-10158,2025-12-23,CUST-1619,Manish Yadav,Office Supplies,Paper,Copy Paper,South,Andhra Pradesh,Visakhapatnam,2619.0,5,0.1,1773.34,Debit Card,Shipped
ORD-10159,2025-09-12,CUST-1478,Rohit Agarwal,Office Supplies,Paper,Printer Paper,West,Gujarat,Surat,3287.0,5,0.05,2581.32,UPI,Delivered
ORD-10160,2025-10-11,CUST-1599,Shweta Yadav,Office Supplies,Stationery,Pen Set,West,Gujarat,Ahmedabad,1491.75,5,0.15,1100.41,Debit Card,Delivered
ORD-10161,2025-09-08,CUST-1741,Sneha Agarwal,Furniture,Lighting,LED Desk Lamp,South,Telangana,Hyderabad,6440.0,2,0.0,4707.55,UPI,Returned
ORD-10162,2025-12-09,CUST-1050,Amit Yadav,Furniture,Office Furniture,Office Chair,South,Tamil Nadu,Chennai,56119.5,5,0.1,34519.81,Cash on Delivery,Delivered
ORD-10163,2025-12-04,CUST-1500,Amit Sharma,Office Supplies,Equipment,Paper Shredder,East,West Bengal,Kolkata,6896.9,1,0.15,5528.15,Credit Card,Delivered
ORD-10164,2025-02-19,CUST-1537,Vikas Gupta,Office Supplies,Paper,Copy Paper,South,Andhra Pradesh,Visakhapatnam,374.85,1,0.15,267.92,Credit Card,Cancelled
ORD-10165,2025-04-26,CUST-1308,Anil Sharma,Home Appliances,Cooling,Air Cooler,North,Haryana,Faridabad,16432.0,1,0.0,12746.49,UPI,Delivered
ORD-10166,2025-08-11,CUST-1661,Priya Patel,Furniture,Office Furniture,Bookshelf,North,Rajasthan,Jaipur,53055.0,5,0.1,32450.59,UPI,Cancelled
ORD-10167,2025-05-24,CUST-1557,Shweta Sharma,Furniture,Lighting,Table Lamp,South,Telangana,Hyderabad,4014.0,4,0.1,2571.42,Credit Card,Shipped
ORD-10168,2025-07-19,CUST-1694,Nisha Mishra,Office Supplies,Stationery,Notebook,East,Bihar,Patna,872.0,4,0.0,597.45,Cash on Delivery,Shipped
ORD-10169,2025-07-23,CUST-1793,Priya Sharma,Furniture,Storage,Storage Cabinet,West,Madhya Pradesh,Indore,28937.6,4,0.2,22142.12,UPI,Returned
ORD-10170,2025-11-13,CUST-1303,Deepak Verma,Home Appliances,Cooling,Air Cooler,North,Punjab,Ludhiana,40276.8,4,0.1,25238.96,UPI,Delivered
ORD-10171,2025-08-16,CUST-1369,Arjun Verma,Home Appliances,Cleaning,Vacuum Cleaner,South,Karnataka,Bengaluru,5430.0,1,0.0,3738.44,UPI,Shipped
ORD-10172,2025-11-03,CUST-1333,Pooja Sharma,Electronics,Smartphones,OnePlus Phone,West,Madhya Pradesh,Indore,137210.4,4,0.05,91550.86,Debit Card,Delivered
ORD-10173,2025-03-16,CUST-1065,Sanjay Yadav,Home Appliances,Kitchen,Microwave,West,Madhya Pradesh,Indore,28152.0,3,0.15,21070.41,Credit Card,Delivered
ORD-10174,2025-02-24,CUST-1139,Varun Sharma,Office Supplies,Paper,Copy Paper,East,Odisha,Cuttack,1865.6,4,0.2,1182.85,Debit Card,Shipped
ORD-10175,2025-12-22,CUST-1206,Sneha Mishra,Office Supplies,Equipment,Paper Shredder,South,Kerala,Thiruvananthapuram,49423.75,5,0.05,33680.88,Debit Card,Returned
ORD-10176,2025-07-21,CUST-1374,Rohit Patel,Electronics,Accessories,Headphones,South,Andhra Pradesh,Vijayawada,8263.8,2,0.1,6675.67,UPI,Returned
ORD-10177,2025-07-29,CUST-1690,Sneha Singh,Furniture,Lighting,LED Desk Lamp,West,Gujarat,Surat,4426.8,4,0.15,3752.49,Net Banking,Shipped
ORD-10178,2025-07-25,CUST-1548,Ritu Yadav,Electronics,Laptops,Dell Laptop,North,Punjab,Jalandhar,146162.4,3,0.2,89316.07,Net Banking,Returned
ORD-10179,2025-06-19,CUST-1441,Rohit Sharma,Furniture,Storage,Storage Cabinet,North,Punjab,Ludhiana,43475.2,4,0.2,33589.34,Credit Card,Delivered
ORD-10180,2025-01-13,CUST-1495,Rohit Kumar,Furniture,Storage,Storage Cabinet,East,West Bengal,Kolkata,38361.0,3,0.05,28014.22,Debit Card,Delivered
ORD-10181,2025-02-19,CUST-1449,Kavita Mishra,Electronics,Laptops,Lenovo Laptop,North,Punjab,Ludhiana,48232.45,1,0.05,35161.38,Cash on Delivery,Delivered
ORD-10182,2025-06-19,CUST-1574,Anjali Agarwal,Furniture,Lighting,LED Desk Lamp,South,Kerala,Kochi,3580.8,4,0.2,2939.03,Net Banking,Shipped
ORD-10183,2025-08-08,CUST-1399,Amit Gupta,Electronics,Smartphones,iPhone,South,Telangana,Hyderabad,173183.25,3,0.15,108843.72,Net Banking,Shipped
ORD-10184,2025-11-24,CUST-1321,Meena Yadav,Office Supplies,Paper,Printer Paper,East,West Bengal,Siliguri,1353.6,3,0.2,840.84,Credit Card,Delivered
ORD-10185,2025-03-02,CUST-1245,Varun Verma,Home Appliances,Cleaning,Vacuum Cleaner,South,Telangana,Hyderabad,47965.5,5,0.15,31006.74,Cash on Delivery,Cancelled
ORD-10186,2025-11-27,CUST-1178,Nisha Singh,Furniture,Storage,Storage Cabinet,East,Odisha,Bhubaneswar,30951.0,5,0.1,25935.72,Net Banking,Delivered
ORD-10187,2025-04-10,CUST-1394,Nisha Jain,Home Appliances,Cooling,Air Cooler,East,Jharkhand,Jamshedpur,34960.0,4,0.0,25917.58,Credit Card,Delivered
ORD-10188,2025-01-17,CUST-1282,Deepak Jain,Home Appliances,Cooling,Air Cooler,West,Gujarat,Surat,35419.5,5,0.1,28115.23,Debit Card,Shipped
ORD-10189,2025-01-22,CUST-1779,Kavita Jain,Furniture,Storage,Filing Cabinet,South,Kerala,Kochi,33498.0,4,0.1,27319.29,UPI,Delivered
ORD-10190,2025-03-02,CUST-1795,Deepak Gupta,Furniture,Office Furniture,Office Chair,West,Madhya Pradesh,Bhopal,12906.0,1,0.1,9461.0,Cash on Delivery,Shipped
ORD-10191,2025-03-28,CUST-1332,Varun Kumar,Home Appliances,Kitchen,Microwave,West,Maharashtra,Pune,17430.6,2,0.05,11095.64,Debit Card,Returned
ORD-10192,2025-05-07,CUST-1780,Pooja Agarwal,Home Appliances,Cleaning,Vacuum Cleaner,South,Andhra Pradesh,Visakhapatnam,5546.25,1,0.15,4042.68,Debit Card,Cancelled
ORD-10193,2025-07-08,CUST-1466,Sneha Mishra,Office Supplies,Stationery,Stapler,North,Uttar Pradesh,Noida,1268.2,4,0.15,1022.44,Net Banking,Delivered
ORD-10194,2025-06-15,CUST-1291,Priya Jain,Office Supplies,Equipment,Calculator,South,Andhra Pradesh,Visakhapatnam,597.55,1,0.15,360.96,Credit Card,Delivered
ORD-10195,2025-08-22,CUST-1001,Anjali Gupta,Office Supplies,Stationery,Stapler,South,Telangana,Hyderabad,1218.0,3,0.0,844.03,Credit Card,Delivered
ORD-10196,2025-07-22,CUST-1641,Varun Gupta,Electronics,Smartphones,Redmi Phone,East,West Bengal,Kolkata,11478.4,1,0.2,7536.12,Net Banking,Delivered
ORD-10197,2025-01-05,CUST-1713,Priya Verma,Electronics,Smartphones,Redmi Phone,East,Bihar,Gaya,13356.0,1,0.0,9059.88,Debit Card,Delivered
ORD-10198,2025-07-15,CUST-1793,Vikas Singh,Electronics,Smartphones,Redmi Phone,North,Rajasthan,Kota,48395.85,3,0.05,40167.27,Cash on Delivery,Cancelled
ORD-10199,2025-08-15,CUST-1223,Anil Verma,Home Appliances,Cleaning,Vacuum Cleaner,South,Karnataka,Mangaluru,20776.5,3,0.05,13904.5,UPI,Delivered
ORD-10200,2025-10-11,CUST-1616,Meena Patel,Furniture,Lighting,Table Lamp,West,Maharashtra,Nagpur,8040.0,4,0.0,6399.44,Credit Card,Delivered
ORD-10201,2025-07-17,CUST-1116,Deepak Agarwal,Office Supplies,Paper,Printer Paper,North,Rajasthan,Jaipur,2208.0,4,0.2,1557.12,Cash on Delivery,Cancelled
ORD-10202,2025-03-30,CUST-1782,Sneha Verma,Electronics,Monitors,Dell Monitor,North,Rajasthan,Jaipur,10183.85,1,0.15,7400.12,Cash on Delivery,Returned
ORD-10203,2025-08-01,CUST-1434,Pooja Verma,Office Supplies,Stationery,Stapler,South,Telangana,Hyderabad,494.4,2,0.2,337.03,Cash on Delivery,Cancelled
ORD-10204,2025-11-29,CUST-1698,Anil Kumar,Furniture,Office Furniture,Office Desk,East,Bihar,Patna,18284.8,1,0.2,13753.97,Debit Card,Cancelled
ORD-10205,2025-12-03,CUST-1759,Sanjay Verma,Furniture,Storage,Storage Cabinet,North,Delhi,New Delhi,65133.0,5,0.1,41798.5,Credit Card,Cancelled
ORD-10206,2025-05-18,CUST-1751,Rohit Sharma,Electronics,Monitors,Samsung Monitor,West,Madhya Pradesh,Indore,152810.0,5,0.0,110640.08,Cash on Delivery,Delivered
ORD-10207,2025-01-29,CUST-1512,Shweta Singh,Electronics,Laptops,Dell Laptop,West,Gujarat,Surat,250840.0,5,0.0,204352.39,UPI,Delivered
ORD-10208,2025-01-24,CUST-1484,Neha Yadav,Home Appliances,Kitchen,Microwave,South,Tamil Nadu,Chennai,24874.2,2,0.1,16611.35,UPI,Shipped
ORD-10209,2025-07-10,CUST-1123,Ritu Sharma,Electronics,Accessories,Keyboard,South,Tamil Nadu,Madurai,7041.6,4,0.1,4801.14,Cash on Delivery,Delivered
ORD-10210,2025-01-05,CUST-1378,Manish Kumar,Office Supplies,Equipment,Paper Shredder,West,Gujarat,Surat,16000.0,2,0.2,12641.93,Credit Card,Delivered
ORD-10211,2025-01-04,CUST-1420,Amit Gupta,Electronics,Accessories,Headphones,West,Maharashtra,Nagpur,5275.35,3,0.05,3863.95,Credit Card,Delivered
ORD-10212,2025-09-09,CUST-1062,Vikas Kumar,Home Appliances,Cooling,Air Cooler,North,Uttar Pradesh,Kanpur,23651.2,4,0.2,14755.85,Credit Card,Cancelled
ORD-10213,2025-07-21,CUST-1077,Shweta Patel,Furniture,Office Furniture,Office Desk,North,Haryana,Panipat,46721.1,3,0.15,36217.33,Debit Card,Delivered
ORD-10214,2025-08-20,CUST-1279,Deepak Verma,Electronics,Smartphones,Samsung Galaxy,South,Tamil Nadu,Madurai,80685.4,2,0.15,54745.72,UPI,Shipped
ORD-10215,2025-07-03,CUST-1789,Manish Agarwal,Electronics,Laptops,Dell Laptop,West,Madhya Pradesh,Indore,150032.55,3,0.05,121373.51,Debit Card,Delivered
ORD-10216,2025-02-16,CUST-1729,Deepak Mishra,Office Supplies,Stationery,Notebook,East,West Bengal,Siliguri,1059.2,4,0.2,833.61,Credit Card,Delivered
ORD-10217,2025-08-25,CUST-1105,Vikas Verma,Furniture,Office Furniture,Office Desk,North,Uttar Pradesh,Kanpur,25807.2,3,0.2,19265.84,UPI,Delivered
ORD-10218,2025-02-03,CUST-1203,Kavita Singh,Electronics,Accessories,Keyboard,North,Punjab,Ludhiana,5355.0,2,0.15,4313.03,Net Banking,Delivered
ORD-10219,2025-01-16,CUST-1392,Anjali Singh,Office Supplies,Paper,Copy Paper,West,Gujarat,Ahmedabad,427.2,2,0.2,322.45,Credit Card,Cancelled
ORD-10220,2025-06-01,CUST-1511,Anjali Jain,Office Supplies,Paper,Printer Paper,East,West Bengal,Kolkata,1126.4,4,0.2,746.0,Cash on Delivery,Returned
ORD-10221,2025-01-10,CUST-1392,Neha Agarwal,Home Appliances,Cleaning,Vacuum Cleaner,East,Odisha,Cuttack,8179.2,1,0.2,5355.37,Debit Card,Delivered
ORD-10222,2025-08-30,CUST-1543,Neha Patel,Furniture,Lighting,Table Lamp,South,Tamil Nadu,Chennai,8955.0,3,0.0,7083.52,Credit Card,Shipped
ORD-10223,2025-07-18,CUST-1364,Sanjay Singh,Office Supplies,Equipment,Calculator,South,Andhra Pradesh,Visakhapatnam,5856.0,3,0.2,4338.72,Cash on Delivery,Delivered
ORD-10224,2025-09-10,CUST-1556,Varun Singh,Electronics,Smartphones,OnePlus Phone,East,West Bengal,Kolkata,50575.85,1,0.15,30354.15,Cash on Delivery,Delivered
ORD-10225,2025-03-08,CUST-1349,Sanjay Mishra,Furniture,Office Furniture,Bookshelf,North,Uttar Pradesh,Kanpur,14007.6,3,0.1,10871.78,Net Banking,Shipped
ORD-10226,2025-02-21,CUST-1345,Varun Mishra,Home Appliances,Cooling,Air Cooler,South,Tamil Nadu,Madurai,21249.6,3,0.2,16434.23,Cash on Delivery,Returned
ORD-10227,2025-07-02,CUST-1229,Shweta Singh,Furniture,Office Furniture,Bookshelf,East,Odisha,Cuttack,11377.25,1,0.15,9246.17,Cash on Delivery,Delivered
ORD-10228,2025-04-04,CUST-1617,Priya Patel,Home Appliances,Kitchen,Microwave,South,Andhra Pradesh,Vijayawada,9809.1,1,0.1,8294.53,Credit Card,Cancelled
ORD-10229,2025-02-15,CUST-1726,Priya Agarwal,Furniture,Lighting,Table Lamp,North,Punjab,Ludhiana,5553.0,3,0.0,4331.91,UPI,Delivered
ORD-10230,2025-08-13,CUST-1751,Anjali Singh,Office Supplies,Equipment,Paper Shredder,East,Jharkhand,Jamshedpur,9170.65,1,0.15,7310.68,Cash on Delivery,Cancelled
ORD-10231,2025-12-18,CUST-1231,Sanjay Agarwal,Electronics,Monitors,LG Monitor,North,Uttar Pradesh,Varanasi,10287.9,1,0.1,6610.25,Net Banking,Delivered
ORD-10232,2025-02-08,CUST-1561,Anil Mishra,Furniture,Lighting,LED Desk Lamp,East,West Bengal,Siliguri,2438.0,2,0.0,1664.6,Credit Card,Delivered
ORD-10233,2025-12-23,CUST-1568,Nisha Kumar,Electronics,Laptops,ASUS Laptop,West,Goa,Panaji,366576.5,5,0.05,224940.95,UPI,Delivered
ORD-10234,2025-02-14,CUST-1302,Meena Agarwal,Furniture,Office Furniture,Bookshelf,South,Karnataka,Bengaluru,13622.1,3,0.15,11046.74,Debit Card,Returned
ORD-10235,2025-07-23,CUST-1483,Sneha Kumar,Furniture,Storage,Storage Cabinet,North,Rajasthan,Jodhpur,23092.8,3,0.15,14113.26,Net Banking,Delivered
ORD-10236,2025-05-15,CUST-1232,Arjun Patel,Electronics,Monitors,Samsung Monitor,North,Delhi,New Delhi,111318.4,4,0.2,73122.63,UPI,Returned
ORD-10237,2025-07-18,CUST-1536,Anjali Jain,Office Supplies,Stationery,Pen Set,East,Bihar,Gaya,491.2,1,0.2,405.3,Cash on Delivery,Cancelled
ORD-10238,2025-11-14,CUST-1151,Rohit Agarwal,Furniture,Office Furniture,Office Chair,South,Tamil Nadu,Chennai,21362.2,4,0.15,13895.68,Credit Card,Returned
ORD-10239,2025-11-01,CUST-1265,Priya Verma,Home Appliances,Cooling,Air Cooler,North,Haryana,Panipat,37010.7,3,0.15,30692.62,UPI,Returned
ORD-10240,2025-12-25,CUST-1639,Shweta Jain,Furniture,Office Furniture,Bookshelf,East,West Bengal,Siliguri,67730.0,5,0.0,56299.35,Cash on Delivery,Returned
ORD-10241,2025-02-21,CUST-1293,Nisha Mishra,Home Appliances,Cooling,Air Cooler,East,Odisha,Cuttack,7938.9,1,0.1,5563.13,Cash on Delivery,Shipped
ORD-10242,2025-12-15,CUST-1711,Pooja Sharma,Electronics,Accessories,Mouse,East,Odisha,Bhubaneswar,1571.4,3,0.1,1263.95,Debit Card,Delivered
ORD-10243,2025-05-24,CUST-1504,Rohit Gupta,Office Supplies,Paper,Copy Paper,South,Telangana,Warangal,2900.0,5,0.0,1876.25,Credit Card,Returned
ORD-10244,2025-07-28,CUST-1759,Sneha Jain,Electronics,Monitors,Samsung Monitor,West,Maharashtra,Pune,110285.5,5,0.05,87691.21,Cash on Delivery,Shipped
ORD-10245,2025-01-15,CUST-1178,Manish Gupta,Home Appliances,Kitchen,Microwave,North,Delhi,New Delhi,20678.4,2,0.1,16664.24,Cash on Delivery,Delivered
ORD-10246,2025-11-22,CUST-1127,Amit Gupta,Furniture,Storage,Storage Cabinet,West,Madhya Pradesh,Indore,23433.3,3,0.1,18447.64,UPI,Delivered
ORD-10247,2025-01-15,CUST-1396,Rahul Singh,Furniture,Lighting,Table Lamp,South,Tamil Nadu,Madurai,5944.8,3,0.2,3596.68,UPI,Delivered
ORD-10248,2025-03-09,CUST-1663,Sanjay Patel,Office Supplies,Equipment,Paper Shredder,North,Delhi,Delhi,38539.0,4,0.15,31328.22,Net Banking,Delivered
ORD-10249,2025-04-22,CUST-1478,Varun Jain,Office Supplies,Equipment,Paper Shredder,East,West Bengal,Kolkata,28818.0,3,0.0,20761.48,Debit Card,Delivered
ORD-10250,2025-11-24,CUST-1333,Arjun Kumar,Furniture,Office Furniture,Bookshelf,West,Gujarat,Ahmedabad,53359.2,4,0.1,41096.67,UPI,Cancelled
ORD-10251,2025-09-12,CUST-1303,Arjun Yadav,Furniture,Storage,Filing Cabinet,East,Jharkhand,Ranchi,65696.5,5,0.15,54306.8,Debit Card,Shipped
ORD-10252,2025-06-03,CUST-1175,Nisha Singh,Furniture,Lighting,LED Desk Lamp,West,Maharashtra,Nashik,7870.5,5,0.1,6009.98,Credit Card,Delivered
ORD-10253,2025-04-25,CUST-1763,Varun Yadav,Office Supplies,Paper,Printer Paper,West,Goa,Margao,886.4,4,0.2,660.44,Cash on Delivery,Delivered
ORD-10254,2025-08-30,CUST-1200,Ritu Verma,Electronics,Smartphones,OnePlus Phone,East,Odisha,Cuttack,80676.9,2,0.15,68317.03,Net Banking,Delivered
ORD-10255,2025-06-11,CUST-1733,Sanjay Verma,Office Supplies,Equipment,Calculator,East,Odisha,Bhubaneswar,1282.5,1,0.1,836.63,Credit Card,Shipped
ORD-10256,2025-03-23,CUST-1502,Anil Singh,Home Appliances,Cleaning,Vacuum Cleaner,East,Jharkhand,Jamshedpur,4494.4,1,0.2,2920.7,Debit Card,Delivered
ORD-10257,2025-06-14,CUST-1776,Ritu Gupta,Furniture,Lighting,LED Desk Lamp,North,Uttar Pradesh,Kanpur,4584.0,3,0.0,3189.95,Cash on Delivery,Delivered
ORD-10258,2025-03-27,CUST-1067,Rahul Kumar,Home Appliances,Cooling,Air Cooler,West,Madhya Pradesh,Indore,37883.7,3,0.1,29834.51,Credit Card,Returned
ORD-10259,2025-07-26,CUST-1020,Deepak Gupta,Electronics,Smartphones,Samsung Galaxy,South,Tamil Nadu,Madurai,193809.0,3,0.0,134464.32,Debit Card,Returned
ORD-10260,2025-10-01,CUST-1639,Rahul Patel,Electronics,Laptops,ASUS Laptop,North,Uttar Pradesh,Lucknow,279680.0,4,0.0,206073.98,Net Banking,Cancelled
ORD-10261,2025-03-20,CUST-1211,Amit Kumar,Furniture,Storage,Filing Cabinet,East,West Bengal,Siliguri,75600.0,5,0.0,50703.16,UPI,Delivered
ORD-10262,2025-04-12,CUST-1624,Manish Kumar,Office Supplies,Stationery,Notebook,South,Telangana,Warangal,1681.5,5,0.05,1298.2,Net Banking,Delivered
ORD-10263,2025-05-01,CUST-1003,Amit Verma,Home Appliances,Kitchen,Mixer Grinder,North,Rajasthan,Kota,15570.0,5,0.0,12863.85,Credit Card,Delivered
ORD-10264,2025-06-01,CUST-1271,Kavita Sharma,Office Supplies,Paper,Copy Paper,North,Delhi,New Delhi,2512.0,4,0.0,1566.86,UPI,Delivered
ORD-10265,2025-03-12,CUST-1680,Sanjay Mishra,Electronics,Monitors,LG Monitor,West,Madhya Pradesh,Indore,21641.0,2,0.15,15150.05,Net Banking,Delivered
ORD-10266,2025-07-17,CUST-1707,Sneha Yadav,Electronics,Smartphones,Samsung Galaxy,South,Karnataka,Bengaluru,192831.0,4,0.15,154373.98,Net Banking,Delivered
ORD-10267,2025-11-09,CUST-1389,Neha Patel,Home Appliances,Kitchen,Microwave,North,Delhi,Delhi,31012.0,4,0.0,20635.48,Debit Card,Delivered
ORD-10268,2025-12-27,CUST-1695,Ritu Patel,Home Appliances,Cooling,Air Cooler,South,Telangana,Hyderabad,39657.6,4,0.15,25268.38,Cash on Delivery,Shipped
ORD-10269,2025-01-28,CUST-1012,Sanjay Jain,Electronics,Accessories,Mouse,East,Jharkhand,Ranchi,3339.0,2,0.1,2045.43,Credit Card,Shipped
ORD-10270,2025-11-26,CUST-1388,Pooja Gupta,Home Appliances,Kitchen,Microwave,North,Haryana,Faridabad,48712.0,4,0.0,41169.81,UPI,Delivered
ORD-10271,2025-07-26,CUST-1423,Rahul Jain,Office Supplies,Equipment,Calculator,North,Uttar Pradesh,Prayagraj,8805.6,4,0.1,6083.22,UPI,Returned
ORD-10272,2025-04-25,CUST-1466,Priya Jain,Electronics,Laptops,Dell Laptop,East,Odisha,Cuttack,65133.9,1,0.1,52593.73,Debit Card,Shipped
ORD-10273,2025-09-25,CUST-1383,Rohit Sharma,Home Appliances,Kitchen,Microwave,South,Kerala,Kochi,48492.75,5,0.05,30559.47,Net Banking,Delivered
ORD-10274,2025-08-23,CUST-1196,Priya Verma,Home Appliances,Cleaning,Vacuum Cleaner,East,West Bengal,Kolkata,16227.2,4,0.2,12722.99,Cash on Delivery,Delivered
ORD-10275,2025-10-27,CUST-1495,Ritu Singh,Home Appliances,Cooling,Air Cooler,South,Tamil Nadu,Chennai,52283.5,5,0.15,44173.03,Credit Card,Delivered
ORD-10276,2025-07-23,CUST-1352,Varun Agarwal,Office Supplies,Equipment,Paper Shredder,South,Tamil Nadu,Coimbatore,43614.5,5,0.05,28359.12,Cash on Delivery,Cancelled
ORD-10277,2025-05-29,CUST-1704,Neha Singh,Electronics,Monitors,Samsung Monitor,South,Andhra Pradesh,Visakhapatnam,93110.4,4,0.2,77809.42,Net Banking,Cancelled
ORD-10278,2025-10-01,CUST-1293,Anjali Sharma,Furniture,Office Furniture,Bookshelf,North,Uttar Pradesh,Noida,6547.5,1,0.1,5156.46,Credit Card,Delivered
ORD-10279,2025-12-16,CUST-1257,Vikas Sharma,Electronics,Monitors,LG Monitor,West,Gujarat,Vadodara,26040.45,1,0.05,20457.46,Cash on Delivery,Delivered
ORD-10280,2025-05-02,CUST-1524,Varun Sharma,Office Supplies,Equipment,Calculator,East,Jharkhand,Jamshedpur,1820.7,1,0.1,1184.86,Net Banking,Returned
ORD-10281,2025-04-26,CUST-1649,Neha Patel,Home Appliances,Kitchen,Electric Kettle,South,Tamil Nadu,Coimbatore,1676.75,1,0.05,1314.19,UPI,Delivered
ORD-10282,2025-01-21,CUST-1439,Arjun Jain,Office Supplies,Stationery,Pen Set,West,Gujarat,Ahmedabad,1032.0,4,0.0,658.86,Debit Card,Shipped
ORD-10283,2025-01-27,CUST-1793,Meena Kumar,Office Supplies,Equipment,Calculator,East,Odisha,Bhubaneswar,3132.0,2,0.0,2494.84,Credit Card,Delivered
ORD-10284,2025-10-06,CUST-1550,Pooja Verma,Office Supplies,Paper,Copy Paper,West,Gujarat,Ahmedabad,866.4,3,0.2,634.75,Cash on Delivery,Returned
ORD-10285,2025-11-29,CUST-1010,Rohit Mishra,Electronics,Monitors,LG Monitor,East,Bihar,Patna,19479.6,1,0.1,14318.66,Debit Card,Delivered
ORD-10286,2025-09-22,CUST-1789,Neha Jain,Office Supplies,Equipment,Calculator,East,Jharkhand,Ranchi,4656.0,3,0.0,3897.32,Credit Card,Returned
ORD-10287,2025-10-03,CUST-1547,Amit Verma,Home Appliances,Kitchen,Mixer Grinder,South,Tamil Nadu,Madurai,30325.0,5,0.0,23857.37,Credit Card,Delivered
ORD-10288,2025-08-24,CUST-1735,Priya Sharma,Furniture,Storage,Filing Cabinet,North,Uttar Pradesh,Lucknow,39280.5,5,0.1,27571.3,Net Banking,Cancelled
ORD-10289,2025-07-27,CUST-1444,Priya Sharma,Electronics,Laptops,HP Laptop,East,West Bengal,Kolkata,184428.0,3,0.0,124020.3,Debit Card,Shipped
ORD-10290,2025-02-14,CUST-1289,Kavita Yadav,Furniture,Lighting,Table Lamp,East,West Bengal,Siliguri,3841.6,2,0.2,2588.26,Credit Card,Delivered
ORD-10291,2025-12-13,CUST-1747,Neha Sharma,Electronics,Accessories,Headphones,South,Karnataka,Bengaluru,7636.5,5,0.1,4982.92,Debit Card,Delivered
ORD-10292,2025-07-31,CUST-1662,Ritu Singh,Office Supplies,Stationery,Notebook,South,Tamil Nadu,Chennai,708.8,2,0.2,576.3,Cash on Delivery,Delivered
ORD-10293,2025-11-27,CUST-1563,Anil Kumar,Furniture,Lighting,LED Desk Lamp,North,Punjab,Ludhiana,7016.7,3,0.05,5387.59,Credit Card,Delivered
ORD-10294,2025-05-26,CUST-1635,Anil Gupta,Office Supplies,Equipment,Paper Shredder,West,Madhya Pradesh,Indore,20992.0,5,0.2,15570.09,Debit Card,Delivered
ORD-10295,2025-03-28,CUST-1005,Priya Gupta,Office Supplies,Stationery,Stapler,South,Kerala,Thiruvananthapuram,1634.55,3,0.15,1162.72,Debit Card,Delivered
ORD-10296,2025-10-10,CUST-1112,Sanjay Patel,Furniture,Storage,Filing Cabinet,North,Punjab,Ludhiana,4244.0,1,0.2,3216.56,Cash on Delivery,Shipped
ORD-10297,2025-07-27,CUST-1788,Shweta Gupta,Home Appliances,Cooling,Air Cooler,North,Rajasthan,Jodhpur,35425.5,3,0.05,29150.21,Cash on Delivery,Cancelled
ORD-10298,2025-05-29,CUST-1138,Kavita Jain,Electronics,Smartphones,OnePlus Phone,North,Haryana,Faridabad,145345.75,5,0.15,92993.03,Cash on Delivery,Shipped
ORD-10299,2025-12-04,CUST-1150,Sneha Mishra,Furniture,Office Furniture,Office Desk,North,Delhi,Delhi,47004.0,3,0.0,36058.95,Cash on Delivery,Returned
ORD-10300,2025-07-04,CUST-1398,Sneha Agarwal,Electronics,Monitors,Samsung Monitor,North,Uttar Pradesh,Varanasi,69504.0,3,0.2,51609.5,Net Banking,Cancelled
ORD-10301,2025-07-13,CUST-1375,Shweta Verma,Home Appliances,Cleaning,Vacuum Cleaner,West,Madhya Pradesh,Bhopal,41273.6,4,0.2,24832.24,Credit Card,Delivered
ORD-10302,2025-03-26,CUST-1236,Anil Jain,Furniture,Office Furniture,Office Desk,West,Gujarat,Ahmedabad,56415.75,5,0.05,39697.14,Debit Card,Cancelled
ORD-10303,2025-02-28,CUST-1494,Sneha Agarwal,Home Appliances,Kitchen,Mixer Grinder,South,Andhra Pradesh,Vijayawada,2837.6,1,0.2,2122.77,Credit Card,Cancelled
ORD-10304,2025-09-20,CUST-1041,Shweta Singh,Furniture,Lighting,LED Desk Lamp,North,Delhi,Delhi,16540.0,5,0.0,13556.63,Debit Card,Delivered
ORD-10305,2025-04-21,CUST-1460,Meena Agarwal,Home Appliances,Cooling,Air Cooler,East,Bihar,Patna,35916.0,5,0.2,27472.59,Debit Card,Delivered
ORD-10306,2025-12-18,CUST-1351,Kavita Patel,Home Appliances,Kitchen,Mixer Grinder,North,Delhi,Delhi,3325.6,1,0.2,2710.02,Cash on Delivery,Cancelled
ORD-10307,2025-08-03,CUST-1154,Meena Verma,Electronics,Laptops,ASUS Laptop,South,Kerala,Kochi,76632.6,2,0.15,55980.96,Debit Card,Returned
ORD-10308,2025-01-23,CUST-1715,Ritu Yadav,Office Supplies,Equipment,Calculator,South,Kerala,Thiruvananthapuram,2786.4,4,0.1,2004.22,Credit Card,Returned
ORD-10309,2025-02-12,CUST-1291,Meena Jain,Electronics,Laptops,HP Laptop,East,Odisha,Bhubaneswar,192248.75,5,0.15,146808.17,Debit Card,Delivered
ORD-10310,2025-07-05,CUST-1110,Vikas Yadav,Office Supplies,Equipment,Paper Shredder,West,Goa,Unknown,38699.2,4,0.05,27217.42,Cash on Delivery,Delivered
ORD-10311,2025-04-02,CUST-1380,Nisha Jain,Office Supplies,Equipment,Paper Shredder,East,Odisha,Cuttack,22008.0,2,0.0,17319.27,Net Banking,Returned
ORD-10312,2025-12-25,CUST-1166,Rohit Gupta,Furniture,Storage,Filing Cabinet,East,Odisha,Bhubaneswar,6273.85,1,0.15,5216.49,Net Banking,Delivered
ORD-10313,2025-02-02,CUST-1270,Deepak Mishra,Home Appliances,Cleaning,Vacuum Cleaner,North,Rajasthan,Jaipur,28219.75,5,0.05,21449.07,Net Banking,Delivered
ORD-10314,2025-04-14,CUST-1673,Ritu Kumar,Furniture,Lighting,Table Lamp,South,Karnataka,Mangaluru,2159.35,1,0.05,1649.21,Credit Card,Delivered
ORD-10315,2025-05-22,CUST-1799,Pooja Mishra,Electronics,Laptops,HP Laptop,East,Jharkhand,Ranchi,217288.0,5,0.2,180077.92,Debit Card,Delivered
ORD-10316,2025-05-22,CUST-1232,Meena Gupta,Office Supplies,Stationery,Pen Set,East,Jharkhand,Ranchi,836.0,5,0.2,516.73,Debit Card,Delivered
ORD-10317,2025-03-01,CUST-1526,Arjun Jain,Home Appliances,Kitchen,Microwave,West,Madhya Pradesh,Indore,46553.6,4,0.2,37964.73,Net Banking,Delivered
ORD-10318,2025-05-13,CUST-1070,Pooja Gupta,Office Supplies,Equipment,Calculator,South,Telangana,Warangal,2721.6,3,0.1,1696.24,Debit Card,Delivered
ORD-10319,2025-10-11,CUST-1183,Sneha Mishra,Office Supplies,Stationery,Stapler,West,Gujarat,Vadodara,1254.0,2,0.05,826.03,Credit Card,Returned
ORD-10320,2025-05-16,CUST-1212,Deepak Gupta,Furniture,Office Furniture,Office Chair,South,Andhra Pradesh,Visakhapatnam,13661.2,1,0.15,10293.12,Cash on Delivery,Delivered
ORD-10321,2025-09-04,CUST-1381,Meena Mishra,Furniture,Lighting,LED Desk Lamp,East,Odisha,Cuttack,6108.8,4,0.2,3861.14,Cash on Delivery,Returned
ORD-10322,2025-08-05,CUST-1490,Nisha Sharma,Home Appliances,Kitchen,Electric Kettle,West,Madhya Pradesh,Bhopal,12978.0,5,0.1,10022.94,UPI,Cancelled
ORD-10323,2025-04-18,CUST-1389,Shweta Verma,Furniture,Lighting,LED Desk Lamp,West,Goa,Margao,3575.1,2,0.15,3001.77,Debit Card,Delivered
ORD-10324,2025-04-05,CUST-1511,Anjali Gupta,Home Appliances,Cleaning,Vacuum Cleaner,East,Odisha,Cuttack,27285.9,2,0.05,23051.62,Credit Card,Returned
ORD-10325,2025-02-21,CUST-1739,Arjun Gupta,Furniture,Lighting,Table Lamp,East,Jharkhand,Ranchi,3188.2,4,0.05,2248.89,Credit Card,Returned
ORD-10326,2025-11-19,CUST-1530,Nisha Mishra,Electronics,Accessories,Keyboard,East,Odisha,Cuttack,1985.5,2,0.05,1595.26,Net Banking,Returned
ORD-10327,2025-11-19,CUST-1099,Kavita Mishra,Office Supplies,Paper,Printer Paper,West,Goa,Margao,1123.2,4,0.1,917.48,Cash on Delivery,Delivered
ORD-10328,2025-10-23,CUST-1590,Nisha Singh,Home Appliances,Cooling,Air Cooler,West,Goa,Margao,9794.4,1,0.2,6578.22,Credit Card,Returned
ORD-10329,2025-03-27,CUST-1656,Priya Yadav,Furniture,Storage,Filing Cabinet,East,West Bengal,Kolkata,27515.7,3,0.1,21396.44,Cash on Delivery,Cancelled
ORD-10330,2025-07-22,CUST-1278,Kavita Mishra,Furniture,Office Furniture,Office Chair,East,Jharkhand,Ranchi,28522.8,2,0.1,23819.66,UPI,Delivered
ORD-10331,2025-03-27,CUST-1407,Rohit Verma,Electronics,Laptops,ASUS Laptop,North,Haryana,Panipat,252275.0,5,0.0,167917.54,Credit Card,Delivered
ORD-10332,2025-12-02,CUST-1400,Varun Gupta,Furniture,Office Furniture,Bookshelf,South,Telangana,Warangal,8936.0,2,0.0,6843.97,Debit Card,Returned
ORD-10333,2025-09-01,CUST-1479,Nisha Kumar,Home Appliances,Cooling,Air Cooler,East,Bihar,Patna,65928.0,5,0.2,44660.64,Debit Card,Delivered
ORD-10334,2025-10-04,CUST-1233,Anil Agarwal,Office Supplies,Stationery,Pen Set,West,Goa,Margao,80.0,1,0.2,64.31,Credit Card,Delivered
ORD-10335,2025-05-27,CUST-1481,Nisha Sharma,Electronics,Accessories,Mouse,East,Jharkhand,Jamshedpur,7235.0,5,0.0,5332.58,Credit Card,Delivered
ORD-10336,2025-10-15,CUST-1448,Pooja Gupta,Furniture,Storage,Filing Cabinet,South,Kerala,Thiruvananthapuram,57931.0,4,0.05,42240.53,Cash on Delivery,Returned
ORD-10337,2025-12-22,CUST-1702,Arjun Kumar,Electronics,Smartphones,OnePlus Phone,West,Madhya Pradesh,Bhopal,82191.6,3,0.15,62008.0,Debit Card,Cancelled
ORD-10338,2025-11-15,CUST-1504,Manish Mishra,Electronics,Smartphones,Samsung Galaxy,North,Delhi,New Delhi,101576.85,3,0.05,79107.95,UPI,Delivered
ORD-10339,2025-02-16,CUST-1155,Amit Agarwal,Office Supplies,Paper,Copy Paper,South,Telangana,Warangal,2424.0,4,0.0,1654.53,Credit Card,Delivered
ORD-10340,2025-05-17,CUST-1795,Pooja Verma,Office Supplies,Paper,Printer Paper,East,Bihar,Patna,610.85,1,0.05,425.27,Net Banking,Delivered
ORD-10341,2025-01-18,CUST-1204,Kavita Verma,Office Supplies,Paper,Printer Paper,South,Kerala,Thiruvananthapuram,504.8,1,0.2,368.62,Debit Card,Delivered
ORD-10342,2025-11-23,CUST-1306,Manish Mishra,Furniture,Lighting,LED Desk Lamp,North,Delhi,New Delhi,3023.85,3,0.05,2414.84,Cash on Delivery,Delivered
ORD-10343,2025-07-22,CUST-1249,Amit Sharma,Electronics,Smartphones,OnePlus Phone,East,Bihar,Gaya,99168.0,4,0.2,67890.96,UPI,Delivered
ORD-10344,2025-07-02,CUST-1661,Vikas Jain,Furniture,Storage,Storage Cabinet,North,Delhi,Delhi,36644.0,4,0.0,28300.62,Debit Card,Cancelled
ORD-10345,2025-03-10,CUST-1257,Rahul Agarwal,Furniture,Lighting,Table Lamp,East,Odisha,Cuttack,10008.0,5,0.1,7837.27,Debit Card,Returned
ORD-10346,2025-11-03,CUST-1568,Sanjay Verma,Office Supplies,Equipment,Paper Shredder,South,Kerala,Thiruvananthapuram,12816.0,4,0.2,8904.06,Credit Card,Delivered
ORD-10347,2025-11-14,CUST-1373,Meena Gupta,Furniture,Lighting,LED Desk Lamp,West,Maharashtra,Nashik,6524.0,5,0.2,4376.18,Net Banking,Cancelled
ORD-10348,2025-06-14,CUST-1114,Rohit Jain,Furniture,Office Furniture,Office Chair,North,Uttar Pradesh,Kanpur,12304.4,1,0.05,7686.42,Cash on Delivery,Cancelled
ORD-10349,2025-07-18,CUST-1674,Sneha Jain,Furniture,Lighting,Table Lamp,West,Maharashtra,Nagpur,1405.9,1,0.15,1169.85,UPI,Delivered
ORD-10350,2025-11-24,CUST-1063,Neha Jain,Office Supplies,Equipment,Calculator,East,Odisha,Bhubaneswar,1987.2,1,0.1,1231.04,Credit Card,Shipped
ORD-10351,2025-02-19,CUST-1104,Deepak Jain,Furniture,Lighting,Table Lamp,East,Bihar,Patna,12500.0,5,0.0,9894.64,Cash on Delivery,Delivered
ORD-10352,2025-12-12,CUST-1470,Anjali Verma,Home Appliances,Cooling,Air Cooler,South,Tamil Nadu,Madurai,23595.2,2,0.2,16770.36,Debit Card,Delivered
ORD-10353,2025-10-09,CUST-1333,Neha Yadav,Furniture,Storage,Storage Cabinet,East,Odisha,Bhubaneswar,34200.6,3,0.15,28727.0,UPI,Cancelled
ORD-10354,2025-01-18,CUST-1292,Meena Sharma,Office Supplies,Stationery,Notebook,South,Telangana,Hyderabad,299.7,3,0.1,248.68,Cash on Delivery,Shipped
ORD-10355,2025-10-20,CUST-1586,Vikas Verma,Furniture,Office Furniture,Office Desk,North,Haryana,Faridabad,46132.95,3,0.05,30635.09,Debit Card,Delivered
ORD-10356,2025-10-20,CUST-1410,Shweta Gupta,Furniture,Storage,Filing Cabinet,North,Punjab,Amritsar,69849.0,5,0.1,42561.99,Cash on Delivery,Delivered
ORD-10357,2025-02-10,CUST-1799,Rahul Mishra,Electronics,Smartphones,Samsung Galaxy,West,Madhya Pradesh,Indore,77569.2,4,0.1,56710.52,Debit Card,Shipped
ORD-10358,2025-10-17,CUST-1154,Priya Jain,Home Appliances,Cleaning,Vacuum Cleaner,South,Tamil Nadu,Chennai,21736.8,2,0.1,17315.36,Credit Card,Delivered
ORD-10359,2025-06-22,CUST-1085,Sneha Patel,Office Supplies,Stationery,Pen Set,North,Rajasthan,Jodhpur,2584.0,5,0.05,2042.67,Net Banking,Shipped
ORD-10360,2025-04-12,CUST-1500,Pooja Patel,Furniture,Office Furniture,Office Desk,South,Andhra Pradesh,Vijayawada,59510.4,4,0.2,37039.19,Net Banking,Delivered
ORD-10361,2025-07-07,CUST-1357,Manish Mishra,Furniture,Storage,Storage Cabinet,West,Maharashtra,Nagpur,35653.25,5,0.15,21791.96,Credit Card,Delivered
ORD-10362,2025-12-17,CUST-1383,Vikas Verma,Furniture,Storage,Filing Cabinet,North,Uttar Pradesh,Kanpur,18422.1,3,0.1,13126.03,UPI,Delivered
ORD-10363,2025-04-18,CUST-1758,Nisha Gupta,Home Appliances,Cooling,Air Cooler,South,Andhra Pradesh,Visakhapatnam,9736.0,1,0.2,8046.9,Cash on Delivery,Delivered
ORD-10364,2025-05-11,CUST-1175,Rahul Kumar,Electronics,Accessories,Headphones,South,Andhra Pradesh,Visakhapatnam,1313.25,1,0.15,1004.76,Debit Card,Returned
ORD-10365,2025-02-25,CUST-1020,Varun Yadav,Office Supplies,Paper,Printer Paper,South,Kerala,Kochi,561.6,2,0.2,472.7,Cash on Delivery,Cancelled
ORD-10366,2025-01-12,CUST-1041,Deepak Jain,Home Appliances,Cooling,Air Cooler,West,Goa,Margao,10512.9,1,0.1,7241.75,Debit Card,Delivered
ORD-10367,2025-09-14,CUST-1283,Rahul Kumar,Furniture,Office Furniture,Office Desk,East,West Bengal,Siliguri,49988.0,4,0.0,39114.23,Cash on Delivery,Cancelled
ORD-10368,2025-11-10,CUST-1641,Deepak Yadav,Home Appliances,Cleaning,Vacuum Cleaner,South,Andhra Pradesh,Vijayawada,52755.4,4,0.05,34380.13,Credit Card,Shipped
ORD-10369,2025-10-05,CUST-1701,Manish Singh,Furniture,Lighting,Table Lamp,West,Gujarat,Surat,2584.8,3,0.2,1895.28,UPI,Delivered
ORD-10370,2025-06-12,CUST-1150,Amit Mishra,Home Appliances,Cooling,Air Cooler,East,Jharkhand,Jamshedpur,18158.0,2,0.0,11491.95,UPI,Returned
ORD-10371,2025-11-10,CUST-1632,Arjun Patel,Furniture,Lighting,Table Lamp,South,Andhra Pradesh,Vijayawada,2868.75,3,0.15,1817.42,Cash on Delivery,Delivered
ORD-10372,2025-12-31,CUST-1666,Neha Singh,Furniture,Office Furniture,Office Chair,East,Jharkhand,Jamshedpur,9397.6,2,0.15,7434.77,UPI,Delivered
ORD-10373,2025-07-31,CUST-1228,Manish Gupta,Home Appliances,Cooling,Air Cooler,North,Delhi,Delhi,34146.2,4,0.15,23943.89,UPI,Shipped
ORD-10374,2025-07-14,CUST-1738,Priya Yadav,Home Appliances,Cleaning,Vacuum Cleaner,North,Rajasthan,Jaipur,21596.8,2,0.2,15094.06,UPI,Shipped
ORD-10375,2025-07-18,CUST-1529,Rahul Gupta,Office Supplies,Paper,Copy Paper,West,Madhya Pradesh,Indore,838.8,2,0.1,631.85,UPI,Cancelled
ORD-10376,2025-09-22,CUST-1146,Kavita Agarwal,Furniture,Lighting,Table Lamp,North,Rajasthan,Jaipur,8974.8,4,0.1,6396.53,Credit Card,Delivered
ORD-10377,2025-10-30,CUST-1730,Manish Agarwal,Furniture,Lighting,Table Lamp,North,Punjab,Amritsar,1076.95,1,0.15,816.89,UPI,Shipped
ORD-10378,2025-12-29,CUST-1394,Ritu Patel,Electronics,Smartphones,iPhone,South,Kerala,Thiruvananthapuram,532479.75,5,0.05,341069.8,Credit Card,Delivered
ORD-10379,2025-12-31,CUST-1053,Anjali Kumar,Furniture,Office Furniture,Office Chair,West,Madhya Pradesh,Indore,8091.2,2,0.2,6402.96,UPI,Delivered
ORD-10380,2025-09-12,CUST-1511,Nisha Sharma,Home Appliances,Cleaning,Vacuum Cleaner,East,Bihar,Patna,20160.0,4,0.2,15120.51,Credit Card,Shipped
ORD-10381,2025-05-23,CUST-1635,Nisha Gupta,Electronics,Monitors,Dell Monitor,North,Delhi,New Delhi,17699.2,2,0.2,14327.57,Debit Card,Delivered
ORD-10382,2025-02-14,CUST-1051,Rohit Yadav,Office Supplies,Equipment,Calculator,South,Tamil Nadu,Madurai,6508.8,4,0.2,4491.38,UPI,Delivered
ORD-10383,2025-06-03,CUST-1331,Neha Yadav,Electronics,Monitors,LG Monitor,North,Haryana,Panipat,23396.4,2,0.1,15963.41,Net Banking,Shipped
ORD-10384,2025-04-18,CUST-1713,Manish Patel,Electronics,Accessories,Headphones,North,Uttar Pradesh,Prayagraj,33552.0,5,0.1,23713.33,Debit Card,Delivered
ORD-10385,2025-09-27,CUST-1589,Meena Mishra,Home Appliances,Cleaning,Vacuum Cleaner,South,Andhra Pradesh,Visakhapatnam,39654.0,5,0.1,33500.27,UPI,Delivered
ORD-10386,2025-01-13,CUST-1477,Rohit Gupta,Office Supplies,Paper,Printer Paper,East,Jharkhand,Ranchi,548.15,1,0.05,423.45,Debit Card,Returned
ORD-10387,2025-02-04,CUST-1316,Varun Jain,Office Supplies,Paper,Copy Paper,West,Maharashtra,Mumbai,2825.0,5,0.0,2282.63,Credit Card,Delivered
ORD-10388,2025-06-23,CUST-1689,Sneha Agarwal,Furniture,Lighting,LED Desk Lamp,North,Delhi,Delhi,10081.0,5,0.15,8024.45,Net Banking,Cancelled
ORD-10389,2025-01-29,CUST-1534,Varun Patel,Office Supplies,Paper,Printer Paper,West,Maharashtra,Pune,786.0,2,0.0,538.24,Net Banking,Cancelled
ORD-10390,2025-10-01,CUST-1170,Shweta Patel,Office Supplies,Equipment,Paper Shredder,East,Bihar,Patna,5290.4,1,0.15,3289.04,Credit Card,Delivered
ORD-10391,2025-08-20,CUST-1310,Manish Jain,Office Supplies,Stationery,Notebook,West,Gujarat,Ahmedabad,261.6,1,0.2,158.59,Net Banking,Shipped
ORD-10392,2025-03-20,CUST-1195,Priya Agarwal,Electronics,Smartphones,OnePlus Phone,West,Goa,Panaji,46839.25,1,0.15,36460.58,Cash on Delivery,Delivered
ORD-10393,2025-01-03,CUST-1319,Rahul Patel,Electronics,Laptops,Lenovo Laptop,North,Punjab,Amritsar,57433.2,1,0.05,39067.22,Credit Card,Delivered
ORD-10394,2025-05-22,CUST-1546,Priya Agarwal,Furniture,Storage,Filing Cabinet,North,Punjab,Ludhiana,12164.8,1,0.2,8862.24,Credit Card,Shipped
ORD-10395,2025-06-29,CUST-1563,Priya Kumar,Furniture,Office Furniture,Office Desk,South,Telangana,Hyderabad,76396.0,5,0.2,54310.83,Credit Card,Delivered
ORD-10396,2025-08-30,CUST-1692,Rahul Verma,Home Appliances,Cleaning,Vacuum Cleaner,East,West Bengal,Kolkata,62521.75,5,0.15,47146.33,Debit Card,Delivered
ORD-10397,2025-04-12,CUST-1731,Nisha Verma,Home Appliances,Kitchen,Microwave,East,Bihar,Patna,44772.9,3,0.15,32130.67,Credit Card,Delivered
ORD-10398,2025-11-12,CUST-1265,Neha Yadav,Home Appliances,Cleaning,Vacuum Cleaner,South,Telangana,Warangal,12787.0,1,0.0,8795.67,Net Banking,Returned
ORD-10399,2025-03-29,CUST-1290,Neha Patel,Home Appliances,Cooling,Air Cooler,South,Andhra Pradesh,Vijayawada,45333.0,3,0.0,36180.62,Cash on Delivery,Delivered
ORD-10400,2025-07-25,CUST-1605,Anjali Gupta,Home Appliances,Cleaning,Vacuum Cleaner,South,Andhra Pradesh,Vijayawada,20186.4,3,0.2,14287.67,Net Banking,Shipped
ORD-10401,2025-06-25,CUST-1558,Deepak Singh,Electronics,Accessories,Mouse,North,Rajasthan,Jodhpur,3820.75,5,0.15,2460.73,Net Banking,Delivered
ORD-10402,2025-11-03,CUST-1112,Meena Yadav,Electronics,Smartphones,OnePlus Phone,West,Madhya Pradesh,Bhopal,118807.0,5,0.05,90913.53,Net Banking,Shipped
ORD-10403,2025-05-30,CUST-1400,Meena Patel,Office Supplies,Paper,Copy Paper,East,Bihar,Patna,2221.2,4,0.1,1882.63,Cash on Delivery,Delivered
ORD-10404,2025-11-10,CUST-1523,Pooja Singh,Electronics,Laptops,Lenovo Laptop,West,Maharashtra,Nagpur,58494.0,1,0.0,38536.45,Cash on Delivery,Delivered
ORD-10405,2025-11-17,CUST-1326,Pooja Yadav,Furniture,Storage,Filing Cabinet,East,Jharkhand,Ranchi,23970.0,2,0.15,19435.64,Debit Card,Returned
ORD-10406,2025-08-02,CUST-1158,Varun Singh,Electronics,Smartphones,Redmi Phone,South,Karnataka,Bengaluru,57796.0,4,0.0,36660.3,Net Banking,Returned
ORD-10407,2025-08-22,CUST-1713,Meena Yadav,Home Appliances,Cleaning,Vacuum Cleaner,South,Kerala,Thiruvananthapuram,13674.8,2,0.15,10271.73,Cash on Delivery,Delivered
ORD-10408,2025-05-02,CUST-1730,Ritu Kumar,Electronics,Accessories,Headphones,East,Odisha,Bhubaneswar,4624.8,3,0.2,3331.63,UPI,Delivered
ORD-10409,2025-09-27,CUST-1769,Arjun Agarwal,Electronics,Smartphones,Redmi Phone,North,Rajasthan,Kota,22134.4,1,0.2,15009.89,UPI,Delivered
ORD-10410,2025-10-01,CUST-1798,Amit Agarwal,Home Appliances,Cleaning,Vacuum Cleaner,East,Jharkhand,Jamshedpur,23232.0,3,0.0,17976.06,Cash on Delivery,Cancelled
ORD-10411,2025-06-05,CUST-1745,Shweta Kumar,Furniture,Lighting,Table Lamp,North,Haryana,Panipat,2459.7,3,0.1,1773.91,Credit Card,Shipped
ORD-10412,2025-02-09,CUST-1285,Arjun Singh,Electronics,Laptops,Dell Laptop,West,Goa,Margao,254592.0,5,0.15,176290.12,Credit Card,Delivered
ORD-10413,2025-12-25,CUST-1242,Sneha Singh,Furniture,Lighting,Table Lamp,North,Punjab,Ludhiana,8469.4,4,0.15,5585.46,Net Banking,Cancelled
ORD-10414,2025-11-23,CUST-1172,Manish Patel,Electronics,Laptops,Dell Laptop,West,Maharashtra,Nagpur,258848.8,4,0.15,174811.41,Cash on Delivery,Delivered
ORD-10415,2025-07-14,CUST-1700,Pooja Agarwal,Home Appliances,Kitchen,Microwave,West,Gujarat,Vadodara,47728.8,4,0.1,40113.23,UPI,Delivered
ORD-10416,2025-09-30,CUST-1653,Neha Yadav,Office Supplies,Stationery,Pen Set,West,Goa,Margao,2125.0,5,0.15,1685.74,Credit Card,Cancelled
ORD-10417,2025-12-11,CUST-1603,Manish Jain,Electronics,Laptops,HP Laptop,West,Gujarat,Surat,58475.0,1,0.0,42763.71,Net Banking,Delivered
ORD-10418,2025-04-23,CUST-1743,Varun Kumar,Electronics,Laptops,Dell Laptop,South,Karnataka,Bengaluru,289905.0,5,0.0,180203.96,Cash on Delivery,Delivered
ORD-10419,2025-07-12,CUST-1673,Shweta Singh,Office Supplies,Paper,Printer Paper,North,Delhi,Delhi,1329.4,4,0.15,1027.7,Debit Card,Delivered
ORD-10420,2025-03-24,CUST-1800,Anil Kumar,Office Supplies,Stationery,Pen Set,North,Haryana,Faridabad,719.1,3,0.15,443.94,Credit Card,Shipped
ORD-10421,2025-07-21,CUST-1183,Sneha Verma,Furniture,Lighting,Table Lamp,South,Andhra Pradesh,Visakhapatnam,7440.0,4,0.0,4528.84,UPI,Shipped
ORD-10422,2025-05-09,CUST-1796,Kavita Sharma,Electronics,Accessories,Mouse,East,Bihar,Patna,3145.0,2,0.15,2338.81,Cash on Delivery,Cancelled
ORD-10423,2025-09-09,CUST-1490,Anjali Yadav,Electronics,Accessories,Headphones,North,Rajasthan,Jaipur,6374.4,4,0.2,4677.7,Debit Card,Delivered
ORD-10424,2025-12-16,CUST-1311,Pooja Sharma,Office Supplies,Stationery,Pen Set,North,Punjab,Jalandhar,2174.55,3,0.05,1400.75,UPI,Delivered
ORD-10425,2025-12-05,CUST-1196,Varun Yadav,Electronics,Accessories,Headphones,North,Punjab,Amritsar,4292.0,2,0.0,2782.39,Cash on Delivery,Delivered
ORD-10426,2025-09-08,CUST-1399,Anil Jain,Electronics,Laptops,Lenovo Laptop,West,Madhya Pradesh,Indore,62132.0,1,0.0,43577.95,Credit Card,Returned
ORD-10427,2025-12-01,CUST-1684,Ritu Agarwal,Electronics,Laptops,Dell Laptop,South,Andhra Pradesh,Vijayawada,174246.6,4,0.15,144066.17,Cash on Delivery,Delivered
ORD-10428,2025-05-05,CUST-1719,Vikas Sharma,Electronics,Accessories,Headphones,South,Karnataka,Mysuru,12548.8,2,0.2,7729.93,UPI,Delivered
ORD-10429,2025-09-12,CUST-1610,Meena Gupta,Office Supplies,Equipment,Paper Shredder,North,Delhi,Delhi,11973.6,3,0.2,8818.21,Debit Card,Returned
ORD-10430,2025-04-20,CUST-1783,Rahul Patel,Electronics,Monitors,Dell Monitor,South,Telangana,Hyderabad,55821.6,4,0.1,41215.99,Net Banking,Delivered
ORD-10431,2025-10-25,CUST-1042,Vikas Verma,Home Appliances,Kitchen,Mixer Grinder,East,Bihar,Patna,3969.0,1,0.0,3082.66,Cash on Delivery,Delivered
ORD-10432,2025-08-02,CUST-1711,Sneha Singh,Office Supplies,Equipment,Paper Shredder,South,Tamil Nadu,Madurai,22644.2,4,0.05,17042.81,UPI,Shipped
ORD-10433,2025-04-03,CUST-1735,Sneha Patel,Home Appliances,Kitchen,Electric Kettle,North,Punjab,Amritsar,3572.0,2,0.0,3024.24,UPI,Shipped
ORD-10434,2025-07-05,CUST-1780,Nisha Jain,Office Supplies,Stationery,Notebook,South,Kerala,Kochi,149.6,1,0.15,108.37,Credit Card,Cancelled
ORD-10435,2025-01-23,CUST-1056,Neha Kumar,Office Supplies,Equipment,Paper Shredder,South,Kerala,Thiruvananthapuram,4855.0,1,0.0,4035.55,Credit Card,Delivered
ORD-10436,2025-01-15,CUST-1497,Ritu Verma,Office Supplies,Paper,Printer Paper,North,Delhi,Delhi,1101.0,3,0.0,750.37,UPI,Delivered
ORD-10437,2025-07-31,CUST-1205,Pooja Gupta,Home Appliances,Kitchen,Microwave,North,Haryana,Panipat,16865.6,2,0.2,12037.78,Net Banking,Delivered
ORD-10438,2025-03-11,CUST-1469,Manish Mishra,Furniture,Office Furniture,Bookshelf,West,Gujarat,Surat,22396.5,5,0.1,14202.19,Net Banking,Delivered
ORD-10439,2025-08-03,CUST-1176,Priya Gupta,Furniture,Lighting,Table Lamp,West,Gujarat,Vadodara,1988.8,1,0.2,1436.52,Credit Card,Shipped
ORD-10440,2025-08-31,CUST-1474,Arjun Sharma,Office Supplies,Paper,Printer Paper,East,Bihar,Patna,1304.0,5,0.2,1075.23,Net Banking,Delivered
ORD-10441,2025-01-21,CUST-1482,Ritu Sharma,Electronics,Accessories,Mouse,East,Jharkhand,Jamshedpur,1344.0,2,0.2,1059.43,Net Banking,Delivered
ORD-10442,2025-03-09,CUST-1368,Varun Gupta,Office Supplies,Stationery,Stapler,North,Uttar Pradesh,Noida,591.6,4,0.15,423.55,Credit Card,Returned
ORD-10443,2025-12-27,CUST-1416,Sanjay Mishra,Home Appliances,Cooling,Air Cooler,East,West Bengal,Kolkata,29407.5,5,0.1,20775.68,Debit Card,Cancelled
ORD-10444,2025-11-10,CUST-1556,Shweta Gupta,Electronics,Monitors,Dell Monitor,North,Rajasthan,Jodhpur,20293.2,1,0.1,14536.79,UPI,Delivered
ORD-10445,2025-07-07,CUST-1180,Nisha Verma,Furniture,Lighting,Table Lamp,South,Tamil Nadu,Coimbatore,6304.2,4,0.05,4287.59,Debit Card,Shipped
ORD-10446,2025-12-15,CUST-1434,Arjun Sharma,Home Appliances,Cleaning,Vacuum Cleaner,North,Punjab,Amritsar,43884.8,4,0.2,36198.94,Net Banking,Shipped
ORD-10447,2025-07-08,CUST-1690,Anil Gupta,Home Appliances,Kitchen,Microwave,East,West Bengal,Kolkata,8351.45,1,0.05,5587.0,Credit Card,Delivered
ORD-10448,2025-03-19,CUST-1210,Ritu Sharma,Home Appliances,Cleaning,Vacuum Cleaner,West,Madhya Pradesh,Bhopal,19263.6,4,0.1,12468.66,UPI,Returned
ORD-10449,2025-04-29,CUST-1533,Priya Yadav,Home Appliances,Cleaning,Vacuum Cleaner,West,Goa,Margao,32224.5,5,0.1,20718.24,Debit Card,Delivered
ORD-10450,2025-09-05,CUST-1381,Varun Sharma,Home Appliances,Kitchen,Electric Kettle,South,Telangana,Warangal,5745.6,2,0.1,3709.19,Credit Card,Returned
ORD-10451,2025-12-29,CUST-1710,Vikas Singh,Office Supplies,Equipment,Calculator,South,Karnataka,Bengaluru,3718.8,4,0.1,2402.81,Cash on Delivery,Cancelled
ORD-10452,2025-01-18,CUST-1682,Priya Mishra,Furniture,Lighting,LED Desk Lamp,South,Telangana,Warangal,936.7,1,0.15,780.05,Credit Card,Delivered
ORD-10453,2025-06-13,CUST-1160,Amit Jain,Office Supplies,Equipment,Calculator,West,Goa,Margao,8466.0,5,0.15,5796.43,UPI,Cancelled
ORD-10454,2025-09-03,CUST-1042,Vikas Jain,Home Appliances,Cooling,Air Cooler,North,Punjab,Ludhiana,47420.0,4,0.0,32321.07,Cash on Delivery,Cancelled
ORD-10455,2025-04-10,CUST-1598,Ritu Gupta,Electronics,Accessories,Headphones,West,Gujarat,Ahmedabad,4413.2,1,0.15,2862.46,Debit Card,Shipped
ORD-10456,2025-11-06,CUST-1524,Rahul Mishra,Office Supplies,Paper,Copy Paper,East,Bihar,Gaya,355.5,1,0.1,244.53,Net Banking,Returned
ORD-10457,2025-10-15,CUST-1090,Manish Agarwal,Furniture,Lighting,LED Desk Lamp,East,Jharkhand,Jamshedpur,5027.2,4,0.2,3767.81,Credit Card,Delivered
ORD-10458,2025-06-05,CUST-1487,Ritu Mishra,Electronics,Laptops,ASUS Laptop,North,Rajasthan,Jodhpur,205670.25,3,0.05,151980.74,Cash on Delivery,Returned
ORD-10459,2025-03-12,CUST-1205,Sanjay Yadav,Office Supplies,Equipment,Paper Shredder,West,Madhya Pradesh,Bhopal,29175.4,4,0.15,19142.86,UPI,Delivered
ORD-10460,2025-05-15,CUST-1308,Sneha Verma,Home Appliances,Cooling,Air Cooler,West,Madhya Pradesh,Bhopal,7159.5,1,0.1,5178.2,UPI,Shipped
ORD-10461,2025-07-05,CUST-1596,Sneha Patel,Electronics,Monitors,Samsung Monitor,East,Odisha,Cuttack,47583.0,5,0.1,30486.99,UPI,Delivered
ORD-10462,2025-06-13,CUST-1473,Vikas Mishra,Office Supplies,Paper,Copy Paper,South,Karnataka,Mysuru,358.2,1,0.1,262.35,UPI,Shipped
ORD-10463,2025-04-10,CUST-1785,Sanjay Verma,Office Supplies,Equipment,Paper Shredder,South,Andhra Pradesh,Visakhapatnam,25960.5,3,0.1,16198.27,Cash on Delivery,Delivered
ORD-10464,2025-03-15,CUST-1014,Vikas Jain,Home Appliances,Cleaning,Vacuum Cleaner,West,Goa,Margao,8140.55,1,0.05,5908.78,Credit Card,Returned
ORD-10465,2025-10-14,CUST-1629,Ritu Jain,Electronics,Laptops,Dell Laptop,North,Haryana,Faridabad,73282.5,1,0.1,49677.72,Debit Card,Delivered
ORD-10466,2025-08-15,CUST-1612,Ritu Mishra,Electronics,Smartphones,OnePlus Phone,South,Telangana,Hyderabad,71726.4,2,0.1,45283.46,Credit Card,Delivered
ORD-10467,2025-08-06,CUST-1708,Rohit Verma,Electronics,Smartphones,Samsung Galaxy,North,Haryana,Faridabad,48991.2,1,0.2,36659.82,Net Banking,Delivered
ORD-10468,2025-05-10,CUST-1045,Anil Kumar,Furniture,Lighting,Table Lamp,North,Uttar Pradesh,Lucknow,4478.0,2,0.0,2788.43,Debit Card,Shipped
ORD-10469,2025-06-28,CUST-1361,Sanjay Jain,Electronics,Laptops,Dell Laptop,South,Andhra Pradesh,Vijayawada,130094.9,2,0.05,107382.29,Cash on Delivery,Delivered
ORD-10470,2025-02-20,CUST-1220,Ritu Agarwal,Electronics,Smartphones,iPhone,West,Gujarat,Surat,314613.4,4,0.05,229215.6,Net Banking,Delivered
ORD-10471,2025-06-10,CUST-1127,Kavita Verma,Office Supplies,Equipment,Calculator,South,Kerala,Thiruvananthapuram,995.35,1,0.15,626.01,Debit Card,Delivered
ORD-10472,2025-11-04,CUST-1754,Unknown Customer,Office Supplies,Paper,Printer Paper,South,Andhra Pradesh,Visakhapatnam,578.0,1,0.15,482.5,Debit Card,Delivered
ORD-10473,2025-01-07,CUST-1691,Sneha Verma,Electronics,Smartphones,Redmi Phone,East,Jharkhand,Ranchi,117404.0,4,0.0,92204.18,Credit Card,Delivered
ORD-10474,2025-07-06,CUST-1204,Priya Gupta,Home Appliances,Cooling,Air Cooler,East,West Bengal,Kolkata,42453.6,3,0.2,31772.8,Net Banking,Delivered
ORD-10475,2025-09-01,CUST-1683,Meena Yadav,Home Appliances,Kitchen,Mixer Grinder,East,Odisha,Bhubaneswar,16595.4,3,0.15,10914.88,Credit Card,Delivered
ORD-10476,2025-02-20,CUST-1756,Rahul Verma,Home Appliances,Cooling,Air Cooler,East,West Bengal,Kolkata,17536.0,2,0.2,13253.85,UPI,Cancelled
ORD-10477,2025-09-24,CUST-1786,Sneha Agarwal,Home Appliances,Cooling,Air Cooler,South,Telangana,Warangal,46516.0,5,0.2,34266.24,UPI,Delivered
ORD-10478,2025-03-02,CUST-1393,Kavita Mishra,Electronics,Laptops,Dell Laptop,East,Jharkhand,Jamshedpur,331835.0,5,0.05,239873.53,Credit Card,Delivered
ORD-10479,2025-07-19,CUST-1500,Rohit Patel,Furniture,Lighting,Table Lamp,East,Jharkhand,Jamshedpur,6385.2,4,0.15,4774.61,Net Banking,Shipped
ORD-10480,2025-12-13,CUST-1362,Varun Mishra,Electronics,Smartphones,iPhone,North,Uttar Pradesh,Prayagraj,259329.6,3,0.2,157341.74,Debit Card,Delivered
ORD-10481,2025-02-19,CUST-1439,Neha Mishra,Furniture,Office Furniture,Office Chair,East,Odisha,Bhubaneswar,44124.0,3,0.0,36516.9,UPI,Returned
ORD-10482,2025-06-06,CUST-1118,Priya Singh,Electronics,Accessories,Headphones,North,Rajasthan,Jodhpur,18089.6,4,0.2,14930.3,Debit Card,Delivered
ORD-10483,2025-12-23,CUST-1481,Shweta Sharma,Office Supplies,Equipment,Calculator,West,Madhya Pradesh,Indore,2675.2,4,0.05,1829.82,Cash on Delivery,Returned
ORD-10484,2025-12-08,CUST-1348,Sanjay Patel,Furniture,Storage,Filing Cabinet,West,Goa,Margao,38281.5,5,0.1,25506.53,Debit Card,Shipped
ORD-10485,2025-07-25,CUST-1232,Meena Verma,Office Supplies,Stationery,Stapler,North,Rajasthan,Jodhpur,2703.0,5,0.15,1763.53,UPI,Cancelled
ORD-10486,2025-06-04,CUST-1517,Varun Yadav,Home Appliances,Cleaning,Vacuum Cleaner,West,Gujarat,Surat,39790.0,5,0.0,30119.48,Cash on Delivery,Returned
ORD-10487,2025-04-06,CUST-1591,Sneha Gupta,Electronics,Smartphones,iPhone,East,Odisha,Cuttack,245791.6,4,0.05,156721.19,Debit Card,Returned
ORD-10488,2025-08-11,CUST-1421,Priya Verma,Office Supplies,Equipment,Calculator,South,Kerala,Thiruvananthapuram,4574.4,3,0.2,3014.68,Credit Card,Delivered
ORD-10489,2025-03-18,CUST-1197,Amit Gupta,Home Appliances,Cleaning,Vacuum Cleaner,West,Madhya Pradesh,Indore,13698.0,2,0.1,8686.01,Debit Card,Returned
ORD-10490,2025-05-23,CUST-1675,Nisha Singh,Electronics,Laptops,Lenovo Laptop,North,Haryana,Gurugram,297640.0,5,0.0,245595.78,Net Banking,Delivered
ORD-10491,2025-12-10,CUST-1674,Anil Yadav,Electronics,Monitors,LG Monitor,South,Tamil Nadu,Chennai,13440.8,1,0.2,8475.35,Debit Card,Delivered
ORD-10492,2025-10-27,CUST-1755,Pooja Gupta,Electronics,Smartphones,OnePlus Phone,East,Bihar,Patna,137192.55,3,0.15,91037.75,Cash on Delivery,Delivered
ORD-10493,2025-09-09,CUST-1547,Neha Verma,Furniture,Storage,Filing Cabinet,West,Madhya Pradesh,Indore,34522.2,3,0.1,27802.15,UPI,Cancelled
ORD-10494,2025-11-07,CUST-1036,Rahul Gupta,Office Supplies,Equipment,Calculator,West,Madhya Pradesh,Indore,10806.25,5,0.05,8800.74,Net Banking,Delivered
ORD-10495,2025-07-21,CUST-1262,Varun Verma,Furniture,Storage,Storage Cabinet,South,Telangana,Hyderabad,23598.0,4,0.1,19270.39,Net Banking,Delivered
ORD-10496,2025-07-31,CUST-1341,Anjali Verma,Office Supplies,Paper,Copy Paper,South,Telangana,Hyderabad,2420.0,4,0.0,1913.0,Credit Card,Cancelled
ORD-10497,2025-08-16,CUST-1657,Vikas Sharma,Office Supplies,Equipment,Calculator,East,Bihar,Gaya,781.85,1,0.05,570.04,Credit Card,Returned
ORD-10498,2025-11-01,CUST-1703,Anjali Mishra,Office Supplies,Stationery,Stapler,East,Jharkhand,Ranchi,2182.5,5,0.1,1417.9,Net Banking,Delivered
ORD-10499,2025-04-04,CUST-1403,Pooja Patel,Furniture,Office Furniture,Office Desk,South,Karnataka,Bengaluru,31498.2,2,0.05,19290.94,Cash on Delivery,Delivered
ORD-10500,2025-11-04,CUST-1267,Vikas Verma,Electronics,Laptops,ASUS Laptop,West,Gujarat,Vadodara,309536.0,4,0.0,203093.07,Credit Card,Delivered
ORD-10501,2025-05-17,CUST-1295,Sneha Yadav,Furniture,Storage,Filing Cabinet,South,Kerala,Kochi,27047.0,4,0.15,21586.64,UPI,Delivered
ORD-10502,2025-05-15,CUST-1242,Meena Agarwal,Electronics,Laptops,ASUS Laptop,South,Telangana,Warangal,112512.8,2,0.15,86827.6,Net Banking,Cancelled
ORD-10503,2025-08-05,CUST-1754,Meena Kumar,Electronics,Laptops,Lenovo Laptop,North,Uttar Pradesh,Prayagraj,127553.4,2,0.1,108316.42,Cash on Delivery,Cancelled
ORD-10504,2025-01-24,CUST-1006,Arjun Jain,Office Supplies,Stationery,Stapler,East,Odisha,Cuttack,299.7,1,0.1,192.55,Net Banking,Delivered
ORD-10505,2025-08-28,CUST-1136,Anil Mishra,Electronics,Monitors,Dell Monitor,East,Bihar,Gaya,47444.4,2,0.1,37336.65,Net Banking,Delivered
ORD-10506,2025-05-15,CUST-1628,Arjun Jain,Office Supplies,Equipment,Paper Shredder,West,Madhya Pradesh,Bhopal,14538.4,2,0.15,8916.48,Credit Card,Delivered
ORD-10507,2025-04-28,CUST-1188,Rahul Agarwal,Home Appliances,Cleaning,Vacuum Cleaner,West,Gujarat,Vadodara,19271.2,4,0.15,13280.36,Cash on Delivery,Delivered
ORD-10508,2025-08-23,CUST-1505,Rohit Singh,Furniture,Storage,Filing Cabinet,North,Punjab,Ludhiana,24003.0,2,0.1,17781.71,Cash on Delivery,Delivered
ORD-10509,2025-10-26,CUST-1005,Ritu Patel,Furniture,Storage,Filing Cabinet,South,Kerala,Kochi,14647.5,3,0.1,11283.38,UPI,Delivered
ORD-10510,2025-07-11,CUST-1605,Rohit Mishra,Home Appliances,Cooling,Air Cooler,South,Karnataka,Bengaluru,58658.4,4,0.1,43908.81,UPI,Delivered
ORD-10511,2025-01-23,CUST-1672,Meena Agarwal,Electronics,Monitors,LG Monitor,West,Gujarat,Ahmedabad,9053.6,1,0.2,7586.69,Net Banking,Delivered
ORD-10512,2025-07-24,CUST-1262,Sanjay Gupta,Furniture,Office Furniture,Office Desk,East,West Bengal,Kolkata,65876.8,4,0.05,41512.3,Net Banking,Returned
ORD-10513,2025-08-10,CUST-1754,Varun Patel,Office Supplies,Equipment,Calculator,South,Telangana,Hyderabad,4800.8,4,0.15,3452.3,Cash on Delivery,Shipped
ORD-10514,2025-08-05,CUST-1093,Anjali Mishra,Electronics,Laptops,Lenovo Laptop,South,Kerala,Thiruvananthapuram,207841.0,4,0.05,173062.32,Cash on Delivery,Cancelled
ORD-10515,2025-11-28,CUST-1538,Anil Kumar,Home Appliances,Cleaning,Vacuum Cleaner,East,Jharkhand,Ranchi,18849.9,2,0.05,13775.0,Debit Card,Shipped
ORD-10516,2025-01-25,CUST-1565,Anil Sharma,Home Appliances,Kitchen,Microwave,North,Rajasthan,Jodhpur,50179.5,5,0.1,33304.89,UPI,Returned
ORD-10517,2025-09-15,CUST-1017,Rohit Agarwal,Electronics,Laptops,ASUS Laptop,South,Tamil Nadu,Coimbatore,157377.6,3,0.2,122915.63,Net Banking,Shipped
ORD-10518,2025-05-16,CUST-1350,Sanjay Gupta,Office Supplies,Equipment,Calculator,South,Karnataka,Mangaluru,6376.0,4,0.0,3834.92,UPI,Delivered
ORD-10519,2025-03-29,CUST-1672,Sneha Agarwal,Office Supplies,Equipment,Paper Shredder,East,Jharkhand,Jamshedpur,13443.45,3,0.05,8520.17,Credit Card,Delivered
ORD-10520,2025-01-09,CUST-1713,Manish Sharma,Furniture,Storage,Filing Cabinet,South,Kerala,Kochi,8440.5,1,0.15,5376.95,Net Banking,Delivered
ORD-10521,2025-03-01,CUST-1171,Vikas Agarwal,Home Appliances,Cooling,Air Cooler,East,Jharkhand,Ranchi,17328.0,2,0.2,13989.98,Net Banking,Delivered
ORD-10522,2025-06-20,CUST-1009,Rohit Yadav,Electronics,Accessories,Mouse,East,Jharkhand,Jamshedpur,8326.4,4,0.2,6504.2,Net Banking,Delivered
ORD-10523,2025-02-01,CUST-1541,Amit Yadav,Home Appliances,Cleaning,Vacuum Cleaner,West,Maharashtra,Nagpur,36315.4,4,0.15,28121.87,UPI,Delivered
ORD-10524,2025-05-28,CUST-1744,Manish Agarwal,Furniture,Lighting,LED Desk Lamp,West,Madhya Pradesh,Bhopal,16698.25,5,0.15,10566.48,Debit Card,Cancelled
ORD-10525,2025-12-31,CUST-1400,Anjali Mishra,Office Supplies,Equipment,Calculator,East,Bihar,Patna,2903.2,4,0.05,1886.71,Cash on Delivery,Delivered
ORD-10526,2025-02-21,CUST-1426,Sneha Kumar,Electronics,Laptops,Lenovo Laptop,South,Tamil Nadu,Madurai,180687.15,3,0.05,116304.47,Cash on Delivery,Delivered
ORD-10527,2025-02-02,CUST-1346,Anjali Verma,Furniture,Storage,Storage Cabinet,South,Karnataka,Mangaluru,35460.0,3,0.0,28102.89,Cash on Delivery,Delivered
ORD-10528,2025-03-19,CUST-1707,Ritu Patel,Home Appliances,Kitchen,Mixer Grinder,North,Uttar Pradesh,Noida,13336.0,5,0.2,8141.53,UPI,Delivered
ORD-10529,2025-11-19,CUST-1121,Manish Mishra,Home Appliances,Cooling,Air Cooler,South,Telangana,Warangal,29881.8,2,0.1,20428.75,Credit Card,Delivered
ORD-10530,2025-04-14,CUST-1450,Anjali Sharma,Office Supplies,Equipment,Calculator,South,Kerala,Thiruvananthapuram,939.6,1,0.1,731.76,Net Banking,Delivered
ORD-10531,2025-11-19,CUST-1681,Deepak Singh,Home Appliances,Cleaning,Vacuum Cleaner,East,Bihar,Patna,48441.6,4,0.1,40494.03,Net Banking,Delivered
ORD-10532,2025-01-06,CUST-1735,Ritu Verma,Home Appliances,Kitchen,Microwave,North,Punjab,Amritsar,13443.0,1,0.0,10284.49,Credit Card,Shipped
ORD-10533,2025-01-30,CUST-1647,Ritu Kumar,Office Supplies,Paper,Printer Paper,East,Jharkhand,Jamshedpur,1248.0,3,0.2,1035.98,Net Banking,Delivered
ORD-10534,2025-11-26,CUST-1211,Nisha Patel,Furniture,Storage,Filing Cabinet,East,Odisha,Cuttack,12424.5,1,0.1,8666.07,Credit Card,Shipped
ORD-10535,2025-10-04,CUST-1291,Manish Verma,Electronics,Laptops,Lenovo Laptop,West,Goa,Panaji,101862.3,2,0.15,86250.75,UPI,Cancelled
ORD-10536,2025-01-31,CUST-1382,Arjun Jain,Electronics,Accessories,Mouse,West,Maharashtra,Mumbai,2214.25,5,0.15,1516.2,Credit Card,Returned
ORD-10537,2025-10-25,CUST-1580,Nisha Patel,Office Supplies,Equipment,Calculator,South,Telangana,Warangal,5943.2,4,0.05,3722.27,Cash on Delivery,Shipped
ORD-10538,2025-04-09,CUST-1798,Neha Agarwal,Home Appliances,Kitchen,Mixer Grinder,North,Delhi,Delhi,5681.0,1,0.05,4085.0,Net Banking,Delivered
ORD-10539,2025-07-09,CUST-1694,Ritu Yadav,Home Appliances,Cleaning,Vacuum Cleaner,East,Odisha,Cuttack,29138.4,4,0.05,21167.49,Net Banking,Cancelled
ORD-10540,2025-08-23,CUST-1133,Ritu Jain,Home Appliances,Kitchen,Electric Kettle,North,Delhi,Delhi,5920.2,2,0.1,4916.28,UPI,Shipped
ORD-10541,2025-07-29,CUST-1113,Rohit Mishra,Electronics,Monitors,LG Monitor,West,Maharashtra,Pune,51129.9,3,0.1,36889.27,Credit Card,Delivered
ORD-10542,2025-10-29,CUST-1432,Rahul Kumar,Home Appliances,Kitchen,Mixer Grinder,West,Gujarat,Ahmedabad,26780.0,5,0.0,21895.51,Net Banking,Delivered
ORD-10543,2025-10-21,CUST-1318,Shweta Agarwal,Furniture,Office Furniture,Bookshelf,West,Madhya Pradesh,Indore,38661.4,4,0.15,24636.81,Debit Card,Delivered
ORD-10544,2025-11-16,CUST-1681,Meena Yadav,Office Supplies,Equipment,Calculator,East,Bihar,Gaya,7225.2,4,0.1,5501.84,Credit Card,Cancelled
ORD-10545,2025-01-13,CUST-1586,Varun Jain,Furniture,Lighting,Table Lamp,North,Rajasthan,Jaipur,13950.75,5,0.05,10988.16,Cash on Delivery,Delivered
ORD-10546,2025-03-03,CUST-1675,Nisha Singh,Furniture,Lighting,LED Desk Lamp,North,Punjab,Ludhiana,2548.0,1,0.2,1732.91,Cash on Delivery,Delivered
ORD-10547,2025-09-09,CUST-1024,Priya Yadav,Office Supplies,Paper,Copy Paper,South,Kerala,Kochi,308.0,1,0.0,226.52,Debit Card,Delivered
ORD-10548,2025-04-04,CUST-1262,Anil Singh,Electronics,Monitors,Dell Monitor,West,Madhya Pradesh,Bhopal,10724.4,1,0.1,7480.11,Debit Card,Delivered
ORD-10549,2025-07-31,CUST-1332,Arjun Yadav,Furniture,Lighting,Table Lamp,North,Uttar Pradesh,Kanpur,9225.6,4,0.2,6423.44,UPI,Delivered
ORD-10550,2025-02-01,CUST-1326,Kavita Jain,Electronics,Accessories,Headphones,East,West Bengal,Siliguri,2073.6,2,0.1,1531.39,Cash on Delivery,Cancelled
ORD-10551,2025-02-21,CUST-1253,Nisha Singh,Electronics,Smartphones,OnePlus Phone,West,Madhya Pradesh,Indore,102662.7,3,0.05,75393.83,Net Banking,Shipped
ORD-10552,2025-08-20,CUST-1043,Amit Agarwal,Electronics,Accessories,Mouse,West,Gujarat,Ahmedabad,6489.75,5,0.15,5515.06,Credit Card,Shipped
ORD-10553,2025-09-19,CUST-1289,Rahul Singh,Home Appliances,Cooling,Air Cooler,North,Punjab,Ludhiana,28606.4,2,0.2,24307.01,Net Banking,Delivered
ORD-10554,2025-11-09,CUST-1517,Priya Mishra,Furniture,Lighting,LED Desk Lamp,West,Madhya Pradesh,Indore,4748.1,3,0.15,3987.21,Debit Card,Delivered
ORD-10555,2025-12-21,CUST-1137,Amit Patel,Furniture,Storage,Storage Cabinet,East,West Bengal,Kolkata,59264.0,4,0.0,47223.11,UPI,Shipped
ORD-10556,2025-01-16,CUST-1688,Kavita Verma,Home Appliances,Kitchen,Electric Kettle,West,Madhya Pradesh,Indore,1284.35,1,0.15,889.57,Credit Card,Delivered
ORD-10557,2025-01-05,CUST-1227,Amit Kumar,Office Supplies,Equipment,Calculator,West,Gujarat,Ahmedabad,2719.8,2,0.1,1656.9,Net Banking,Cancelled
ORD-10558,2025-12-28,CUST-1621,Manish Sharma,Office Supplies,Equipment,Paper Shredder,South,Kerala,Kochi,16188.0,2,0.05,12383.17,Cash on Delivery,Cancelled
ORD-10559,2025-12-16,CUST-1618,Shweta Singh,Electronics,Smartphones,iPhone,North,Rajasthan,Jaipur,527554.0,5,0.05,432726.58,Debit Card,Delivered
ORD-10560,2025-12-14,CUST-1024,Nisha Patel,Home Appliances,Cooling,Air Cooler,West,Madhya Pradesh,Bhopal,33369.3,3,0.15,22307.67,Cash on Delivery,Delivered
ORD-10561,2025-09-11,CUST-1371,Ritu Sharma,Home Appliances,Cooling,Air Cooler,South,Karnataka,Mysuru,15514.2,3,0.15,10063.32,UPI,Shipped
ORD-10562,2025-01-13,CUST-1756,Deepak Yadav,Furniture,Storage,Storage Cabinet,North,Delhi,New Delhi,16256.0,1,0.0,9866.87,Net Banking,Returned
ORD-10563,2025-01-13,CUST-1607,Priya Kumar,Furniture,Storage,Filing Cabinet,South,Karnataka,Mysuru,38514.9,3,0.05,32194.1,Cash on Delivery,Shipped
ORD-10564,2025-08-13,CUST-1783,Rohit Agarwal,Electronics,Accessories,Mouse,North,Uttar Pradesh,Lucknow,1022.0,1,0.0,848.03,Net Banking,Delivered
ORD-10565,2025-06-04,CUST-1626,Anjali Verma,Electronics,Monitors,LG Monitor,North,Uttar Pradesh,Prayagraj,38848.0,4,0.2,30611.87,Credit Card,Returned
ORD-10566,2025-11-03,CUST-1676,Meena Sharma,Home Appliances,Cooling,Air Cooler,East,Jharkhand,Jamshedpur,49992.0,3,0.0,35670.25,Debit Card,Shipped
ORD-10567,2025-04-09,CUST-1111,Rohit Sharma,Furniture,Lighting,LED Desk Lamp,North,Rajasthan,Jaipur,6946.2,3,0.15,5426.06,Net Banking,Delivered
ORD-10568,2025-05-05,CUST-1141,Rahul Sharma,Office Supplies,Paper,Printer Paper,South,Telangana,Warangal,882.0,2,0.1,662.23,Debit Card,Delivered
ORD-10569,2025-01-05,CUST-1531,Shweta Singh,Home Appliances,Cleaning,Vacuum Cleaner,North,Delhi,New Delhi,16594.0,2,0.0,11373.33,Net Banking,Cancelled
ORD-10570,2025-12-21,CUST-1479,Meena Mishra,Office Supplies,Stationery,Notebook,West,Goa,Margao,411.4,4,0.15,269.41,UPI,Cancelled
ORD-10571,2025-04-25,CUST-1710,Deepak Agarwal,Office Supplies,Equipment,Paper Shredder,South,Tamil Nadu,Coimbatore,13830.1,2,0.05,11154.27,UPI,Delivered
ORD-10572,2025-01-06,CUST-1076,Neha Sharma,Home Appliances,Kitchen,Electric Kettle,North,Delhi,Delhi,12370.0,5,0.0,10438.14,Credit Card,Delivered
ORD-10573,2025-05-26,CUST-1179,Deepak Kumar,Furniture,Office Furniture,Office Chair,South,Telangana,Hyderabad,18578.0,2,0.0,11244.31,Credit Card,Delivered
ORD-10574,2025-12-02,CUST-1114,Priya Gupta,Office Supplies,Paper,Printer Paper,West,Madhya Pradesh,Bhopal,2636.0,5,0.2,2162.62,UPI,Delivered
ORD-10575,2025-03-15,CUST-1134,Manish Gupta,Home Appliances,Cooling,Air Cooler,East,Odisha,Cuttack,12874.4,1,0.2,8333.28,Cash on Delivery,Delivered
ORD-10576,2025-03-18,CUST-1336,Deepak Sharma,Home Appliances,Kitchen,Electric Kettle,West,Gujarat,Vadodara,2341.6,1,0.2,1442.94,Cash on Delivery,Delivered
ORD-10577,2025-11-27,CUST-1770,Ritu Mishra,Office Supplies,Equipment,Paper Shredder,East,Jharkhand,Ranchi,41178.25,5,0.15,32074.25,Net Banking,Delivered
ORD-10578,2025-05-18,CUST-1596,Pooja Patel,Furniture,Storage,Filing Cabinet,North,Delhi,New Delhi,30891.6,4,0.1,21817.37,Net Banking,Shipped
ORD-10579,2025-03-22,CUST-1384,Arjun Jain,Office Supplies,Paper,Copy Paper,North,Delhi,New Delhi,1096.0,2,0.0,785.08,Cash on Delivery,Delivered
ORD-10580,2025-08-07,CUST-1462,Kavita Yadav,Office Supplies,Paper,Copy Paper,East,Odisha,Cuttack,289.85,1,0.15,190.85,UPI,Delivered
ORD-10581,2025-02-12,CUST-1302,Ritu Jain,Electronics,Laptops,HP Laptop,North,Punjab,Ludhiana,111009.6,3,0.2,72164.75,Credit Card,Cancelled
ORD-10582,2025-06-18,CUST-1257,Varun Kumar,Office Supplies,Stationery,Pen Set,South,Andhra Pradesh,Vijayawada,1157.7,3,0.15,968.36,Cash on Delivery,Returned
ORD-10583,2025-12-02,CUST-1013,Sneha Jain,Furniture,Lighting,Table Lamp,South,Kerala,Kochi,5622.4,4,0.2,4198.53,Cash on Delivery,Returned
ORD-10584,2025-08-28,CUST-1740,Kavita Mishra,Home Appliances,Cooling,Air Cooler,North,Punjab,Ludhiana,22417.9,2,0.15,18231.04,UPI,Delivered
ORD-10585,2025-03-13,CUST-1592,Vikas Kumar,Office Supplies,Paper,Printer Paper,North,Haryana,Panipat,1587.8,4,0.15,1255.49,Cash on Delivery,Delivered
ORD-10586,2025-06-16,CUST-1602,Amit Patel,Office Supplies,Equipment,Paper Shredder,North,Delhi,New Delhi,19284.8,4,0.15,11878.04,Net Banking,Delivered
ORD-10587,2025-09-01,CUST-1112,Priya Patel,Furniture,Office Furniture,Bookshelf,East,Odisha,Bhubaneswar,34550.0,5,0.0,27868.68,Cash on Delivery,Delivered
ORD-10588,2025-01-14,CUST-1192,Manish Verma,Furniture,Storage,Filing Cabinet,East,Odisha,Bhubaneswar,21387.6,4,0.1,15605.1,Credit Card,Delivered
ORD-10589,2025-07-30,CUST-1401,Sanjay Verma,Home Appliances,Cooling,Air Cooler,South,Andhra Pradesh,Visakhapatnam,35651.6,4,0.05,29149.19,Debit Card,Delivered
ORD-10590,2025-12-30,CUST-1681,Sneha Singh,Home Appliances,Cleaning,Vacuum Cleaner,West,Gujarat,Vadodara,6236.45,1,0.15,3841.61,Net Banking,Shipped
ORD-10591,2025-05-07,CUST-1539,Priya Patel,Electronics,Laptops,Lenovo Laptop,East,Jharkhand,Jamshedpur,225813.6,4,0.1,157566.54,Credit Card,Delivered
ORD-10592,2025-05-08,CUST-1184,Meena Yadav,Electronics,Accessories,Headphones,East,Jharkhand,Ranchi,2814.85,1,0.05,1881.57,Cash on Delivery,Delivered
ORD-10593,2025-12-08,CUST-1069,Manish Agarwal,Electronics,Laptops,Lenovo Laptop,East,West Bengal,Siliguri,264297.6,4,0.05,175279.96,Cash on Delivery,Delivered
ORD-10594,2025-08-25,CUST-1028,Anil Agarwal,Furniture,Storage,Filing Cabinet,East,Odisha,Cuttack,9105.0,1,0.0,7077.09,Credit Card,Delivered
ORD-10595,2025-12-10,CUST-1767,Kavita Agarwal,Furniture,Lighting,LED Desk Lamp,East,West Bengal,Kolkata,5270.4,2,0.1,4271.08,Credit Card,Returned
ORD-10596,2025-01-10,CUST-1622,Rohit Singh,Furniture,Office Furniture,Bookshelf,West,Maharashtra,Nashik,8052.2,1,0.05,5718.39,Credit Card,Delivered
ORD-10597,2025-01-18,CUST-1692,Nisha Gupta,Home Appliances,Cooling,Air Cooler,East,West Bengal,Kolkata,21945.6,4,0.2,13192.96,Net Banking,Returned
ORD-10598,2025-04-14,CUST-1256,Neha Gupta,Home Appliances,Kitchen,Mixer Grinder,South,Karnataka,Bengaluru,12222.0,3,0.0,8007.15,UPI,Returned
ORD-10599,2025-12-07,CUST-1172,Sanjay Sharma,Office Supplies,Equipment,Calculator,East,West Bengal,Siliguri,3696.0,5,0.2,2582.64,Net Banking,Delivered
ORD-10600,2025-04-29,CUST-1219,Rohit Mishra,Home Appliances,Cooling,Air Cooler,West,Gujarat,Ahmedabad,11757.2,1,0.05,8402.8,UPI,Cancelled
ORD-10601,2025-05-23,CUST-1666,Meena Mishra,Home Appliances,Cleaning,Vacuum Cleaner,North,Uttar Pradesh,Kanpur,11027.2,1,0.2,7089.0,UPI,Shipped
ORD-10602,2025-06-16,CUST-1647,Pooja Singh,Office Supplies,Equipment,Paper Shredder,West,Gujarat,Vadodara,6745.0,1,0.0,5073.14,Cash on Delivery,Delivered
ORD-10603,2025-07-15,CUST-1524,Deepak Jain,Electronics,Monitors,Dell Monitor,North,Delhi,New Delhi,57536.0,4,0.2,35663.54,Credit Card,Delivered
ORD-10604,2025-09-13,CUST-1304,Manish Singh,Furniture,Lighting,LED Desk Lamp,East,Bihar,Patna,4182.3,3,0.1,2841.39,UPI,Shipped
ORD-10605,2025-08-01,CUST-1664,Varun Sharma,Furniture,Office Furniture,Bookshelf,South,Telangana,Warangal,14150.25,1,0.05,11325.34,Credit Card,Shipped
ORD-10606,2025-07-15,CUST-1534,Priya Singh,Home Appliances,Kitchen,Mixer Grinder,East,West Bengal,Kolkata,3476.05,1,0.05,2194.74,Credit Card,Shipped
ORD-10607,2025-10-09,CUST-1210,Deepak Jain,Home Appliances,Cleaning,Vacuum Cleaner,North,Haryana,Panipat,15320.4,2,0.15,9868.01,Credit Card,Delivered
ORD-10608,2025-05-27,CUST-1591,Kavita Gupta,Office Supplies,Paper,Copy Paper,West,Madhya Pradesh,Bhopal,834.7,2,0.15,589.03,Cash on Delivery,Cancelled
ORD-10609,2025-08-10,CUST-1779,Vikas Agarwal,Electronics,Monitors,Samsung Monitor,North,Haryana,Faridabad,60024.0,5,0.2,46918.48,Debit Card,Delivered
ORD-10610,2025-08-26,CUST-1314,Kavita Kumar,Office Supplies,Stationery,Stapler,East,Jharkhand,Ranchi,1330.0,4,0.05,1102.61,UPI,Delivered
ORD-10611,2025-09-14,CUST-1748,Neha Agarwal,Office Supplies,Paper,Copy Paper,East,Jharkhand,Jamshedpur,1387.2,3,0.2,857.02,UPI,Delivered
ORD-10612,2025-07-17,CUST-1580,Sanjay Gupta,Home Appliances,Cooling,Air Cooler,East,Odisha,Cuttack,14164.4,1,0.15,11779.54,Credit Card,Delivered
ORD-10613,2025-09-02,CUST-1036,Neha Sharma,Furniture,Storage,Filing Cabinet,South,Telangana,Warangal,68756.25,5,0.05,41465.82,UPI,Cancelled
ORD-10614,2025-12-31,CUST-1394,Pooja Patel,Home Appliances,Kitchen,Microwave,North,Rajasthan,Jaipur,28682.4,3,0.2,24148.31,Net Banking,Shipped
ORD-10615,2025-06-07,CUST-1752,Anjali Verma,Furniture,Storage,Filing Cabinet,North,Rajasthan,Jodhpur,40188.0,4,0.0,34029.45,Net Banking,Delivered
ORD-10616,2025-02-19,CUST-1072,Anjali Jain,Furniture,Office Furniture,Office Desk,East,Odisha,Cuttack,23561.9,2,0.05,17002.69,Cash on Delivery,Delivered
ORD-10617,2025-08-19,CUST-1581,Manish Singh,Furniture,Office Furniture,Office Desk,South,Karnataka,Mangaluru,71811.2,4,0.2,45047.08,Credit Card,Delivered
ORD-10618,2025-05-31,CUST-1088,Pooja Verma,Electronics,Smartphones,Redmi Phone,West,Maharashtra,Nagpur,53212.0,4,0.0,32739.43,UPI,Cancelled
ORD-10619,2025-10-26,CUST-1043,Rohit Gupta,Office Supplies,Paper,Copy Paper,North,Haryana,Panipat,1425.45,3,0.15,975.2,Debit Card,Delivered
ORD-10620,2025-05-03,CUST-1370,Pooja Yadav,Electronics,Laptops,ASUS Laptop,North,Punjab,Amritsar,216400.0,4,0.0,162403.29,Cash on Delivery,Delivered
ORD-10621,2025-12-25,CUST-1770,Deepak Mishra,Furniture,Office Furniture,Bookshelf,East,Jharkhand,Jamshedpur,11534.4,3,0.1,9439.28,Debit Card,Cancelled
ORD-10622,2025-08-16,CUST-1240,Meena Agarwal,Home Appliances,Cleaning,Vacuum Cleaner,East,West Bengal,Siliguri,31404.8,4,0.2,20374.47,Credit Card,Returned
ORD-10623,2025-09-24,CUST-1586,Ritu Sharma,Office Supplies,Equipment,Paper Shredder,South,Kerala,Kochi,19283.1,2,0.15,16173.95,Net Banking,Cancelled
ORD-10624,2025-10-04,CUST-1247,Deepak Gupta,Home Appliances,Cooling,Air Cooler,South,Karnataka,Bengaluru,19293.3,2,0.15,15272.14,Credit Card,Cancelled
ORD-10625,2025-05-12,CUST-1682,Sneha Verma,Electronics,Monitors,Dell Monitor,South,Andhra Pradesh,Visakhapatnam,148415.0,5,0.0,112943.32,Net Banking,Cancelled
ORD-10626,2025-07-15,CUST-1670,Nisha Yadav,Electronics,Monitors,Dell Monitor,South,Tamil Nadu,Coimbatore,11628.0,1,0.1,9129.67,Credit Card,Cancelled
ORD-10627,2025-03-01,CUST-1587,Neha Singh,Office Supplies,Stationery,Stapler,West,Madhya Pradesh,Bhopal,1462.0,5,0.15,1235.33,Debit Card,Returned
ORD-10628,2025-07-06,CUST-1696,Vikas Jain,Electronics,Accessories,Mouse,South,Karnataka,Mysuru,3258.5,2,0.05,2362.28,Net Banking,Delivered
ORD-10629,2025-11-04,CUST-1291,Vikas Sharma,Office Supplies,Equipment,Paper Shredder,West,Goa,Panaji,14499.0,2,0.1,11251.73,Net Banking,Delivered
ORD-10630,2025-06-20,CUST-1157,Manish Gupta,Home Appliances,Cleaning,Vacuum Cleaner,North,Delhi,Delhi,11880.45,1,0.15,8130.42,Net Banking,Delivered
ORD-10631,2025-07-20,CUST-1401,Anil Jain,Home Appliances,Kitchen,Mixer Grinder,West,Goa,Panaji,7946.1,3,0.1,5676.56,Credit Card,Shipped
ORD-10632,2025-03-12,CUST-1453,Sneha Kumar,Furniture,Lighting,Table Lamp,South,Tamil Nadu,Chennai,3468.45,3,0.05,2407.59,Net Banking,Cancelled
ORD-10633,2025-03-28,CUST-1058,Rohit Mishra,Electronics,Monitors,Samsung Monitor,East,Bihar,Patna,50551.2,4,0.15,33426.99,UPI,Delivered
ORD-10634,2025-07-23,CUST-1501,Varun Patel,Home Appliances,Cooling,Air Cooler,South,Kerala,Kochi,41718.0,3,0.15,28861.8,UPI,Delivered
ORD-10635,2025-02-12,CUST-1125,Sneha Jain,Home Appliances,Cleaning,Vacuum Cleaner,South,Karnataka,Mangaluru,33859.75,5,0.15,24414.5,Net Banking,Delivered
ORD-10636,2025-10-20,CUST-1129,Rohit Mishra,Home Appliances,Cooling,Air Cooler,North,Rajasthan,Jaipur,48352.0,4,0.2,38481.84,Cash on Delivery,Delivered
ORD-10637,2025-02-02,CUST-1532,Shweta Jain,Furniture,Lighting,Table Lamp,North,Delhi,New Delhi,2367.9,1,0.1,1493.58,Credit Card,Shipped
ORD-10638,2025-04-16,CUST-1669,Sanjay Verma,Electronics,Monitors,LG Monitor,West,Maharashtra,Mumbai,62147.75,5,0.15,52469.84,UPI,Delivered
ORD-10639,2025-06-03,CUST-1048,Ritu Kumar,Office Supplies,Equipment,Paper Shredder,East,Bihar,Gaya,33636.0,5,0.2,21946.14,UPI,Cancelled
ORD-10640,2025-01-23,CUST-1243,Rahul Gupta,Furniture,Lighting,Table Lamp,South,Telangana,Hyderabad,10215.0,5,0.1,6457.14,Cash on Delivery,Delivered
ORD-10641,2025-02-08,CUST-1564,Arjun Kumar,Home Appliances,Kitchen,Microwave,East,Bihar,Gaya,29907.2,4,0.2,19467.81,Debit Card,Cancelled
ORD-10642,2025-12-23,CUST-1662,Manish Mishra,Office Supplies,Paper,Copy Paper,South,Kerala,Kochi,531.05,1,0.05,328.92,UPI,Shipped
ORD-10643,2025-02-26,CUST-1701,Nisha Yadav,Electronics,Monitors,LG Monitor,North,Punjab,Jalandhar,39312.9,3,0.05,26277.2,UPI,Delivered
ORD-10644,2025-04-24,CUST-1388,Rohit Verma,Home Appliances,Kitchen,Electric Kettle,South,Andhra Pradesh,Visakhapatnam,9026.1,3,0.1,6660.23,Cash on Delivery,Delivered
ORD-10645,2025-01-25,CUST-1175,Priya Yadav,Home Appliances,Cooling,Air Cooler,South,Telangana,Warangal,14772.0,3,0.2,11497.13,Credit Card,Delivered
ORD-10646,2025-07-13,CUST-1582,Arjun Sharma,Home Appliances,Cooling,Air Cooler,West,Gujarat,Vadodara,23743.8,2,0.1,18985.95,Cash on Delivery,Delivered
ORD-10647,2025-05-22,CUST-1439,Ritu Gupta,Home Appliances,Cleaning,Vacuum Cleaner,West,Maharashtra,Nagpur,5943.2,1,0.05,4969.8,Credit Card,Shipped
ORD-10648,2025-01-30,CUST-1087,Varun Jain,Furniture,Storage,Storage Cabinet,East,West Bengal,Siliguri,68900.0,5,0.2,53361.02,Net Banking,Delivered
ORD-10649,2025-11-12,CUST-1195,Amit Yadav,Electronics,Accessories,Keyboard,West,Gujarat,Vadodara,8174.75,5,0.05,5058.38,Credit Card,Shipped
ORD-10650,2025-06-30,CUST-1053,Anjali Agarwal,Electronics,Monitors,Samsung Monitor,East,Bihar,Gaya,55330.0,2,0.0,37210.32,Net Banking,Delivered
ORD-10651,2025-05-16,CUST-1219,Amit Patel,Electronics,Accessories,Headphones,East,Bihar,Gaya,5295.6,4,0.1,3185.16,Net Banking,Delivered
ORD-10652,2025-06-02,CUST-1363,Rohit Sharma,Office Supplies,Stationery,Notebook,West,Gujarat,Surat,1333.8,4,0.05,828.54,Cash on Delivery,Delivered
ORD-10653,2025-07-30,CUST-1127,Sneha Sharma,Home Appliances,Cleaning,Vacuum Cleaner,South,Telangana,Hyderabad,27976.05,3,0.15,23025.64,Cash on Delivery,Returned
ORD-10654,2025-05-18,CUST-1112,Kavita Agarwal,Home Appliances,Kitchen,Microwave,South,Tamil Nadu,Coimbatore,16744.7,2,0.05,11239.46,Credit Card,Delivered
ORD-10655,2025-08-04,CUST-1762,Priya Sharma,Office Supplies,Stationery,Pen Set,South,Tamil Nadu,Coimbatore,2254.2,4,0.15,1803.26,Credit Card,Delivered
ORD-10656,2025-07-24,CUST-1514,Pooja Singh,Furniture,Office Furniture,Office Desk,North,Uttar Pradesh,Lucknow,40123.25,5,0.05,24595.95,Debit Card,Delivered
ORD-10657,2025-11-02,CUST-1756,Amit Yadav,Home Appliances,Kitchen,Microwave,East,Odisha,Cuttack,32524.2,2,0.05,25444.08,Credit Card,Delivered
ORD-10658,2025-05-24,CUST-1786,Rohit Kumar,Home Appliances,Cooling,Air Cooler,South,Kerala,Kochi,76057.0,5,0.05,49221.6,Cash on Delivery,Cancelled
ORD-10659,2025-11-21,CUST-1153,Deepak Verma,Office Supplies,Stationery,Notebook,South,Kerala,Kochi,348.8,4,0.2,226.69,UPI,Delivered
ORD-10660,2025-07-28,CUST-1538,Varun Gupta,Home Appliances,Kitchen,Electric Kettle,South,Telangana,Warangal,4359.6,4,0.1,2735.71,Debit Card,Delivered
ORD-10661,2025-06-29,CUST-1729,Anjali Gupta,Electronics,Laptops,HP Laptop,West,Maharashtra,Pune,140254.2,3,0.1,100704.56,Cash on Delivery,Delivered
ORD-10662,2025-08-09,CUST-1190,Arjun Agarwal,Electronics,Laptops,HP Laptop,West,Goa,Margao,333668.5,5,0.05,227829.83,Debit Card,Cancelled
ORD-10663,2025-10-29,CUST-1542,Meena Mishra,Home Appliances,Kitchen,Mixer Grinder,South,Telangana,Hyderabad,6970.0,2,0.0,5204.08,Credit Card,Delivered
ORD-10664,2025-12-27,CUST-1457,Rohit Verma,Furniture,Lighting,Table Lamp,West,Goa,Margao,1256.85,1,0.05,885.52,Debit Card,Returned
ORD-10665,2025-10-14,CUST-1356,Neha Agarwal,Home Appliances,Cleaning,Vacuum Cleaner,North,Haryana,Gurugram,26668.8,2,0.1,20646.36,Credit Card,Delivered
ORD-10666,2025-01-24,CUST-1580,Rahul Gupta,Furniture,Storage,Storage Cabinet,East,Jharkhand,Ranchi,52670.25,5,0.15,39597.74,Credit Card,Delivered
ORD-10667,2025-01-02,CUST-1164,Shweta Gupta,Office Supplies,Paper,Printer Paper,North,Rajasthan,Jodhpur,1652.4,3,0.1,1219.53,Credit Card,Delivered
ORD-10668,2025-01-24,CUST-1547,Deepak Kumar,Furniture,Storage,Filing Cabinet,North,Delhi,Delhi,13504.0,2,0.2,8494.64,Debit Card,Cancelled
ORD-10669,2025-11-06,CUST-1378,Priya Verma,Office Supplies,Paper,Printer Paper,West,Gujarat,Surat,603.9,1,0.1,395.45,Debit Card,Delivered
ORD-10670,2025-05-12,CUST-1017,Nisha Patel,Office Supplies,Equipment,Calculator,North,Haryana,Panipat,3423.6,4,0.1,2284.22,Cash on Delivery,Cancelled
ORD-10671,2025-07-22,CUST-1160,Kavita Gupta,Home Appliances,Kitchen,Microwave,East,Odisha,Bhubaneswar,27599.4,2,0.05,22187.14,Credit Card,Delivered
ORD-10672,2025-10-19,CUST-1503,Sanjay Kumar,Furniture,Storage,Filing Cabinet,North,Punjab,Ludhiana,7351.0,1,0.0,5194.21,Net Banking,Cancelled
ORD-10673,2025-07-26,CUST-1103,Ritu Singh,Home Appliances,Cleaning,Vacuum Cleaner,North,Rajasthan,Jaipur,5222.0,1,0.0,3305.76,UPI,Delivered
ORD-10674,2025-03-15,CUST-1643,Meena Sharma,Office Supplies,Equipment,Calculator,North,Uttar Pradesh,Prayagraj,1334.5,2,0.15,1054.15,Net Banking,Returned
ORD-10675,2025-03-25,CUST-1315,Priya Agarwal,Office Supplies,Equipment,Calculator,South,Tamil Nadu,Chennai,2189.0,1,0.0,1369.67,Debit Card,Delivered
ORD-10676,2025-09-19,CUST-1426,Vikas Sharma,Home Appliances,Cleaning,Vacuum Cleaner,South,Karnataka,Bengaluru,27642.15,3,0.05,22954.67,Net Banking,Cancelled
ORD-10677,2025-02-27,CUST-1504,Sanjay Verma,Office Supplies,Stationery,Stapler,South,Karnataka,Mysuru,731.7,3,0.1,607.92,UPI,Delivered
ORD-10678,2025-11-06,CUST-1155,Sanjay Yadav,Home Appliances,Kitchen,Electric Kettle,West,Gujarat,Vadodara,5872.5,3,0.1,4808.7,Debit Card,Delivered
ORD-10679,2025-12-05,CUST-1378,Arjun Verma,Office Supplies,Stationery,Pen Set,North,Delhi,New Delhi,2356.0,4,0.0,1480.25,Net Banking,Cancelled
ORD-10680,2025-05-23,CUST-1149,Anil Mishra,Office Supplies,Paper,Copy Paper,South,Tamil Nadu,Coimbatore,1686.4,4,0.15,1265.53,Debit Card,Delivered
ORD-10681,2025-12-01,CUST-1252,Pooja Yadav,Home Appliances,Kitchen,Electric Kettle,East,Jharkhand,Ranchi,10105.6,4,0.2,8025.34,Credit Card,Cancelled
ORD-10682,2025-02-14,CUST-1241,Neha Sharma,Home Appliances,Kitchen,Mixer Grinder,South,Karnataka,Mysuru,4824.9,1,0.1,3918.73,Credit Card,Delivered
ORD-10683,2025-08-24,CUST-1148,Nisha Yadav,Electronics,Smartphones,Samsung Galaxy,South,Tamil Nadu,Chennai,85474.0,2,0.0,66159.49,Net Banking,Delivered
ORD-10684,2025-01-28,CUST-1719,Rohit Patel,Furniture,Office Furniture,Office Chair,North,Haryana,Panipat,21942.0,3,0.0,14509.4,UPI,Shipped
ORD-10685,2025-08-02,CUST-1154,Sanjay Agarwal,Home Appliances,Cleaning,Vacuum Cleaner,South,Andhra Pradesh,Visakhapatnam,18777.6,4,0.1,11788.89,UPI,Cancelled
ORD-10686,2025-01-17,CUST-1619,Sanjay Jain,Home Appliances,Cooling,Air Cooler,South,Karnataka,Mysuru,79447.5,5,0.1,65924.55,Cash on Delivery,Delivered
ORD-10687,2025-12-30,CUST-1233,Anjali Singh,Furniture,Lighting,Table Lamp,West,Maharashtra,Nashik,3910.2,4,0.05,2729.6,Cash on Delivery,Shipped
ORD-10688,2025-02-09,CUST-1710,Kavita Agarwal,Furniture,Office Furniture,Office Desk,West,Madhya Pradesh,Indore,51768.0,4,0.1,32463.72,UPI,Delivered
ORD-10689,2025-11-05,CUST-1798,Priya Sharma,Electronics,Laptops,Dell Laptop,South,Telangana,Hyderabad,228235.5,5,0.1,147653.75,Credit Card,Cancelled
ORD-10690,2025-01-17,CUST-1247,Arjun Verma,Electronics,Laptops,Lenovo Laptop,North,Rajasthan,Jodhpur,60224.0,1,0.0,50897.43,Debit Card,Delivered
ORD-10691,2025-09-14,CUST-1200,Priya Yadav,Electronics,Monitors,LG Monitor,West,Gujarat,Vadodara,49236.0,5,0.2,39481.05,Credit Card,Delivered
ORD-10692,2025-10-28,CUST-1392,Sneha Patel,Furniture,Lighting,LED Desk Lamp,North,Punjab,Ludhiana,3563.0,1,0.0,2986.52,Credit Card,Delivered
ORD-10693,2025-12-15,CUST-1670,Vikas Singh,Office Supplies,Paper,Copy Paper,West,Madhya Pradesh,Bhopal,2350.0,5,0.0,1933.27,Net Banking,Delivered
ORD-10694,2025-04-17,CUST-1626,Meena Verma,Electronics,Laptops,Dell Laptop,South,Andhra Pradesh,Visakhapatnam,142065.6,3,0.15,88581.95,Debit Card,Delivered
ORD-10695,2025-06-01,CUST-1166,Anil Kumar,Electronics,Smartphones,Redmi Phone,West,Goa,Panaji,68868.9,3,0.1,54460.6,Net Banking,Cancelled
ORD-10696,2025-03-13,CUST-1127,Shweta Agarwal,Home Appliances,Cleaning,Vacuum Cleaner,North,Punjab,Amritsar,35225.6,4,0.2,28575.32,Debit Card,Delivered
ORD-10697,2025-02-12,CUST-1699,Anjali Jain,Electronics,Smartphones,Samsung Galaxy,East,Odisha,Bhubaneswar,44820.0,2,0.1,31103.08,Cash on Delivery,Delivered
ORD-10698,2025-02-07,CUST-1229,Pooja Agarwal,Home Appliances,Cooling,Air Cooler,North,Punjab,Amritsar,7035.7,1,0.05,5508.56,Net Banking,Returned
ORD-10699,2025-08-10,CUST-1205,Pooja Mishra,Home Appliances,Kitchen,Electric Kettle,North,Punjab,Amritsar,5284.8,4,0.1,3771.47,Cash on Delivery,Delivered
ORD-10700,2025-08-29,CUST-1150,Manish Mishra,Electronics,Monitors,LG Monitor,North,Rajasthan,Jodhpur,63972.0,4,0.0,41765.61,UPI,Returned
ORD-10701,2025-12-17,CUST-1434,Arjun Kumar,Electronics,Monitors,LG Monitor,South,Karnataka,Bengaluru,15958.75,1,0.15,13051.42,Cash on Delivery,Delivered
ORD-10702,2025-12-09,CUST-1266,Sanjay Sharma,Office Supplies,Stationery,Notebook,North,Haryana,Faridabad,800.7,3,0.15,575.6,Credit Card,Cancelled
ORD-10703,2025-08-12,CUST-1364,Shweta Yadav,Furniture,Office Furniture,Bookshelf,North,Rajasthan,Kota,66975.0,5,0.05,45605.5,Debit Card,Delivered
ORD-10704,2025-03-19,CUST-1470,Vikas Agarwal,Office Supplies,Equipment,Calculator,West,Maharashtra,Nashik,9237.8,4,0.05,7007.55,Cash on Delivery,Delivered
ORD-10705,2025-01-19,CUST-1224,Manish Yadav,Furniture,Storage,Filing Cabinet,South,Andhra Pradesh,Visakhapatnam,28900.0,2,0.0,20015.1,Debit Card,Delivered
ORD-10706,2025-06-04,CUST-1315,Ritu Verma,Home Appliances,Cleaning,Vacuum Cleaner,East,Jharkhand,Jamshedpur,47908.0,5,0.2,40411.24,Debit Card,Delivered
ORD-10707,2025-04-01,CUST-1470,Anjali Mishra,Home Appliances,Cleaning,Vacuum Cleaner,South,Andhra Pradesh,Vijayawada,30848.0,4,0.2,25741.9,UPI,Delivered
ORD-10708,2025-02-23,CUST-1092,Amit Patel,Electronics,Accessories,Headphones,East,West Bengal,Siliguri,38005.0,5,0.0,29147.08,Net Banking,Delivered
ORD-10709,2025-04-25,CUST-1796,Kavita Jain,Home Appliances,Kitchen,Microwave,East,West Bengal,Kolkata,46801.0,4,0.15,28169.58,Debit Card,Returned
ORD-10710,2025-04-25,CUST-1520,Varun Kumar,Furniture,Office Furniture,Office Desk,West,Goa,Margao,8508.0,1,0.0,5431.03,Debit Card,Returned
ORD-10711,2025-09-23,CUST-1760,Meena Mishra,Home Appliances,Kitchen,Electric Kettle,West,Gujarat,Vadodara,5724.8,4,0.2,4357.19,UPI,Returned
ORD-10712,2025-10-23,CUST-1440,Vikas Yadav,Furniture,Storage,Filing Cabinet,South,Kerala,Thiruvananthapuram,5655.2,1,0.2,3560.48,Cash on Delivery,Returned
ORD-10713,2025-07-20,CUST-1781,Arjun Jain,Electronics,Laptops,HP Laptop,South,Telangana,Hyderabad,145209.6,4,0.2,92681.79,Cash on Delivery,Cancelled
ORD-10714,2025-10-06,CUST-1081,Shweta Yadav,Office Supplies,Stationery,Notebook,North,Delhi,Delhi,478.8,2,0.05,351.37,Credit Card,Cancelled
ORD-10715,2025-07-13,CUST-1789,Arjun Sharma,Electronics,Laptops,HP Laptop,West,Maharashtra,Pune,258104.0,4,0.0,161771.63,Debit Card,Delivered
ORD-10716,2025-04-03,CUST-1096,Anil Agarwal,Electronics,Accessories,Keyboard,West,Gujarat,Surat,3743.4,4,0.15,3143.72,UPI,Delivered
ORD-10717,2025-12-18,CUST-1430,Pooja Mishra,Office Supplies,Stationery,Notebook,East,Bihar,Patna,1692.0,5,0.2,1376.78,UPI,Delivered
ORD-10718,2025-06-27,CUST-1496,Meena Patel,Electronics,Smartphones,Samsung Galaxy,North,Delhi,Delhi,78036.0,5,0.2,56805.23,Credit Card,Delivered
ORD-10719,2025-07-06,CUST-1118,Manish Sharma,Electronics,Smartphones,iPhone,West,Gujarat,Ahmedabad,246696.0,3,0.05,206807.07,Debit Card,Cancelled
ORD-10720,2025-10-10,CUST-1668,Varun Agarwal,Furniture,Storage,Filing Cabinet,East,Jharkhand,Jamshedpur,16328.5,2,0.15,10217.13,Cash on Delivery,Delivered
ORD-10721,2025-03-26,CUST-1211,Sneha Yadav,Office Supplies,Equipment,Calculator,East,Jharkhand,Jamshedpur,5457.0,5,0.15,3546.67,Debit Card,Delivered
ORD-10722,2025-11-20,CUST-1066,Kavita Singh,Home Appliances,Cleaning,Vacuum Cleaner,North,Rajasthan,Jodhpur,21960.0,4,0.0,14163.67,Debit Card,Delivered
ORD-10723,2025-04-06,CUST-1367,Deepak Verma,Furniture,Storage,Filing Cabinet,South,Telangana,Warangal,10219.0,1,0.0,7962.65,Credit Card,Delivered
ORD-10724,2025-10-18,CUST-1330,Deepak Jain,Furniture,Lighting,Table Lamp,North,Haryana,Faridabad,1550.4,1,0.2,1297.01,UPI,Shipped
ORD-10725,2025-11-27,CUST-1432,Anjali Mishra,Electronics,Accessories,Mouse,West,Gujarat,Ahmedabad,1380.4,1,0.15,869.4,Net Banking,Delivered
ORD-10726,2025-11-04,CUST-1335,Shweta Yadav,Office Supplies,Stationery,Stapler,South,Andhra Pradesh,Vijayawada,654.5,5,0.15,439.23,Net Banking,Delivered
ORD-10727,2025-10-01,CUST-1541,Rahul Mishra,Electronics,Accessories,Headphones,North,Uttar Pradesh,Noida,8775.0,3,0.1,6918.41,Net Banking,Delivered
ORD-10728,2025-10-12,CUST-1794,Priya Agarwal,Home Appliances,Cleaning,Vacuum Cleaner,North,Haryana,Faridabad,20049.0,3,0.0,13152.22,UPI,Delivered
ORD-10729,2025-02-23,CUST-1331,Anjali Gupta,Office Supplies,Equipment,Calculator,South,Karnataka,Bengaluru,1031.0,1,0.0,647.16,Debit Card,Delivered
ORD-10730,2025-05-16,CUST-1338,Meena Yadav,Home Appliances,Kitchen,Mixer Grinder,West,Gujarat,Ahmedabad,8908.8,3,0.2,7322.58,Net Banking,Cancelled
ORD-10731,2025-08-17,CUST-1685,Rohit Jain,Home Appliances,Cleaning,Vacuum Cleaner,South,Andhra Pradesh,Visakhapatnam,34800.0,4,0.0,23175.16,Debit Card,Cancelled
ORD-10732,2025-02-12,CUST-1362,Nisha Gupta,Home Appliances,Kitchen,Mixer Grinder,South,Karnataka,Bengaluru,3629.5,1,0.15,2920.4,Credit Card,Delivered
ORD-10733,2025-02-23,CUST-1349,Manish Patel,Furniture,Lighting,Table Lamp,West,Goa,Margao,3052.8,2,0.1,2125.95,Net Banking,Returned
ORD-10734,2025-11-14,CUST-1526,Manish Yadav,Home Appliances,Kitchen,Electric Kettle,South,Karnataka,Mysuru,10092.0,3,0.0,6426.81,UPI,Cancelled
ORD-10735,2025-02-26,CUST-1247,Amit Agarwal,Home Appliances,Cooling,Air Cooler,South,Telangana,Hyderabad,31053.0,3,0.0,25827.77,UPI,Delivered
ORD-10736,2025-08-09,CUST-1218,Vikas Yadav,Home Appliances,Cleaning,Vacuum Cleaner,East,Odisha,Bhubaneswar,4934.25,1,0.15,3863.52,Net Banking,Delivered
ORD-10737,2025-05-31,CUST-1194,Pooja Singh,Electronics,Laptops,Dell Laptop,West,Madhya Pradesh,Indore,64390.0,1,0.0,39489.39,UPI,Shipped
ORD-10738,2025-05-17,CUST-1245,Anil Jain,Home Appliances,Cleaning,Vacuum Cleaner,North,Punjab,Ludhiana,7741.8,1,0.1,5603.46,Credit Card,Returned
ORD-10739,2025-04-15,CUST-1356,Varun Patel,Furniture,Lighting,LED Desk Lamp,West,Maharashtra,Mumbai,10878.45,3,0.05,6990.04,UPI,Delivered
ORD-10740,2025-04-06,CUST-1341,Kavita Singh,Office Supplies,Stationery,Notebook,North,Haryana,Faridabad,396.15,3,0.05,304.96,UPI,Shipped
ORD-10741,2025-06-30,CUST-1486,Shweta Sharma,Electronics,Laptops,HP Laptop,East,Bihar,Gaya,302773.5,5,0.1,244895.24,Cash on Delivery,Shipped
ORD-10742,2025-03-27,CUST-1774,Vikas Verma,Office Supplies,Paper,Copy Paper,North,Punjab,Jalandhar,1428.3,3,0.1,1093.87,Debit Card,Delivered
ORD-10743,2025-08-23,CUST-1014,Neha Kumar,Office Supplies,Equipment,Calculator,West,Madhya Pradesh,Bhopal,2546.0,2,0.05,1947.29,Credit Card,Delivered
ORD-10744,2025-09-12,CUST-1032,Deepak Patel,Electronics,Smartphones,Redmi Phone,East,Odisha,Bhubaneswar,15180.0,1,0.2,12520.55,Net Banking,Shipped
ORD-10745,2025-03-31,CUST-1272,Neha Mishra,Office Supplies,Stationery,Notebook,East,Jharkhand,Jamshedpur,1647.0,5,0.1,1331.67,UPI,Delivered
ORD-10746,2025-08-21,CUST-1581,Neha Kumar,Furniture,Storage,Filing Cabinet,North,Uttar Pradesh,Noida,38988.0,5,0.2,28833.0,Credit Card,Delivered
ORD-10747,2025-09-07,CUST-1296,Anil Kumar,Furniture,Storage,Filing Cabinet,North,Haryana,Gurugram,11700.9,1,0.1,7035.43,Debit Card,Cancelled
ORD-10748,2025-01-01,CUST-1052,Arjun Singh,Electronics,Monitors,Dell Monitor,West,Goa,Panaji,38651.2,2,0.2,32063.68,Debit Card,Delivered
ORD-10749,2025-01-17,CUST-1485,Neha Gupta,Electronics,Monitors,LG Monitor,East,Jharkhand,Jamshedpur,91114.5,5,0.05,67513.74,Debit Card,Returned
ORD-10750,2025-10-24,CUST-1143,Manish Kumar,Office Supplies,Paper,Printer Paper,South,Kerala,Kochi,1377.0,3,0.15,1014.1,Net Banking,Returned
ORD-10751,2025-08-12,CUST-1099,Vikas Jain,Home Appliances,Cleaning,Vacuum Cleaner,East,Odisha,Cuttack,40422.6,4,0.15,28915.13,Cash on Delivery,Delivered
ORD-10752,2025-08-04,CUST-1091,Vikas Patel,Office Supplies,Stationery,Stapler,West,Gujarat,Vadodara,2250.0,5,0.0,1774.88,Net Banking,Delivered
ORD-10753,2025-07-26,CUST-1687,Amit Agarwal,Electronics,Monitors,Samsung Monitor,East,West Bengal,Kolkata,16741.6,1,0.2,10452.61,Debit Card,Shipped
ORD-10754,2025-09-04,CUST-1708,Priya Sharma,Electronics,Smartphones,OnePlus Phone,North,Rajasthan,Kota,272935.0,5,0.05,179014.22,Credit Card,Delivered
ORD-10755,2025-11-18,CUST-1319,Amit Agarwal,Electronics,Smartphones,Samsung Galaxy,South,Karnataka,Bengaluru,115653.0,5,0.05,75298.59,Net Banking,Delivered
ORD-10756,2025-09-16,CUST-1455,Pooja Sharma,Home Appliances,Kitchen,Mixer Grinder,North,Punjab,Amritsar,18528.0,5,0.2,14272.68,Cash on Delivery,Delivered
ORD-10757,2025-08-10,CUST-1150,Amit Singh,Furniture,Storage,Storage Cabinet,South,Tamil Nadu,Chennai,32226.0,3,0.0,27062.52,Net Banking,Delivered
ORD-10758,2025-12-08,CUST-1282,Pooja Yadav,Home Appliances,Kitchen,Mixer Grinder,North,Haryana,Faridabad,18732.0,3,0.0,13881.39,UPI,Shipped
ORD-10759,2025-06-05,CUST-1035,Meena Agarwal,Home Appliances,Cooling,Air Cooler,North,Punjab,Ludhiana,17524.65,3,0.05,12082.14,Cash on Delivery,Delivered
ORD-10760,2025-06-28,CUST-1724,Ritu Yadav,Office Supplies,Equipment,Paper Shredder,North,Delhi,New Delhi,37460.4,4,0.05,25082.92,Debit Card,Delivered
ORD-10761,2025-02-04,CUST-1661,Sneha Yadav,Furniture,Lighting,LED Desk Lamp,East,Bihar,Gaya,15201.0,5,0.1,11341.82,Net Banking,Delivered
ORD-10762,2025-01-24,CUST-1031,Sanjay Gupta,Home Appliances,Cleaning,Vacuum Cleaner,North,Uttar Pradesh,Noida,12781.3,2,0.05,9995.5,Net Banking,Returned
ORD-10763,2025-08-04,CUST-1066,Rahul Patel,Electronics,Accessories,Mouse,West,Maharashtra,Mumbai,2945.0,5,0.05,2003.45,Net Banking,Delivered
ORD-10764,2025-03-10,CUST-1653,Shweta Jain,Home Appliances,Cleaning,Vacuum Cleaner,South,Tamil Nadu,Coimbatore,15762.4,2,0.05,11167.91,Cash on Delivery,Returned
ORD-10765,2025-04-09,CUST-1089,Shweta Sharma,Furniture,Office Furniture,Office Desk,North,Delhi,New Delhi,37288.8,4,0.1,24100.72,Cash on Delivery,Delivered
ORD-10766,2025-04-08,CUST-1213,Shweta Agarwal,Electronics,Accessories,Mouse,West,Goa,Panaji,2528.0,4,0.2,1566.19,Cash on Delivery,Delivered
ORD-10767,2025-02-21,CUST-1121,Sneha Gupta,Office Supplies,Stationery,Notebook,North,Rajasthan,Kota,581.4,3,0.15,451.06,UPI,Returned
ORD-10768,2025-03-22,CUST-1295,Anil Jain,Home Appliances,Cooling,Air Cooler,South,Andhra Pradesh,Visakhapatnam,87140.0,5,0.0,64979.7,Debit Card,Cancelled
ORD-10769,2025-01-16,CUST-1034,Priya Yadav,Electronics,Smartphones,OnePlus Phone,West,Gujarat,Surat,233005.0,5,0.0,153528.0,UPI,Returned
ORD-10770,2025-10-16,CUST-1625,Rahul Mishra,Electronics,Accessories,Keyboard,North,Haryana,Panipat,11286.0,3,0.0,7065.21,Net Banking,Shipped
ORD-10771,2025-04-26,CUST-1666,Neha Yadav,Electronics,Laptops,HP Laptop,East,Odisha,Bhubaneswar,100006.4,2,0.2,81512.58,UPI,Shipped
ORD-10772,2025-09-04,CUST-1054,Pooja Yadav,Furniture,Office Furniture,Office Desk,South,Kerala,Thiruvananthapuram,18044.1,1,0.1,11700.0,Net Banking,Delivered
ORD-10773,2025-05-02,CUST-1238,Anil Patel,Electronics,Laptops,Dell Laptop,North,Delhi,Delhi,55020.0,1,0.0,34754.98,Credit Card,Delivered
ORD-10774,2025-01-23,CUST-1322,Neha Patel,Home Appliances,Cleaning,Vacuum Cleaner,South,Telangana,Hyderabad,5625.9,1,0.1,4695.33,Credit Card,Delivered
ORD-10775,2025-12-28,CUST-1753,Neha Gupta,Office Supplies,Equipment,Calculator,East,Odisha,Cuttack,10476.0,5,0.1,7120.69,Cash on Delivery,Shipped
ORD-10776,2025-02-23,CUST-1056,Neha Yadav,Furniture,Office Furniture,Bookshelf,East,Odisha,Bhubaneswar,14393.6,2,0.2,9394.59,Debit Card,Cancelled
ORD-10777,2025-03-14,CUST-1037,Deepak Agarwal,Home Appliances,Kitchen,Microwave,East,West Bengal,Kolkata,42424.35,3,0.15,28640.81,UPI,Delivered
ORD-10778,2025-05-23,CUST-1625,Pooja Agarwal,Home Appliances,Kitchen,Mixer Grinder,North,Haryana,Faridabad,10653.3,2,0.05,8149.58,Cash on Delivery,Delivered
ORD-10779,2025-12-05,CUST-1313,Rahul Jain,Office Supplies,Equipment,Calculator,West,Maharashtra,Nagpur,958.4,1,0.2,679.04,Net Banking,Returned
ORD-10780,2025-01-30,CUST-1112,Nisha Yadav,Office Supplies,Stationery,Pen Set,West,Madhya Pradesh,Indore,1303.4,4,0.05,1077.82,Debit Card,Returned
ORD-10781,2025-12-16,CUST-1281,Anil Gupta,Electronics,Monitors,LG Monitor,West,Goa,Margao,41299.2,3,0.2,24906.92,Debit Card,Shipped
ORD-10782,2025-12-05,CUST-1329,Arjun Singh,Home Appliances,Kitchen,Microwave,East,Jharkhand,Ranchi,10945.45,1,0.15,8312.37,Cash on Delivery,Delivered
ORD-10783,2025-07-29,CUST-1060,Shweta Verma,Home Appliances,Kitchen,Microwave,West,Goa,Panaji,28692.6,3,0.15,18128.15,Credit Card,Delivered
ORD-10784,2025-11-13,CUST-1672,Rahul Gupta,Home Appliances,Cooling,Air Cooler,North,Uttar Pradesh,Kanpur,14313.65,1,0.05,8805.8,Debit Card,Delivered
ORD-10785,2025-01-09,CUST-1695,Neha Jain,Office Supplies,Stationery,Notebook,North,Rajasthan,Jaipur,1635.0,5,0.0,1189.89,Credit Card,Delivered
ORD-10786,2025-06-16,CUST-1585,Neha Yadav,Furniture,Office Furniture,Office Desk,North,Haryana,Faridabad,89122.5,5,0.1,75199.31,Debit Card,Delivered
ORD-10787,2025-05-31,CUST-1637,Amit Singh,Furniture,Lighting,Table Lamp,West,Maharashtra,Nagpur,1499.4,1,0.1,1091.11,Cash on Delivery,Returned
ORD-10788,2025-10-25,CUST-1730,Neha Gupta,Home Appliances,Cooling,Air Cooler,East,West Bengal,Kolkata,7743.2,1,0.2,5620.59,Cash on Delivery,Cancelled
ORD-10789,2025-10-08,CUST-1752,Anjali Jain,Home Appliances,Cooling,Air Cooler,North,Rajasthan,Jaipur,29668.5,3,0.05,24001.88,Debit Card,Delivered
ORD-10790,2025-06-18,CUST-1249,Neha Gupta,Furniture,Storage,Storage Cabinet,East,Odisha,Bhubaneswar,19723.5,3,0.1,14597.64,UPI,Delivered
ORD-10791,2025-12-01,CUST-1496,Meena Gupta,Furniture,Lighting,Table Lamp,East,Jharkhand,Ranchi,4368.0,4,0.2,2905.02,Debit Card,Delivered
ORD-10792,2025-06-10,CUST-1121,Anil Yadav,Furniture,Office Furniture,Office Desk,East,Bihar,Gaya,13464.0,1,0.0,9487.49,Cash on Delivery,Cancelled
ORD-10793,2025-08-29,CUST-1761,Rohit Singh,Furniture,Office Furniture,Office Chair,North,Haryana,Gurugram,58106.0,5,0.15,47999.34,Debit Card,Delivered
ORD-10794,2025-07-25,CUST-1714,Nisha Gupta,Office Supplies,Equipment,Calculator,West,Maharashtra,Nagpur,585.9,1,0.1,490.68,Net Banking,Cancelled
ORD-10795,2025-08-19,CUST-1759,Anjali Kumar,Electronics,Smartphones,Samsung Galaxy,East,Bihar,Patna,255897.0,5,0.1,196650.9,Net Banking,Delivered
ORD-10796,2025-06-14,CUST-1450,Sanjay Jain,Office Supplies,Paper,Copy Paper,West,Maharashtra,Pune,430.4,1,0.2,354.79,Cash on Delivery,Shipped
ORD-10797,2025-08-07,CUST-1293,Priya Yadav,Electronics,Smartphones,Redmi Phone,West,Gujarat,Ahmedabad,76468.0,5,0.2,62695.8,Debit Card,Delivered
ORD-10798,2025-06-27,CUST-1292,Sanjay Verma,Home Appliances,Kitchen,Mixer Grinder,West,Goa,Margao,11100.0,3,0.2,8750.88,Credit Card,Cancelled
ORD-10799,2025-05-23,CUST-1145,Rohit Gupta,Electronics,Smartphones,Samsung Galaxy,South,Karnataka,Mangaluru,70880.4,4,0.1,46127.92,Cash on Delivery,Delivered
ORD-10800,2025-08-16,CUST-1534,Vikas Agarwal,Home Appliances,Cleaning,Vacuum Cleaner,West,Maharashtra,Mumbai,18305.55,3,0.05,15528.04,UPI,Delivered
ORD-10801,2025-02-10,CUST-1763,Deepak Verma,Office Supplies,Paper,Copy Paper,West,Gujarat,Vadodara,2970.0,5,0.0,2306.81,Debit Card,Delivered
ORD-10802,2025-08-10,CUST-1103,Ritu Mishra,Electronics,Smartphones,OnePlus Phone,South,Andhra Pradesh,Vijayawada,235861.25,5,0.05,181220.9,Debit Card,Delivered
ORD-10803,2025-03-19,CUST-1497,Sanjay Agarwal,Electronics,Smartphones,Samsung Galaxy,West,Gujarat,Ahmedabad,76187.2,4,0.15,56335.43,Credit Card,Cancelled
ORD-10804,2025-04-02,CUST-1040,Anjali Kumar,Home Appliances,Cooling,Air Cooler,East,Bihar,Gaya,26457.3,3,0.1,20292.59,Net Banking,Returned
ORD-10805,2025-11-19,CUST-1402,Meena Mishra,Furniture,Office Furniture,Office Desk,East,Odisha,Bhubaneswar,81547.2,4,0.1,53971.94,Net Banking,Delivered
ORD-10806,2025-04-01,CUST-1476,Priya Verma,Home Appliances,Cleaning,Vacuum Cleaner,West,Madhya Pradesh,Bhopal,9853.2,2,0.1,6571.9,Credit Card,Returned
ORD-10807,2025-07-29,CUST-1063,Nisha Mishra,Home Appliances,Cleaning,Vacuum Cleaner,West,Goa,Margao,37084.0,4,0.0,24737.97,Credit Card,Delivered
ORD-10808,2025-11-22,CUST-1047,Varun Agarwal,Furniture,Lighting,Table Lamp,East,Bihar,Patna,10212.5,5,0.05,7672.04,UPI,Cancelled
ORD-10809,2025-01-11,CUST-1389,Anil Mishra,Furniture,Storage,Filing Cabinet,West,Maharashtra,Mumbai,23419.2,2,0.15,19085.03,Credit Card,Delivered
ORD-10810,2025-03-24,CUST-1383,Priya Yadav,Electronics,Laptops,HP Laptop,South,Andhra Pradesh,Vijayawada,193436.0,5,0.2,135305.46,Net Banking,Delivered
ORD-10811,2025-03-22,CUST-1290,Varun Sharma,Office Supplies,Equipment,Calculator,South,Tamil Nadu,Chennai,6262.8,4,0.15,3963.09,Debit Card,Returned
ORD-10812,2025-02-13,CUST-1079,Anil Jain,Furniture,Office Furniture,Bookshelf,East,West Bengal,Kolkata,49438.0,5,0.05,39939.37,Debit Card,Returned
ORD-10813,2025-06-15,CUST-1436,Ritu Sharma,Furniture,Office Furniture,Office Desk,West,Goa,Margao,99645.5,5,0.15,67042.46,UPI,Delivered
ORD-10814,2025-07-28,CUST-1575,Arjun Agarwal,Electronics,Accessories,Headphones,West,Gujarat,Surat,12969.6,4,0.2,10098.71,Net Banking,Delivered
ORD-10815,2025-10-23,CUST-1026,Pooja Gupta,Electronics,Monitors,LG Monitor,East,Odisha,Cuttack,23480.0,2,0.0,17380.4,Credit Card,Returned
ORD-10816,2025-09-08,CUST-1608,Deepak Verma,Furniture,Office Furniture,Office Desk,South,Kerala,Thiruvananthapuram,58036.5,3,0.1,45566.07,Credit Card,Delivered
ORD-10817,2025-06-14,CUST-1706,Shweta Patel,Furniture,Lighting,LED Desk Lamp,East,West Bengal,Siliguri,13711.5,5,0.1,11515.86,Credit Card,Delivered
ORD-10818,2025-08-25,CUST-1726,Sneha Jain,Electronics,Accessories,Keyboard,North,Uttar Pradesh,Noida,1170.4,1,0.2,921.15,Credit Card,Delivered
ORD-10819,2025-08-13,CUST-1117,Rahul Yadav,Furniture,Lighting,LED Desk Lamp,East,Bihar,Gaya,3733.2,4,0.1,2349.66,Debit Card,Cancelled
ORD-10820,2025-12-13,CUST-1278,Ritu Mishra,Office Supplies,Equipment,Calculator,West,Gujarat,Ahmedabad,11020.5,5,0.1,8043.26,Debit Card,Delivered
ORD-10821,2025-08-25,CUST-1216,Priya Singh,Electronics,Monitors,LG Monitor,South,Andhra Pradesh,Visakhapatnam,23674.2,2,0.15,14601.35,UPI,Delivered
ORD-10822,2025-12-26,CUST-1193,Manish Verma,Electronics,Accessories,Headphones,East,Odisha,Bhubaneswar,2782.8,2,0.1,2112.38,Credit Card,Delivered
ORD-10823,2025-11-18,CUST-1015,Manish Kumar,Office Supplies,Equipment,Paper Shredder,West,Madhya Pradesh,Indore,20630.4,3,0.2,15687.35,Credit Card,Delivered
ORD-10824,2025-10-31,CUST-1157,Rohit Gupta,Electronics,Smartphones,Redmi Phone,West,Gujarat,Surat,69271.2,3,0.2,52036.1,Cash on Delivery,Cancelled
ORD-10825,2025-08-31,CUST-1215,Sanjay Sharma,Furniture,Office Furniture,Office Chair,South,Tamil Nadu,Chennai,18014.4,4,0.1,11158.96,UPI,Delivered
ORD-10826,2025-09-19,CUST-1451,Anjali Agarwal,Furniture,Lighting,LED Desk Lamp,West,Goa,Panaji,8768.6,4,0.15,6039.35,Cash on Delivery,Delivered
ORD-10827,2025-09-29,CUST-1081,Meena Gupta,Home Appliances,Cooling,Air Cooler,South,Telangana,Hyderabad,62596.8,4,0.1,48283.53,Cash on Delivery,Delivered
ORD-10828,2025-11-30,CUST-1357,Sanjay Sharma,Home Appliances,Kitchen,Electric Kettle,West,Madhya Pradesh,Indore,7573.5,5,0.15,5252.61,UPI,Delivered
ORD-10829,2025-08-15,CUST-1370,Ritu Gupta,Office Supplies,Stationery,Pen Set,North,Rajasthan,Jodhpur,1842.0,3,0.0,1384.62,UPI,Cancelled
ORD-10830,2025-05-21,CUST-1658,Sneha Yadav,Electronics,Laptops,ASUS Laptop,North,Punjab,Amritsar,317832.0,5,0.15,204506.69,Cash on Delivery,Returned
ORD-10831,2025-02-23,CUST-1040,Neha Sharma,Electronics,Accessories,Keyboard,South,Tamil Nadu,Chennai,2616.0,1,0.0,1775.11,Cash on Delivery,Delivered
ORD-10832,2025-04-10,CUST-1671,Meena Sharma,Office Supplies,Equipment,Calculator,West,Goa,Panaji,5408.0,4,0.0,3332.62,Cash on Delivery,Delivered
ORD-10833,2025-05-17,CUST-1086,Sanjay Agarwal,Furniture,Lighting,LED Desk Lamp,North,Punjab,Jalandhar,7204.0,2,0.0,4882.81,Cash on Delivery,Delivered
ORD-10834,2025-03-02,CUST-1350,Kavita Patel,Electronics,Laptops,HP Laptop,North,Rajasthan,Jodhpur,137810.0,2,0.0,89082.41,Cash on Delivery,Cancelled
ORD-10835,2025-01-11,CUST-1786,Sanjay Sharma,Electronics,Smartphones,iPhone,South,Telangana,Warangal,197565.8,2,0.05,133874.89,Net Banking,Cancelled
ORD-10836,2025-05-27,CUST-1183,Arjun Singh,Furniture,Storage,Filing Cabinet,West,Madhya Pradesh,Bhopal,17697.6,2,0.1,13704.84,Debit Card,Delivered
ORD-10837,2025-09-08,CUST-1364,Shweta Mishra,Electronics,Accessories,Keyboard,West,Madhya Pradesh,Bhopal,14862.75,5,0.05,12610.14,Net Banking,Delivered
ORD-10838,2025-11-27,CUST-1699,Varun Gupta,Furniture,Storage,Filing Cabinet,West,Goa,Panaji,37092.0,4,0.0,30804.16,Cash on Delivery,Cancelled
ORD-10839,2025-11-20,CUST-1191,Sneha Singh,Home Appliances,Cooling,Air Cooler,East,Odisha,Cuttack,52467.0,3,0.0,39736.83,UPI,Delivered
ORD-10840,2025-08-04,CUST-1487,Priya Mishra,Office Supplies,Stationery,Pen Set,North,Delhi,Delhi,1450.0,5,0.0,1029.14,Cash on Delivery,Delivered
ORD-10841,2025-10-31,CUST-1590,Anjali Yadav,Office Supplies,Equipment,Paper Shredder,East,Bihar,Gaya,32497.2,4,0.15,21937.02,Credit Card,Returned
ORD-10842,2025-09-17,CUST-1111,Anjali Yadav,Furniture,Lighting,Table Lamp,West,Madhya Pradesh,Bhopal,8396.1,3,0.05,7034.87,Cash on Delivery,Returned
ORD-10843,2025-03-13,CUST-1134,Priya Sharma,Office Supplies,Paper,Copy Paper,North,Punjab,Ludhiana,970.0,2,0.0,741.71,Credit Card,Delivered
ORD-10844,2025-06-04,CUST-1315,Anil Singh,Electronics,Smartphones,OnePlus Phone,South,Tamil Nadu,Coimbatore,247635.0,5,0.0,178132.78,Debit Card,Delivered
ORD-10845,2025-08-30,CUST-1564,Pooja Gupta,Furniture,Office Furniture,Office Desk,East,Jharkhand,Jamshedpur,35018.9,2,0.05,24512.21,Debit Card,Delivered
ORD-10846,2025-12-12,CUST-1748,Anjali Patel,Home Appliances,Cooling,Air Cooler,East,West Bengal,Siliguri,30343.0,2,0.05,24030.47,Debit Card,Delivered
ORD-10847,2025-06-24,CUST-1514,Amit Patel,Furniture,Storage,Filing Cabinet,East,West Bengal,Kolkata,7614.0,1,0.1,5397.19,Debit Card,Delivered
ORD-10848,2025-12-01,CUST-1185,Anjali Singh,Home Appliances,Kitchen,Microwave,West,Goa,Margao,37775.8,4,0.05,26426.21,Cash on Delivery,Returned
ORD-10849,2025-02-24,CUST-1477,Anil Mishra,Furniture,Storage,Filing Cabinet,North,Haryana,Gurugram,56550.5,5,0.15,43632.93,UPI,Delivered
ORD-10850,2025-12-01,CUST-1687,Pooja Yadav,Office Supplies,Equipment,Calculator,North,Punjab,Amritsar,9146.0,5,0.15,6635.56,Net Banking,Cancelled
ORD-10851,2025-06-21,CUST-1548,Neha Verma,Electronics,Smartphones,Samsung Galaxy,South,Kerala,Thiruvananthapuram,154488.0,3,0.2,102650.96,Cash on Delivery,Returned
ORD-10852,2025-11-11,CUST-1746,Kavita Yadav,Electronics,Laptops,ASUS Laptop,North,Haryana,Faridabad,276232.0,4,0.0,227143.22,Debit Card,Delivered
ORD-10853,2025-08-06,CUST-1346,Varun Sharma,Office Supplies,Paper,Printer Paper,West,Gujarat,Surat,1497.6,4,0.1,1136.67,Cash on Delivery,Delivered
ORD-10854,2025-07-02,CUST-1750,Rahul Jain,Electronics,Laptops,Dell Laptop,East,Bihar,Patna,139974.6,2,0.15,115224.17,Debit Card,Delivered
ORD-10855,2025-12-19,CUST-1633,Deepak Jain,Office Supplies,Paper,Printer Paper,East,West Bengal,Kolkata,1122.0,2,0.0,780.33,UPI,Delivered
ORD-10856,2025-11-23,CUST-1768,Varun Yadav,Office Supplies,Equipment,Calculator,East,West Bengal,Kolkata,9904.0,4,0.0,7907.46,Cash on Delivery,Delivered
ORD-10857,2025-06-05,CUST-1631,Ritu Jain,Home Appliances,Kitchen,Microwave,South,Karnataka,Mysuru,27113.4,3,0.1,19667.81,UPI,Shipped
ORD-10858,2025-07-24,CUST-1186,Varun Kumar,Electronics,Accessories,Headphones,North,Haryana,Gurugram,5850.0,2,0.1,4186.32,Debit Card,Delivered
ORD-10859,2025-04-24,CUST-1231,Amit Mishra,Office Supplies,Equipment,Paper Shredder,South,Karnataka,Mangaluru,29784.0,5,0.2,20318.29,Net Banking,Delivered
ORD-10860,2025-10-13,CUST-1013,Priya Mishra,Furniture,Storage,Storage Cabinet,West,Goa,Margao,27968.0,2,0.05,21486.32,Debit Card,Delivered
ORD-10861,2025-01-17,CUST-1677,Shweta Verma,Furniture,Lighting,LED Desk Lamp,East,Odisha,Bhubaneswar,5926.5,3,0.1,4224.85,Net Banking,Delivered
ORD-10862,2025-03-21,CUST-1640,Shweta Singh,Electronics,Monitors,Samsung Monitor,West,Madhya Pradesh,Indore,60149.4,4,0.15,49941.69,Credit Card,Delivered
ORD-10863,2025-11-07,CUST-1127,Rohit Yadav,Office Supplies,Stationery,Notebook,South,Tamil Nadu,Chennai,1295.4,4,0.15,891.24,Credit Card,Delivered
ORD-10864,2025-11-03,CUST-1286,Priya Mishra,Home Appliances,Kitchen,Microwave,North,Punjab,Jalandhar,52560.0,4,0.1,42391.46,Net Banking,Delivered
ORD-10865,2025-04-01,CUST-1410,Varun Sharma,Electronics,Accessories,Headphones,West,Madhya Pradesh,Bhopal,15048.4,4,0.15,9739.61,UPI,Shipped
ORD-10866,2025-04-25,CUST-1142,Meena Patel,Home Appliances,Kitchen,Microwave,North,Rajasthan,Kota,52701.25,5,0.05,39121.54,Net Banking,Cancelled
ORD-10867,2025-02-16,CUST-1380,Amit Patel,Home Appliances,Cleaning,Vacuum Cleaner,East,Bihar,Patna,24198.4,2,0.05,16471.39,Debit Card,Delivered
ORD-10868,2025-01-16,CUST-1212,Shweta Agarwal,Furniture,Office Furniture,Office Desk,East,Bihar,Gaya,46568.0,5,0.2,37695.35,Credit Card,Delivered
ORD-10869,2025-08-25,CUST-1740,Anil Sharma,Home Appliances,Cleaning,Vacuum Cleaner,North,Haryana,Panipat,29632.0,4,0.2,18675.43,Cash on Delivery,Cancelled
ORD-10870,2025-10-01,CUST-1732,Amit Agarwal,Home Appliances,Cooling,Air Cooler,East,West Bengal,Siliguri,30105.6,3,0.2,22799.48,Net Banking,Delivered
ORD-10871,2025-03-05,CUST-1107,Vikas Kumar,Home Appliances,Cooling,Air Cooler,North,Delhi,Delhi,16969.4,2,0.15,11072.89,UPI,Delivered
ORD-10872,2025-11-25,CUST-1711,Anil Agarwal,Office Supplies,Paper,Copy Paper,East,Bihar,Gaya,1296.0,3,0.1,961.71,Cash on Delivery,Delivered
ORD-10873,2025-03-13,CUST-1152,Ritu Kumar,Office Supplies,Equipment,Paper Shredder,North,Delhi,Delhi,33456.15,3,0.05,24821.45,Debit Card,Delivered
ORD-10874,2025-08-14,CUST-1690,Varun Singh,Office Supplies,Paper,Copy Paper,South,Tamil Nadu,Madurai,501.6,2,0.05,374.1,Credit Card,Shipped
ORD-10875,2025-01-07,CUST-1266,Neha Jain,Office Supplies,Equipment,Calculator,East,Jharkhand,Ranchi,8984.0,5,0.2,6096.31,Debit Card,Delivered
ORD-10876,2025-09-06,CUST-1664,Sanjay Jain,Home Appliances,Kitchen,Electric Kettle,East,Bihar,Gaya,2281.9,1,0.05,1545.59,Credit Card,Delivered
ORD-10877,2025-05-23,CUST-1624,Rohit Gupta,Electronics,Smartphones,OnePlus Phone,West,Madhya Pradesh,Indore,69237.6,3,0.15,52385.2,Debit Card,Shipped
ORD-10878,2025-02-04,CUST-1278,Nisha Jain,Furniture,Office Furniture,Office Desk,North,Uttar Pradesh,Noida,30458.9,2,0.05,23526.74,Net Banking,Delivered
ORD-10879,2025-01-21,CUST-1624,Arjun Jain,Electronics,Smartphones,iPhone,West,Maharashtra,Pune,65182.35,1,0.05,43084.57,Cash on Delivery,Delivered
ORD-10880,2025-08-26,CUST-1101,Nisha Sharma,Home Appliances,Kitchen,Microwave,West,Maharashtra,Pune,14059.05,1,0.05,8786.47,Cash on Delivery,Delivered
ORD-10881,2025-11-03,CUST-1499,Varun Patel,Electronics,Accessories,Headphones,North,Rajasthan,Jodhpur,9318.4,2,0.2,7351.15,UPI,Delivered
ORD-10882,2025-07-28,CUST-1616,Arjun Agarwal,Office Supplies,Equipment,Paper Shredder,South,Telangana,Warangal,26649.6,3,0.2,17648.84,Debit Card,Cancelled
ORD-10883,2025-10-15,CUST-1516,Varun Agarwal,Electronics,Monitors,Samsung Monitor,North,Delhi,Delhi,99731.0,4,0.05,64296.46,Net Banking,Cancelled
ORD-10884,2025-06-05,CUST-1097,Kavita Mishra,Furniture,Office Furniture,Office Desk,South,Tamil Nadu,Chennai,81027.0,5,0.1,64141.39,Net Banking,Delivered
ORD-10885,2025-12-17,CUST-1308,Meena Gupta,Furniture,Storage,Filing Cabinet,South,Telangana,Hyderabad,28492.4,2,0.05,19415.3,Cash on Delivery,Delivered
ORD-10886,2025-12-01,CUST-1610,Anjali Kumar,Office Supplies,Paper,Printer Paper,South,Telangana,Warangal,1134.0,3,0.1,915.49,Debit Card,Delivered
ORD-10887,2025-06-07,CUST-1436,Shweta Yadav,Electronics,Accessories,Mouse,East,West Bengal,Siliguri,4267.8,2,0.1,2581.46,Credit Card,Delivered
ORD-10888,2025-12-05,CUST-1734,Arjun Kumar,Home Appliances,Cleaning,Vacuum Cleaner,West,Maharashtra,Nagpur,67326.5,5,0.05,53818.69,Cash on Delivery,Shipped
ORD-10889,2025-08-14,CUST-1281,Rohit Verma,Home Appliances,Cooling,Air Cooler,South,Tamil Nadu,Coimbatore,14282.55,1,0.15,11025.42,Net Banking,Delivered
ORD-10890,2025-05-24,CUST-1622,Shweta Yadav,Office Supplies,Paper,Copy Paper,North,Uttar Pradesh,Lucknow,1580.0,4,0.0,1134.38,UPI,Delivered
ORD-10891,2025-07-31,CUST-1156,Vikas Patel,Electronics,Accessories,Keyboard,West,Gujarat,Vadodara,7548.0,3,0.2,5968.18,Debit Card,Shipped
ORD-10892,2025-09-29,CUST-1299,Amit Singh,Home Appliances,Cooling,Air Cooler,North,Punjab,Amritsar,19147.1,2,0.15,12578.12,Debit Card,Delivered
ORD-10893,2025-04-12,CUST-1694,Arjun Kumar,Home Appliances,Cleaning,Vacuum Cleaner,North,Delhi,New Delhi,18515.2,4,0.2,11388.17,Cash on Delivery,Delivered
ORD-10894,2025-01-09,CUST-1580,Anjali Sharma,Office Supplies,Equipment,Calculator,West,Madhya Pradesh,Indore,1657.0,1,0.0,1397.77,UPI,Shipped
ORD-10895,2025-03-23,CUST-1526,Anil Patel,Home Appliances,Cleaning,Vacuum Cleaner,East,Bihar,Patna,26974.8,4,0.1,16677.34,Cash on Delivery,Delivered
ORD-10896,2025-08-21,CUST-1541,Anjali Sharma,Home Appliances,Kitchen,Mixer Grinder,East,Odisha,Bhubaneswar,8738.0,2,0.15,5571.56,Credit Card,Shipped
ORD-10897,2025-12-12,CUST-1787,Priya Jain,Furniture,Office Furniture,Office Chair,East,Bihar,Gaya,19102.6,2,0.05,11943.41,Cash on Delivery,Shipped
ORD-10898,2025-01-21,CUST-1799,Vikas Jain,Office Supplies,Stationery,Stapler,West,Maharashtra,Nagpur,640.8,2,0.1,410.64,Debit Card,Delivered
ORD-10899,2025-04-22,CUST-1791,Neha Sharma,Home Appliances,Kitchen,Microwave,South,Kerala,Kochi,26464.0,2,0.0,18834.51,Net Banking,Delivered
ORD-10900,2025-04-16,CUST-1790,Pooja Patel,Electronics,Smartphones,OnePlus Phone,North,Uttar Pradesh,Kanpur,45643.2,1,0.2,31475.44,Debit Card,Delivered
ORD-10901,2025-04-08,CUST-1216,Anil Jain,Electronics,Accessories,Keyboard,West,Madhya Pradesh,Indore,2002.6,1,0.15,1401.97,UPI,Delivered
ORD-10902,2025-07-04,CUST-1318,Anil Yadav,Electronics,Accessories,Mouse,West,Gujarat,Vadodara,1462.5,1,0.1,894.09,Credit Card,Delivered
ORD-10903,2025-10-17,CUST-1010,Vikas Jain,Home Appliances,Kitchen,Mixer Grinder,South,Tamil Nadu,Madurai,18981.0,5,0.1,13152.43,Net Banking,Returned
ORD-10904,2025-03-22,CUST-1430,Sanjay Singh,Electronics,Smartphones,Samsung Galaxy,South,Tamil Nadu,Coimbatore,112946.4,4,0.1,79165.66,Debit Card,Returned
ORD-10905,2025-05-16,CUST-1637,Priya Sharma,Home Appliances,Kitchen,Electric Kettle,North,Punjab,Ludhiana,5338.0,2,0.0,3922.73,Cash on Delivery,Cancelled
ORD-10906,2025-09-26,CUST-1174,Sanjay Verma,Electronics,Accessories,Keyboard,North,Punjab,Ludhiana,2335.8,1,0.15,1975.72,Cash on Delivery,Delivered
ORD-10907,2025-03-10,CUST-1618,Amit Kumar,Furniture,Storage,Storage Cabinet,East,Jharkhand,Jamshedpur,84755.0,5,0.0,60976.77,Cash on Delivery,Delivered
ORD-10908,2025-03-06,CUST-1225,Ritu Singh,Electronics,Laptops,ASUS Laptop,South,Tamil Nadu,Madurai,147903.6,3,0.05,97106.97,Credit Card,Cancelled
ORD-10909,2025-12-04,CUST-1309,Priya Agarwal,Home Appliances,Cleaning,Vacuum Cleaner,West,Gujarat,Surat,23630.0,5,0.15,17910.83,Credit Card,Delivered
ORD-10910,2025-01-08,CUST-1147,Rahul Gupta,Electronics,Accessories,Mouse,South,Kerala,Thiruvananthapuram,3045.6,3,0.2,2136.23,Credit Card,Delivered
ORD-10911,2025-11-15,CUST-1270,Nisha Agarwal,Office Supplies,Paper,Printer Paper,North,Punjab,Jalandhar,1081.2,3,0.15,857.39,Net Banking,Cancelled
ORD-10912,2025-02-19,CUST-1685,Priya Jain,Home Appliances,Cooling,Air Cooler,West,Maharashtra,Nagpur,40340.0,5,0.0,26494.56,Net Banking,Returned
ORD-10913,2025-02-26,CUST-1124,Nisha Kumar,Home Appliances,Cleaning,Vacuum Cleaner,South,Telangana,Warangal,33961.75,5,0.15,27339.43,Cash on Delivery,Delivered
ORD-10914,2025-03-14,CUST-1697,Deepak Sharma,Electronics,Monitors,Samsung Monitor,South,Telangana,Hyderabad,52368.0,2,0.2,33603.94,Credit Card,Delivered
ORD-10915,2025-12-15,CUST-1170,Meena Gupta,Furniture,Storage,Filing Cabinet,South,Andhra Pradesh,Visakhapatnam,33513.8,4,0.15,27656.9,Net Banking,Delivered
ORD-10916,2025-08-28,CUST-1330,Vikas Kumar,Office Supplies,Stationery,Stapler,North,Uttar Pradesh,Varanasi,1090.0,5,0.0,859.78,Credit Card,Delivered
ORD-10917,2025-09-04,CUST-1165,Deepak Yadav,Furniture,Office Furniture,Office Desk,South,Kerala,Thiruvananthapuram,13873.5,1,0.1,8811.2,Net Banking,Delivered
ORD-10918,2025-10-27,CUST-1689,Vikas Gupta,Office Supplies,Stationery,Stapler,East,Bihar,Gaya,614.7,1,0.1,449.38,Cash on Delivery,Delivered
ORD-10919,2025-04-29,CUST-1677,Kavita Kumar,Home Appliances,Kitchen,Mixer Grinder,North,Rajasthan,Kota,14187.0,3,0.0,9865.29,Debit Card,Delivered
ORD-10920,2025-11-17,CUST-1478,Anjali Patel,Furniture,Lighting,Table Lamp,South,Kerala,Thiruvananthapuram,2170.75,1,0.05,1774.24,Net Banking,Returned
ORD-10921,2025-12-26,CUST-1443,Anjali Sharma,Office Supplies,Paper,Copy Paper,North,Punjab,Jalandhar,2127.6,4,0.1,1799.46,UPI,Delivered
ORD-10922,2025-02-21,CUST-1731,Sneha Gupta,Office Supplies,Stationery,Stapler,East,Bihar,Gaya,1708.8,4,0.2,1246.98,Net Banking,Delivered
ORD-10923,2025-11-05,CUST-1111,Shweta Verma,Office Supplies,Equipment,Paper Shredder,North,Uttar Pradesh,Kanpur,39536.0,4,0.0,27154.36,Net Banking,Returned
ORD-10924,2025-08-24,CUST-1588,Ritu Sharma,Furniture,Lighting,Table Lamp,East,Jharkhand,Ranchi,2147.0,1,0.0,1445.08,Net Banking,Returned
ORD-10925,2025-01-15,CUST-1747,Kavita Kumar,Furniture,Storage,Storage Cabinet,West,Goa,Margao,9618.6,1,0.15,7452.26,Debit Card,Returned
ORD-10926,2025-03-24,CUST-1215,Nisha Jain,Furniture,Storage,Filing Cabinet,West,Madhya Pradesh,Indore,25831.2,3,0.2,18974.53,Credit Card,Delivered
ORD-10927,2025-06-06,CUST-1104,Anil Yadav,Home Appliances,Kitchen,Microwave,West,Madhya Pradesh,Bhopal,45878.4,4,0.1,36770.36,Debit Card,Returned
ORD-10928,2025-03-23,CUST-1173,Priya Sharma,Office Supplies,Equipment,Calculator,North,Delhi,Delhi,7064.0,4,0.0,4589.16,UPI,Cancelled
ORD-10929,2025-11-03,CUST-1680,Pooja Kumar,Home Appliances,Kitchen,Microwave,South,Telangana,Warangal,9452.0,1,0.2,7018.36,UPI,Delivered
ORD-10930,2025-04-26,CUST-1454,Rahul Gupta,Home Appliances,Kitchen,Electric Kettle,South,Telangana,Hyderabad,3807.6,2,0.05,2703.73,Credit Card,Delivered
ORD-10931,2025-01-07,CUST-1304,Deepak Sharma,Furniture,Storage,Filing Cabinet,East,Jharkhand,Jamshedpur,61697.25,5,0.15,46693.33,Net Banking,Cancelled
ORD-10932,2025-05-14,CUST-1724,Neha Kumar,Furniture,Storage,Storage Cabinet,East,Odisha,Cuttack,16489.15,1,0.05,11219.48,Credit Card,Returned
ORD-10933,2025-10-03,CUST-1593,Vikas Verma,Furniture,Lighting,LED Desk Lamp,East,Odisha,Bhubaneswar,8147.25,5,0.15,5436.52,UPI,Delivered
ORD-10934,2025-11-13,CUST-1449,Sneha Patel,Electronics,Accessories,Headphones,East,West Bengal,Kolkata,3269.95,1,0.15,2671.2,Credit Card,Delivered
ORD-10935,2025-12-16,CUST-1363,Anil Kumar,Home Appliances,Cooling,Air Cooler,West,Maharashtra,Nashik,32385.0,4,0.15,21939.42,Debit Card,Delivered
ORD-10936,2025-04-30,CUST-1584,Ritu Yadav,Electronics,Laptops,Lenovo Laptop,South,Andhra Pradesh,Visakhapatnam,239215.0,5,0.0,180239.56,Cash on Delivery,Delivered
ORD-10937,2025-03-24,CUST-1751,Manish Gupta,Home Appliances,Cooling,Air Cooler,South,Tamil Nadu,Chennai,22377.0,3,0.0,18719.18,Cash on Delivery,Cancelled
ORD-10938,2025-12-17,CUST-1397,Anjali Yadav,Furniture,Office Furniture,Office Desk,East,Bihar,Gaya,35223.15,3,0.15,28874.75,Net Banking,Delivered
ORD-10939,2025-04-05,CUST-1267,Pooja Gupta,Office Supplies,Paper,Printer Paper,South,Telangana,Hyderabad,1905.0,5,0.0,1561.77,UPI,Shipped
ORD-10940,2025-01-31,CUST-1700,Neha Verma,Electronics,Laptops,Lenovo Laptop,South,Karnataka,Mangaluru,240284.0,4,0.0,192229.49,Cash on Delivery,Shipped
ORD-10941,2025-07-11,CUST-1072,Sanjay Gupta,Office Supplies,Stationery,Stapler,East,Bihar,Patna,852.8,2,0.2,549.4,Net Banking,Cancelled
ORD-10942,2025-04-01,CUST-1520,Vikas Agarwal,Electronics,Monitors,LG Monitor,North,Rajasthan,Jaipur,19415.15,1,0.05,14513.34,Credit Card,Delivered
ORD-10943,2025-09-12,CUST-1198,Meena Singh,Home Appliances,Kitchen,Electric Kettle,West,Madhya Pradesh,Indore,5706.0,5,0.1,3774.84,Credit Card,Delivered
ORD-10944,2025-09-09,CUST-1193,Pooja Sharma,Electronics,Laptops,Lenovo Laptop,West,Maharashtra,Nashik,299440.0,5,0.2,209172.68,Cash on Delivery,Cancelled
ORD-10945,2025-04-13,CUST-1290,Priya Singh,Home Appliances,Cleaning,Vacuum Cleaner,East,Bihar,Gaya,21586.6,4,0.15,13080.58,UPI,Delivered
ORD-10946,2025-10-15,CUST-1496,Meena Yadav,Electronics,Laptops,Dell Laptop,West,Madhya Pradesh,Indore,56101.6,1,0.2,44149.87,Cash on Delivery,Shipped
ORD-10947,2025-03-30,CUST-1657,Priya Sharma,Home Appliances,Kitchen,Microwave,North,Uttar Pradesh,Varanasi,33400.75,5,0.15,26207.4,Cash on Delivery,Returned
ORD-10948,2025-04-02,CUST-1521,Neha Sharma,Furniture,Office Furniture,Bookshelf,South,Karnataka,Mysuru,14805.75,3,0.05,10716.68,Cash on Delivery,Cancelled
ORD-10949,2025-11-10,CUST-1016,Rahul Yadav,Electronics,Smartphones,iPhone,South,Karnataka,Mysuru,203471.3,2,0.15,164128.71,Debit Card,Returned
ORD-10950,2025-07-25,CUST-1046,Vikas Singh,Home Appliances,Cooling,Air Cooler,South,Andhra Pradesh,Visakhapatnam,30067.2,2,0.1,21116.22,UPI,Delivered
ORD-10951,2025-07-31,CUST-1387,Arjun Gupta,Home Appliances,Kitchen,Electric Kettle,East,Odisha,Bhubaneswar,5802.6,4,0.05,3583.87,UPI,Delivered
ORD-10952,2025-03-23,CUST-1501,Anil Singh,Office Supplies,Equipment,Paper Shredder,West,Gujarat,Vadodara,22661.1,3,0.1,15209.59,Cash on Delivery,Delivered
ORD-10953,2025-02-25,CUST-1780,Rohit Yadav,Home Appliances,Kitchen,Mixer Grinder,South,Karnataka,Mangaluru,11866.0,5,0.15,8540.02,UPI,Delivered
ORD-10954,2025-01-20,CUST-1398,Sanjay Verma,Office Supplies,Paper,Printer Paper,North,Delhi,Delhi,2220.0,4,0.0,1699.9,Cash on Delivery,Returned
ORD-10955,2025-04-07,CUST-1787,Manish Mishra,Furniture,Storage,Storage Cabinet,North,Rajasthan,Jaipur,19951.2,2,0.15,12971.52,UPI,Delivered
ORD-10956,2025-07-14,CUST-1157,Varun Jain,Furniture,Storage,Storage Cabinet,North,Delhi,New Delhi,13217.0,1,0.0,10717.08,Cash on Delivery,Shipped
ORD-10957,2025-05-28,CUST-1571,Sanjay Singh,Electronics,Accessories,Headphones,West,Maharashtra,Mumbai,4572.0,5,0.2,3566.71,Debit Card,Delivered
ORD-10958,2025-01-20,CUST-1147,Rohit Gupta,Electronics,Accessories,Headphones,North,Haryana,Gurugram,2839.0,1,0.0,2103.44,UPI,Delivered
ORD-10959,2025-11-29,CUST-1488,Shweta Yadav,Furniture,Lighting,LED Desk Lamp,West,Madhya Pradesh,Indore,9108.0,5,0.1,7696.56,Net Banking,Delivered
ORD-10960,2025-03-20,CUST-1466,Nisha Mishra,Furniture,Storage,Storage Cabinet,South,Tamil Nadu,Coimbatore,24060.0,2,0.0,17032.9,Debit Card,Delivered
ORD-10961,2025-01-22,CUST-1471,Anjali Jain,Office Supplies,Stationery,Pen Set,South,Kerala,Kochi,1791.8,4,0.15,1403.63,Net Banking,Delivered
ORD-10962,2025-08-26,CUST-1373,Priya Mishra,Furniture,Office Furniture,Bookshelf,East,Bihar,Patna,25292.8,2,0.05,21170.11,Cash on Delivery,Delivered
ORD-10963,2025-08-26,CUST-1562,Anjali Mishra,Furniture,Storage,Filing Cabinet,West,Gujarat,Surat,66665.5,5,0.15,45004.55,Cash on Delivery,Delivered
ORD-10964,2025-01-27,CUST-1205,Manish Mishra,Furniture,Storage,Filing Cabinet,South,Kerala,Thiruvananthapuram,18116.8,2,0.2,13891.03,Debit Card,Cancelled
ORD-10965,2025-12-15,CUST-1577,Vikas Yadav,Office Supplies,Paper,Printer Paper,South,Tamil Nadu,Coimbatore,1088.0,2,0.15,738.81,Cash on Delivery,Shipped
ORD-10966,2025-11-18,CUST-1037,Rohit Verma,Electronics,Monitors,Dell Monitor,North,Uttar Pradesh,Lucknow,61810.8,3,0.05,48576.87,Credit Card,Delivered
ORD-10967,2025-02-03,CUST-1372,Meena Mishra,Furniture,Storage,Storage Cabinet,East,Jharkhand,Jamshedpur,14444.75,1,0.05,11919.87,Credit Card,Delivered
ORD-10968,2025-08-01,CUST-1122,Nisha Patel,Office Supplies,Equipment,Calculator,East,Bihar,Gaya,1766.05,1,0.05,1461.05,UPI,Returned
ORD-10969,2025-01-21,CUST-1139,Pooja Agarwal,Electronics,Monitors,LG Monitor,East,Jharkhand,Ranchi,131765.0,5,0.05,93794.72,UPI,Delivered
ORD-10970,2025-12-10,CUST-1581,Neha Mishra,Furniture,Office Furniture,Bookshelf,North,Punjab,Ludhiana,29779.65,3,0.05,18693.97,Credit Card,Cancelled
ORD-10971,2025-06-14,CUST-1300,Anil Mishra,Furniture,Storage,Storage Cabinet,East,West Bengal,Siliguri,25939.8,2,0.1,21932.34,UPI,Delivered
ORD-10972,2025-06-13,CUST-1171,Rahul Gupta,Home Appliances,Cleaning,Vacuum Cleaner,West,Goa,Margao,37515.0,3,0.0,25631.36,UPI,Delivered
ORD-10973,2025-11-16,CUST-1011,Shweta Sharma,Home Appliances,Cleaning,Vacuum Cleaner,West,Madhya Pradesh,Bhopal,8013.8,1,0.15,5480.71,Cash on Delivery,Returned
ORD-10974,2025-08-06,CUST-1417,Priya Singh,Home Appliances,Cleaning,Vacuum Cleaner,West,Goa,Panaji,12370.0,1,0.0,9912.93,Debit Card,Returned
ORD-10975,2025-09-18,CUST-1117,Amit Singh,Furniture,Storage,Filing Cabinet,North,Delhi,New Delhi,27303.0,2,0.05,21698.22,UPI,Delivered
ORD-10976,2025-01-07,CUST-1755,Priya Patel,Office Supplies,Equipment,Calculator,North,Delhi,Delhi,3745.0,5,0.0,2906.26,Credit Card,Cancelled
ORD-10977,2025-02-11,CUST-1191,Anil Verma,Furniture,Office Furniture,Office Chair,North,Haryana,Panipat,10204.2,1,0.1,7718.08,Credit Card,Delivered
ORD-10978,2025-04-12,CUST-1726,Sneha Patel,Electronics,Accessories,Keyboard,South,Kerala,Thiruvananthapuram,4125.0,5,0.0,2656.35,Credit Card,Delivered
ORD-10979,2025-03-15,CUST-1556,Shweta Gupta,Furniture,Storage,Filing Cabinet,North,Uttar Pradesh,Kanpur,18345.6,2,0.2,12368.23,Net Banking,Shipped
ORD-10980,2025-11-24,CUST-1293,Manish Yadav,Electronics,Monitors,LG Monitor,West,Goa,Panaji,22236.0,2,0.0,13690.61,Debit Card,Cancelled
ORD-10981,2025-01-31,CUST-1635,Anjali Verma,Office Supplies,Equipment,Paper Shredder,East,West Bengal,Kolkata,47775.0,5,0.0,35463.4,Debit Card,Delivered
ORD-10982,2025-07-03,CUST-1761,Sneha Mishra,Office Supplies,Equipment,Calculator,East,Odisha,Cuttack,3233.8,2,0.05,1974.8,Debit Card,Delivered
ORD-10983,2025-08-27,CUST-1473,Priya Yadav,Furniture,Office Furniture,Bookshelf,East,Jharkhand,Jamshedpur,43496.0,4,0.0,35594.54,Debit Card,Delivered
ORD-10984,2025-11-20,CUST-1153,Pooja Mishra,Furniture,Office Furniture,Bookshelf,North,Haryana,Panipat,15110.0,2,0.0,9127.91,Net Banking,Delivered
ORD-10985,2025-05-19,CUST-1346,Manish Sharma,Office Supplies,Equipment,Paper Shredder,East,Jharkhand,Ranchi,9445.2,2,0.15,7100.02,Net Banking,Delivered
ORD-10986,2025-08-11,CUST-1164,Sneha Sharma,Office Supplies,Equipment,Paper Shredder,West,Maharashtra,Mumbai,30257.5,5,0.05,19933.28,Net Banking,Returned
ORD-10987,2025-04-21,CUST-1427,Sneha Sharma,Office Supplies,Equipment,Paper Shredder,West,Gujarat,Surat,19992.0,5,0.2,12642.08,Debit Card,Delivered
ORD-10988,2025-07-11,CUST-1706,Vikas Mishra,Home Appliances,Cleaning,Vacuum Cleaner,East,West Bengal,Kolkata,15175.8,2,0.1,11716.79,Debit Card,Cancelled
ORD-10989,2025-09-01,CUST-1288,Nisha Mishra,Office Supplies,Equipment,Calculator,West,Gujarat,Ahmedabad,8303.0,5,0.05,6670.05,Credit Card,Delivered
ORD-10990,2025-10-16,CUST-1482,Amit Mishra,Office Supplies,Stationery,Stapler,North,Haryana,Gurugram,1993.6,4,0.2,1644.93,Debit Card,Delivered
ORD-10991,2025-08-19,CUST-1399,Manish Kumar,Home Appliances,Kitchen,Mixer Grinder,South,Telangana,Hyderabad,4662.0,1,0.1,3758.55,Net Banking,Shipped
ORD-10992,2025-03-16,CUST-1280,Priya Agarwal,Furniture,Lighting,Table Lamp,West,Gujarat,Vadodara,2986.8,3,0.05,2182.98,Cash on Delivery,Delivered
ORD-10993,2025-05-08,CUST-1386,Anjali Sharma,Furniture,Storage,Filing Cabinet,West,Goa,Panaji,13324.6,1,0.15,8256.95,Net Banking,Returned
ORD-10994,2025-03-17,CUST-1458,Pooja Jain,Office Supplies,Stationery,Pen Set,South,Andhra Pradesh,Visakhapatnam,1451.6,4,0.05,1127.28,Net Banking,Delivered
ORD-10995,2025-03-25,CUST-1601,Vikas Mishra,Office Supplies,Equipment,Paper Shredder,North,Uttar Pradesh,Lucknow,13934.7,3,0.1,11258.56,Net Banking,Shipped
ORD-10996,2025-01-14,CUST-1644,Anjali Mishra,Electronics,Monitors,LG Monitor,East,Bihar,Gaya,138145.0,5,0.0,113391.47,UPI,Cancelled
ORD-10997,2025-03-09,CUST-1509,Anil Verma,Furniture,Lighting,Table Lamp,South,Tamil Nadu,Chennai,2047.5,1,0.1,1401.59,Net Banking,Delivered
ORD-10998,2025-02-05,CUST-1505,Pooja Jain,Home Appliances,Cooling,Air Cooler,North,Rajasthan,Jodhpur,35458.75,5,0.05,25251.05,UPI,Returned
ORD-10999,2025-05-14,CUST-1233,Deepak Sharma,Home Appliances,Kitchen,Mixer Grinder,North,Uttar Pradesh,Kanpur,8369.5,2,0.05,7018.71,Credit Card,Shipped
ORD-11000,2025-06-13,CUST-1331,Pooja Yadav,Home Appliances,Kitchen,Electric Kettle,North,Rajasthan,Jodhpur,13008.0,4,0.0,7935.3,Cash on Delivery,Delivered
ORD-11001,2025-04-17,CUST-1236,Shweta Agarwal,Electronics,Monitors,Samsung Monitor,North,Punjab,Jalandhar,43726.6,2,0.05,27900.37,UPI,Cancelled
ORD-11002,2025-11-15,CUST-1289,Arjun Jain,Furniture,Lighting,LED Desk Lamp,West,Madhya Pradesh,Bhopal,4862.7,3,0.1,4009.21,Net Banking,Delivered
ORD-11003,2025-11-30,CUST-1293,Kavita Sharma,Furniture,Office Furniture,Office Chair,East,Jharkhand,Ranchi,25642.4,4,0.05,16668.47,Cash on Delivery,Cancelled
ORD-11004,2025-06-02,CUST-1707,Manish Patel,Electronics,Smartphones,iPhone,West,Goa,Margao,176990.0,2,0.0,119906.37,Credit Card,Returned
ORD-11005,2025-04-03,CUST-1342,Manish Agarwal,Home Appliances,Cooling,Air Cooler,East,Odisha,Cuttack,44374.4,4,0.2,33244.64,Credit Card,Delivered
ORD-11006,2025-11-12,CUST-1110,Amit Sharma,Electronics,Monitors,LG Monitor,North,Uttar Pradesh,Varanasi,104937.0,4,0.05,65513.03,Debit Card,Delivered
ORD-11007,2025-11-27,CUST-1196,Anjali Mishra,Electronics,Monitors,Dell Monitor,North,Punjab,Amritsar,18902.15,1,0.05,12582.81,Credit Card,Delivered
ORD-11008,2025-11-22,CUST-1763,Amit Agarwal,Electronics,Smartphones,Redmi Phone,South,Karnataka,Bengaluru,127197.0,5,0.1,84906.12,Cash on Delivery,Delivered
ORD-11009,2025-02-02,CUST-1749,Vikas Gupta,Home Appliances,Kitchen,Mixer Grinder,North,Haryana,Panipat,20542.8,4,0.15,14443.77,UPI,Shipped
ORD-11010,2025-01-23,CUST-1673,Anil Kumar,Office Supplies,Stationery,Stapler,West,Madhya Pradesh,Bhopal,974.7,3,0.05,752.88,UPI,Cancelled
ORD-11011,2025-01-23,CUST-1577,Anjali Jain,Office Supplies,Paper,Printer Paper,East,Bihar,Patna,1861.5,5,0.15,1498.84,Cash on Delivery,Delivered
ORD-11012,2025-07-11,CUST-1675,Neha Jain,Home Appliances,Kitchen,Electric Kettle,South,Telangana,Warangal,8581.6,4,0.15,7258.99,Debit Card,Delivered
ORD-11013,2025-12-11,CUST-1770,Sneha Jain,Electronics,Monitors,Dell Monitor,East,Odisha,Cuttack,55467.6,3,0.15,39531.33,Cash on Delivery,Returned
ORD-11014,2025-12-15,CUST-1169,Rahul Mishra,Furniture,Lighting,Table Lamp,South,Andhra Pradesh,Visakhapatnam,4846.0,2,0.0,3905.2,UPI,Shipped
ORD-11015,2025-10-06,CUST-1043,Ritu Verma,Furniture,Lighting,Table Lamp,North,Punjab,Jalandhar,8409.0,3,0.0,5729.66,Debit Card,Shipped
ORD-11016,2025-07-22,CUST-1536,Pooja Gupta,Furniture,Lighting,LED Desk Lamp,West,Madhya Pradesh,Bhopal,7299.8,2,0.05,5686.91,Cash on Delivery,Returned
ORD-11017,2025-02-25,CUST-1508,Vikas Verma,Office Supplies,Stationery,Stapler,West,Gujarat,Surat,345.0,1,0.0,208.4,Debit Card,Delivered
ORD-11018,2025-04-17,CUST-1191,Anil Verma,Home Appliances,Cleaning,Vacuum Cleaner,West,Madhya Pradesh,Bhopal,13311.0,1,0.1,9128.58,Debit Card,Delivered
ORD-11019,2025-06-05,CUST-1439,Meena Patel,Electronics,Accessories,Mouse,East,West Bengal,Siliguri,1692.9,3,0.1,1312.26,Net Banking,Returned
ORD-11020,2025-10-03,CUST-1789,Rohit Yadav,Home Appliances,Kitchen,Microwave,West,Madhya Pradesh,Bhopal,13302.0,1,0.1,9789.39,UPI,Delivered
ORD-11021,2025-11-20,CUST-1097,Kavita Yadav,Home Appliances,Kitchen,Microwave,West,Gujarat,Vadodara,40937.7,3,0.15,26778.94,Net Banking,Delivered
ORD-11022,2025-01-06,CUST-1701,Vikas Patel,Electronics,Smartphones,Redmi Phone,North,Rajasthan,Jodhpur,72713.25,3,0.15,58194.37,Cash on Delivery,Cancelled
ORD-11023,2025-01-25,CUST-1260,Shweta Verma,Office Supplies,Stationery,Notebook,East,Bihar,Gaya,1098.9,3,0.1,776.57,Credit Card,Returned
ORD-11024,2025-02-09,CUST-1204,Sneha Agarwal,Furniture,Storage,Filing Cabinet,South,Karnataka,Mysuru,22777.2,3,0.05,15602.78,Cash on Delivery,Returned
ORD-11025,2025-09-10,CUST-1235,Kavita Verma,Furniture,Lighting,Table Lamp,North,Delhi,New Delhi,10195.2,4,0.1,8141.73,Net Banking,Delivered
ORD-11026,2025-12-29,CUST-1538,Neha Jain,Electronics,Monitors,LG Monitor,North,Haryana,Faridabad,114180.0,5,0.0,70368.43,Debit Card,Cancelled
ORD-11027,2025-07-03,CUST-1487,Pooja Jain,Electronics,Smartphones,Samsung Galaxy,South,Tamil Nadu,Chennai,143644.75,5,0.05,102206.91,Cash on Delivery,Delivered
ORD-11028,2025-10-13,CUST-1270,Sneha Verma,Electronics,Laptops,Dell Laptop,South,Andhra Pradesh,Visakhapatnam,107386.2,2,0.1,68008.08,Net Banking,Delivered
ORD-11029,2025-07-10,CUST-1062,Ritu Sharma,Office Supplies,Equipment,Calculator,North,Rajasthan,Kota,6563.55,3,0.05,4462.44,Credit Card,Returned
ORD-11030,2025-09-03,CUST-1219,Manish Agarwal,Electronics,Smartphones,Redmi Phone,East,Jharkhand,Ranchi,138700.0,5,0.0,88286.45,Credit Card,Returned
ORD-11031,2025-09-19,CUST-1149,Anil Agarwal,Furniture,Lighting,LED Desk Lamp,North,Rajasthan,Jaipur,5192.1,3,0.1,3642.77,Net Banking,Delivered
ORD-11032,2025-06-14,CUST-1800,Pooja Sharma,Home Appliances,Cooling,Air Cooler,South,Telangana,Warangal,22164.8,2,0.2,18559.63,Cash on Delivery,Delivered
ORD-11033,2025-11-27,CUST-1774,Sanjay Gupta,Home Appliances,Cooling,Air Cooler,West,Madhya Pradesh,Bhopal,22675.2,4,0.2,14086.08,Credit Card,Returned
ORD-11034,2025-11-25,CUST-1041,Neha Kumar,Office Supplies,Paper,Copy Paper,East,Odisha,Cuttack,1176.0,3,0.2,849.01,Cash on Delivery,Cancelled
ORD-11035,2025-10-14,CUST-1699,Meena Patel,Electronics,Accessories,Mouse,South,Kerala,Thiruvananthapuram,10468.0,5,0.2,7933.08,Debit Card,Cancelled
ORD-11036,2025-05-18,CUST-1278,Varun Patel,Furniture,Lighting,Table Lamp,South,Telangana,Warangal,5853.9,3,0.05,4720.78,Cash on Delivery,Cancelled
ORD-11037,2025-07-30,CUST-1286,Arjun Patel,Office Supplies,Stationery,Stapler,East,Bihar,Patna,1362.3,3,0.05,1089.17,Cash on Delivery,Shipped
ORD-11038,2025-03-30,CUST-1121,Varun Gupta,Furniture,Lighting,LED Desk Lamp,South,Andhra Pradesh,Visakhapatnam,5115.3,3,0.15,3688.57,Debit Card,Shipped
ORD-11039,2025-08-24,CUST-1551,Priya Singh,Electronics,Accessories,Headphones,West,Maharashtra,Nagpur,4104.0,4,0.0,2656.24,Debit Card,Delivered
ORD-11040,2025-08-21,CUST-1564,Shweta Kumar,Electronics,Accessories,Headphones,East,Bihar,Gaya,23504.0,4,0.0,16901.54,Net Banking,Delivered
ORD-11041,2025-03-03,CUST-1144,Sanjay Verma,Electronics,Monitors,Dell Monitor,West,Maharashtra,Mumbai,123921.0,5,0.1,78300.17,UPI,Cancelled
ORD-11042,2025-12-18,CUST-1434,Manish Sharma,Office Supplies,Equipment,Paper Shredder,North,Uttar Pradesh,Lucknow,21432.0,3,0.05,14094.16,Cash on Delivery,Shipped
ORD-11043,2025-10-20,CUST-1770,Arjun Jain,Electronics,Monitors,Dell Monitor,West,Gujarat,Ahmedabad,42862.1,2,0.05,31521.98,UPI,Delivered
ORD-11044,2025-02-16,CUST-1585,Meena Kumar,Furniture,Storage,Filing Cabinet,East,West Bengal,Kolkata,20044.8,2,0.2,12856.95,Credit Card,Delivered
ORD-11045,2025-05-24,CUST-1110,Amit Gupta,Home Appliances,Kitchen,Mixer Grinder,West,Madhya Pradesh,Indore,2695.35,1,0.15,2097.27,Net Banking,Delivered
ORD-11046,2025-07-16,CUST-1630,Pooja Sharma,Home Appliances,Cleaning,Vacuum Cleaner,West,Gujarat,Vadodara,13614.45,3,0.15,9896.21,Net Banking,Returned
ORD-11047,2025-08-15,CUST-1622,Manish Mishra,Home Appliances,Kitchen,Microwave,South,Karnataka,Mangaluru,19026.0,2,0.1,13095.91,Debit Card,Delivered
ORD-11048,2025-05-29,CUST-1237,Pooja Patel,Electronics,Accessories,Headphones,East,West Bengal,Kolkata,3348.0,1,0.2,2297.72,Net Banking,Delivered
ORD-11049,2025-09-09,CUST-1447,Kavita Yadav,Office Supplies,Stationery,Pen Set,North,Haryana,Faridabad,933.3,3,0.15,596.87,Credit Card,Returned
ORD-11050,2025-10-27,CUST-1661,Ritu Patel,Office Supplies,Stationery,Notebook,South,Karnataka,Mysuru,438.9,1,0.05,273.48,Cash on Delivery,Delivered
ORD-11051,2025-05-09,CUST-1082,Ritu Kumar,Furniture,Storage,Storage Cabinet,East,Bihar,Gaya,16580.1,2,0.15,11239.64,Cash on Delivery,Delivered
ORD-11052,2025-04-29,CUST-1095,Meena Sharma,Home Appliances,Kitchen,Mixer Grinder,South,Telangana,Warangal,3280.0,1,0.2,2552.27,UPI,Returned
ORD-11053,2025-02-21,CUST-1276,Sanjay Jain,Office Supplies,Equipment,Calculator,North,Haryana,Panipat,3024.8,2,0.05,2000.64,UPI,Delivered
ORD-11054,2025-03-29,CUST-1785,Arjun Jain,Electronics,Accessories,Keyboard,North,Rajasthan,Kota,1696.6,2,0.15,1084.09,Credit Card,Delivered
ORD-11055,2025-11-08,CUST-1377,Shweta Kumar,Furniture,Lighting,Table Lamp,East,Bihar,Gaya,2340.8,2,0.2,1846.02,UPI,Delivered
ORD-11056,2025-03-11,CUST-1001,Varun Agarwal,Home Appliances,Cooling,Air Cooler,East,Jharkhand,Jamshedpur,65709.25,5,0.15,51772.83,Cash on Delivery,Delivered
ORD-11057,2025-03-27,CUST-1516,Sneha Singh,Office Supplies,Paper,Printer Paper,North,Delhi,New Delhi,1959.25,5,0.15,1359.69,Debit Card,Delivered
ORD-11058,2025-06-11,CUST-1499,Manish Sharma,Home Appliances,Cooling,Air Cooler,South,Kerala,Kochi,35605.05,3,0.05,22629.82,Credit Card,Delivered
ORD-11059,2025-05-10,CUST-1499,Pooja Agarwal,Home Appliances,Kitchen,Microwave,East,Odisha,Bhubaneswar,10469.0,1,0.05,8629.17,UPI,Delivered
ORD-11060,2025-07-11,CUST-1055,Neha Agarwal,Office Supplies,Paper,Copy Paper,East,Jharkhand,Ranchi,495.0,1,0.0,340.62,Credit Card,Delivered
ORD-11061,2025-09-17,CUST-1170,Amit Verma,Electronics,Laptops,Dell Laptop,South,Andhra Pradesh,Visakhapatnam,371655.0,5,0.0,264651.68,Debit Card,Returned
ORD-11062,2025-11-10,CUST-1472,Neha Patel,Electronics,Laptops,ASUS Laptop,West,Goa,Margao,234889.6,4,0.2,143056.92,Cash on Delivery,Cancelled
ORD-11063,2025-10-17,CUST-1519,Anil Singh,Office Supplies,Stationery,Notebook,East,Odisha,Cuttack,235.2,2,0.2,163.69,Net Banking,Delivered
ORD-11064,2025-01-22,CUST-1046,Varun Sharma,Furniture,Storage,Filing Cabinet,South,Tamil Nadu,Coimbatore,44678.4,4,0.2,29656.94,Credit Card,Delivered
ORD-11065,2025-02-03,CUST-1168,Rahul Kumar,Home Appliances,Kitchen,Electric Kettle,East,West Bengal,Kolkata,5868.0,4,0.0,4502.83,Debit Card,Shipped
ORD-11066,2025-07-10,CUST-1481,Arjun Patel,Office Supplies,Equipment,Calculator,West,Goa,Panaji,4336.0,2,0.0,3071.92,Debit Card,Delivered
ORD-11067,2025-09-18,CUST-1308,Sneha Yadav,Office Supplies,Stationery,Notebook,North,Rajasthan,Jodhpur,1016.5,5,0.05,833.72,Credit Card,Delivered
ORD-11068,2025-03-20,CUST-1101,Nisha Jain,Home Appliances,Cooling,Air Cooler,West,Madhya Pradesh,Indore,20887.65,3,0.05,13380.87,Net Banking,Cancelled
ORD-11069,2025-02-03,CUST-1794,Priya Sharma,Furniture,Storage,Storage Cabinet,East,Jharkhand,Jamshedpur,10321.2,1,0.1,6497.78,Credit Card,Delivered
ORD-11070,2025-09-09,CUST-1406,Shweta Gupta,Office Supplies,Stationery,Stapler,East,Jharkhand,Ranchi,938.6,2,0.05,703.48,Cash on Delivery,Delivered
ORD-11071,2025-02-12,CUST-1104,Anil Verma,Home Appliances,Kitchen,Electric Kettle,North,Delhi,Delhi,2420.0,2,0.0,1737.08,UPI,Delivered
ORD-11072,2025-05-30,CUST-1376,Neha Patel,Office Supplies,Paper,Printer Paper,North,Uttar Pradesh,Kanpur,548.0,1,0.0,464.18,Cash on Delivery,Delivered
ORD-11073,2025-04-09,CUST-1175,Pooja Agarwal,Office Supplies,Equipment,Calculator,North,Punjab,Jalandhar,5139.5,5,0.05,3167.14,Cash on Delivery,Returned
ORD-11074,2025-05-14,CUST-1162,Ritu Verma,Electronics,Accessories,Mouse,East,Bihar,Gaya,4141.2,2,0.15,2856.14,Cash on Delivery,Delivered
ORD-11075,2025-05-31,CUST-1670,Pooja Yadav,Furniture,Office Furniture,Office Desk,South,Telangana,Warangal,26172.0,2,0.0,16223.06,Cash on Delivery,Delivered
ORD-11076,2025-03-17,CUST-1111,Kavita Singh,Office Supplies,Equipment,Paper Shredder,South,Karnataka,Mysuru,25325.75,5,0.15,17951.75,UPI,Cancelled
ORD-11077,2025-12-09,CUST-1688,Nisha Patel,Electronics,Monitors,Dell Monitor,West,Gujarat,Surat,58586.4,4,0.1,36119.33,UPI,Returned
ORD-11078,2025-05-10,CUST-1399,Sanjay Agarwal,Home Appliances,Kitchen,Microwave,East,Jharkhand,Jamshedpur,64033.2,4,0.1,53756.91,Cash on Delivery,Returned
ORD-11079,2025-12-25,CUST-1189,Amit Singh,Home Appliances,Cleaning,Vacuum Cleaner,West,Madhya Pradesh,Bhopal,6934.05,1,0.05,5049.35,Net Banking,Delivered
ORD-11080,2025-04-14,CUST-1739,Sanjay Yadav,Office Supplies,Equipment,Paper Shredder,North,Uttar Pradesh,Varanasi,12066.0,3,0.0,8695.96,Cash on Delivery,Delivered
ORD-11081,2025-04-19,CUST-1152,Priya Jain,Home Appliances,Cooling,Air Cooler,West,Madhya Pradesh,Bhopal,56899.2,4,0.2,41922.24,Cash on Delivery,Returned
ORD-11082,2025-08-22,CUST-1046,Varun Mishra,Electronics,Accessories,Mouse,North,Haryana,Panipat,9577.6,4,0.2,6299.54,Debit Card,Returned
ORD-11083,2025-10-30,CUST-1229,Kavita Kumar,Office Supplies,Paper,Copy Paper,West,Maharashtra,Pune,494.95,1,0.05,301.99,Net Banking,Delivered
ORD-11084,2025-07-23,CUST-1003,Anjali Sharma,Home Appliances,Kitchen,Electric Kettle,North,Punjab,Jalandhar,10374.0,3,0.0,7512.42,Cash on Delivery,Delivered
ORD-11085,2025-10-01,CUST-1678,Nisha Kumar,Office Supplies,Stationery,Stapler,North,Delhi,Delhi,278.8,2,0.15,172.83,Credit Card,Delivered
ORD-11086,2025-01-11,CUST-1102,Vikas Kumar,Home Appliances,Kitchen,Microwave,South,Telangana,Warangal,17433.0,2,0.1,10885.18,Debit Card,Delivered
ORD-11087,2025-10-05,CUST-1709,Nisha Verma,Electronics,Smartphones,Samsung Galaxy,North,Delhi,New Delhi,89187.0,3,0.0,70566.99,Debit Card,Delivered
ORD-11088,2025-09-14,CUST-1785,Nisha Agarwal,Office Supplies,Stationery,Pen Set,North,Haryana,Panipat,437.95,1,0.05,305.24,Credit Card,Shipped
ORD-11089,2025-05-09,CUST-1743,Amit Patel,Furniture,Storage,Filing Cabinet,North,Uttar Pradesh,Kanpur,65369.5,5,0.05,47044.64,Debit Card,Delivered
ORD-11090,2025-06-24,CUST-1399,Anjali Verma,Furniture,Lighting,LED Desk Lamp,East,Bihar,Patna,19280.0,5,0.0,16272.98,Credit Card,Returned
ORD-11091,2025-12-03,CUST-1800,Sneha Jain,Office Supplies,Stationery,Notebook,East,Jharkhand,Jamshedpur,314.45,1,0.05,188.96,Debit Card,Delivered
ORD-11092,2025-12-07,CUST-1382,Priya Yadav,Electronics,Smartphones,Samsung Galaxy,North,Punjab,Amritsar,208448.0,5,0.2,164993.11,Cash on Delivery,Delivered
ORD-11093,2025-08-31,CUST-1507,Nisha Jain,Office Supplies,Stationery,Pen Set,West,Maharashtra,Mumbai,2407.5,5,0.1,1467.94,UPI,Delivered
ORD-11094,2025-06-03,CUST-1681,Vikas Kumar,Office Supplies,Paper,Printer Paper,East,Bihar,Gaya,2180.0,5,0.0,1579.57,Debit Card,Delivered
ORD-11095,2025-01-12,CUST-1027,Varun Mishra,Electronics,Monitors,Dell Monitor,South,Karnataka,Bengaluru,16791.3,1,0.1,11411.0,UPI,Delivered
ORD-11096,2025-10-23,CUST-1218,Shweta Verma,Office Supplies,Equipment,Calculator,South,Karnataka,Mysuru,9660.0,5,0.2,7897.78,Cash on Delivery,Delivered
ORD-11097,2025-10-10,CUST-1674,Varun Verma,Home Appliances,Kitchen,Electric Kettle,East,West Bengal,Siliguri,6306.0,3,0.0,3999.41,UPI,Shipped
ORD-11098,2025-01-03,CUST-1110,Sneha Sharma,Electronics,Monitors,Dell Monitor,East,Odisha,Cuttack,134847.75,5,0.05,83673.33,Credit Card,Delivered
ORD-11099,2025-11-29,CUST-1583,Rohit Sharma,Furniture,Lighting,Table Lamp,East,Bihar,Patna,2627.2,4,0.2,2151.07,Cash on Delivery,Returned
ORD-11100,2025-04-07,CUST-1505,Nisha Gupta,Home Appliances,Kitchen,Electric Kettle,North,Haryana,Gurugram,6868.5,3,0.05,4815.71,Cash on Delivery,Delivered
ORD-11101,2025-10-24,CUST-1295,Arjun Gupta,Home Appliances,Kitchen,Mixer Grinder,North,Haryana,Faridabad,14637.6,4,0.1,11312.3,Cash on Delivery,Delivered
ORD-11102,2025-11-25,CUST-1595,Rohit Gupta,Furniture,Lighting,Table Lamp,South,Karnataka,Bengaluru,2295.2,1,0.05,1930.96,Debit Card,Delivered
ORD-11103,2025-10-22,CUST-1003,Manish Verma,Office Supplies,Stationery,Pen Set,North,Haryana,Gurugram,500.0,2,0.0,408.6,Debit Card,Delivered
ORD-11104,2025-07-13,CUST-1676,Ritu Kumar,Furniture,Storage,Storage Cabinet,East,Bihar,Patna,32127.1,2,0.05,23211.13,Debit Card,Delivered
ORD-11105,2025-01-26,CUST-1259,Amit Yadav,Electronics,Accessories,Headphones,East,Bihar,Patna,6805.95,3,0.15,4271.44,Debit Card,Delivered
ORD-11106,2025-05-26,CUST-1287,Sanjay Yadav,Electronics,Accessories,Mouse,North,Haryana,Panipat,3615.9,3,0.15,2351.17,Debit Card,Returned
ORD-11107,2025-09-02,CUST-1400,Arjun Singh,Furniture,Office Furniture,Office Chair,East,Bihar,Gaya,42940.0,4,0.05,36354.0,Cash on Delivery,Shipped
ORD-11108,2025-11-25,CUST-1149,Rohit Kumar,Office Supplies,Equipment,Paper Shredder,West,Goa,Panaji,16664.0,4,0.0,12361.17,UPI,Delivered
ORD-11109,2025-05-25,CUST-1259,Deepak Jain,Furniture,Office Furniture,Office Desk,South,Kerala,Kochi,87012.0,5,0.2,59631.42,Net Banking,Delivered
ORD-11110,2025-04-06,CUST-1112,Varun Yadav,Home Appliances,Cooling,Air Cooler,West,Goa,Panaji,10390.4,1,0.15,7856.75,Credit Card,Delivered
ORD-11111,2025-01-24,CUST-1345,Neha Agarwal,Home Appliances,Kitchen,Microwave,South,Andhra Pradesh,Visakhapatnam,36345.0,5,0.0,22744.63,Credit Card,Delivered
ORD-11112,2025-07-30,CUST-1045,Manish Agarwal,Home Appliances,Cooling,Air Cooler,East,West Bengal,Kolkata,18076.6,2,0.05,12522.01,UPI,Delivered
ORD-11113,2025-01-06,CUST-1602,Anjali Verma,Electronics,Monitors,Dell Monitor,West,Madhya Pradesh,Bhopal,69460.0,5,0.0,55662.05,Cash on Delivery,Shipped
ORD-11114,2025-11-19,CUST-1780,Deepak Sharma,Electronics,Accessories,Keyboard,East,Odisha,Bhubaneswar,8616.0,4,0.0,5360.68,Cash on Delivery,Delivered
ORD-11115,2025-10-22,CUST-1285,Amit Yadav,Furniture,Office Furniture,Bookshelf,West,Goa,Margao,11420.8,1,0.2,6913.47,Debit Card,Delivered
ORD-11116,2025-03-30,CUST-1161,Deepak Sharma,Furniture,Office Furniture,Office Desk,South,Tamil Nadu,Chennai,34023.8,4,0.15,22333.44,Credit Card,Delivered
ORD-11117,2025-03-02,CUST-1744,Manish Mishra,Electronics,Smartphones,Redmi Phone,West,Madhya Pradesh,Bhopal,38946.2,4,0.05,27014.41,Cash on Delivery,Delivered
ORD-11118,2025-12-17,CUST-1431,Rohit Verma,Furniture,Storage,Filing Cabinet,South,Tamil Nadu,Chennai,33272.8,4,0.05,22177.49,Cash on Delivery,Cancelled
ORD-11119,2025-10-12,CUST-1694,Ritu Patel,Furniture,Storage,Storage Cabinet,West,Madhya Pradesh,Bhopal,27215.3,2,0.15,18228.64,Debit Card,Shipped
ORD-11120,2025-04-20,CUST-1752,Amit Gupta,Home Appliances,Kitchen,Electric Kettle,East,Odisha,Cuttack,1519.0,1,0.0,998.64,Cash on Delivery,Returned
ORD-11121,2025-02-27,CUST-1574,Sneha Yadav,Furniture,Lighting,Table Lamp,South,Karnataka,Mangaluru,3570.0,2,0.0,2595.76,Cash on Delivery,Shipped
ORD-11122,2025-02-07,CUST-1248,Nisha Jain,Electronics,Monitors,LG Monitor,North,Punjab,Jalandhar,76910.1,3,0.05,62068.57,UPI,Delivered
ORD-11123,2025-09-09,CUST-1211,Vikas Gupta,Home Appliances,Kitchen,Microwave,North,Rajasthan,Jaipur,37408.5,5,0.1,26755.49,Debit Card,Returned
ORD-11124,2025-06-22,CUST-1031,Rahul Sharma,Electronics,Monitors,Dell Monitor,North,Uttar Pradesh,Lucknow,63280.0,5,0.0,48851.47,Net Banking,Returned
ORD-11125,2025-02-20,CUST-1450,Nisha Mishra,Furniture,Storage,Storage Cabinet,North,Rajasthan,Jaipur,68048.0,4,0.0,54348.06,Cash on Delivery,Cancelled
ORD-11126,2025-05-29,CUST-1771,Varun Kumar,Furniture,Lighting,LED Desk Lamp,South,Karnataka,Mangaluru,7226.4,3,0.2,5980.3,UPI,Delivered
ORD-11127,2025-03-31,CUST-1782,Varun Jain,Home Appliances,Kitchen,Electric Kettle,North,Punjab,Amritsar,11656.0,4,0.0,7122.24,UPI,Delivered
ORD-11128,2025-12-05,CUST-1268,Deepak Yadav,Office Supplies,Equipment,Paper Shredder,West,Goa,Panaji,22219.0,5,0.15,15429.55,UPI,Delivered
ORD-11129,2025-07-31,CUST-1153,Arjun Jain,Electronics,Monitors,LG Monitor,South,Telangana,Warangal,47431.7,2,0.15,37110.56,Cash on Delivery,Cancelled
ORD-11130,2025-01-21,CUST-1641,Sneha Sharma,Home Appliances,Cooling,Air Cooler,East,Bihar,Patna,59085.0,5,0.0,46859.82,Cash on Delivery,Delivered
ORD-11131,2025-03-06,CUST-1067,Rahul Kumar,Office Supplies,Equipment,Calculator,North,Uttar Pradesh,Noida,9496.0,5,0.2,7450.81,Debit Card,Cancelled
ORD-11132,2025-05-13,CUST-1660,Sanjay Jain,Furniture,Storage,Filing Cabinet,East,Jharkhand,Ranchi,78060.0,5,0.0,54636.32,Credit Card,Delivered
ORD-11133,2025-12-11,CUST-1068,Vikas Yadav,Office Supplies,Paper,Copy Paper,West,Gujarat,Vadodara,494.0,2,0.05,405.01,Credit Card,Delivered
ORD-11134,2025-09-28,CUST-1442,Manish Verma,Home Appliances,Kitchen,Microwave,West,Goa,Panaji,44237.4,3,0.15,28275.13,Debit Card,Returned
ORD-11135,2025-05-29,CUST-1044,Sanjay Yadav,Furniture,Storage,Filing Cabinet,South,Telangana,Warangal,15955.0,1,0.0,11447.04,Debit Card,Delivered
ORD-11136,2025-05-24,CUST-1298,Ritu Patel,Office Supplies,Stationery,Stapler,North,Delhi,New Delhi,3234.75,5,0.05,2612.4,Debit Card,Delivered
ORD-11137,2025-03-10,CUST-1477,Meena Sharma,Electronics,Monitors,Dell Monitor,West,Maharashtra,Nagpur,32455.8,2,0.05,27341.84,Debit Card,Delivered
ORD-11138,2025-09-27,CUST-1264,Shweta Mishra,Furniture,Office Furniture,Office Chair,North,Haryana,Panipat,5239.2,1,0.2,3739.14,Net Banking,Cancelled
ORD-11139,2025-03-05,CUST-1558,Rahul Patel,Electronics,Smartphones,Redmi Phone,South,Tamil Nadu,Madurai,24503.8,2,0.15,18647.56,Credit Card,Delivered
ORD-11140,2025-07-28,CUST-1036,Anil Verma,Electronics,Accessories,Headphones,East,Odisha,Cuttack,23616.0,4,0.2,18422.17,Cash on Delivery,Delivered
ORD-11141,2025-01-06,CUST-1190,Manish Sharma,Office Supplies,Paper,Printer Paper,North,Rajasthan,Jaipur,1260.0,5,0.2,921.02,UPI,Delivered
ORD-11142,2025-12-19,CUST-1387,Priya Agarwal,Electronics,Accessories,Keyboard,East,Odisha,Cuttack,17028.75,5,0.05,11885.05,Cash on Delivery,Returned
ORD-11143,2025-06-27,CUST-1138,Rahul Verma,Office Supplies,Stationery,Stapler,West,Maharashtra,Mumbai,1085.85,3,0.05,759.28,Net Banking,Delivered
ORD-11144,2025-01-14,CUST-1601,Vikas Yadav,Furniture,Office Furniture,Bookshelf,South,Tamil Nadu,Madurai,58363.25,5,0.05,36090.4,Net Banking,Delivered
ORD-11145,2025-06-21,CUST-1346,Anjali Verma,Office Supplies,Stationery,Stapler,North,Punjab,Ludhiana,2835.0,5,0.0,2288.97,UPI,Returned
ORD-11146,2025-06-22,CUST-1244,Sneha Yadav,Electronics,Laptops,Dell Laptop,East,Jharkhand,Ranchi,204708.0,4,0.0,171128.11,UPI,Shipped
ORD-11147,2025-04-15,CUST-1370,Pooja Yadav,Furniture,Lighting,LED Desk Lamp,North,Uttar Pradesh,Noida,2196.4,1,0.05,1372.72,Credit Card,Returned
ORD-11148,2025-04-22,CUST-1261,Priya Mishra,Furniture,Storage,Filing Cabinet,North,Haryana,Panipat,51890.8,4,0.15,36641.05,Cash on Delivery,Cancelled
ORD-11149,2025-03-15,CUST-1637,Manish Jain,Electronics,Smartphones,iPhone,West,Goa,Panaji,221296.0,5,0.2,187279.87,Credit Card,Delivered
ORD-11150,2025-06-02,CUST-1244,Sneha Jain,Furniture,Office Furniture,Bookshelf,South,Kerala,Kochi,42204.0,3,0.0,25885.83,Debit Card,Delivered
ORD-11151,2025-12-20,CUST-1711,Amit Patel,Electronics,Monitors,LG Monitor,North,Rajasthan,Jodhpur,74780.0,5,0.0,58228.43,Net Banking,Delivered
ORD-11152,2025-10-26,CUST-1170,Pooja Patel,Home Appliances,Kitchen,Electric Kettle,East,Jharkhand,Jamshedpur,3825.6,3,0.2,3044.73,Cash on Delivery,Delivered
ORD-11153,2025-11-23,CUST-1583,Deepak Singh,Electronics,Monitors,Samsung Monitor,West,Maharashtra,Nagpur,77762.25,5,0.05,63969.94,UPI,Delivered
ORD-11154,2025-04-25,CUST-1302,Vikas Yadav,Electronics,Accessories,Keyboard,East,West Bengal,Siliguri,13688.0,4,0.0,9777.28,Net Banking,Delivered
ORD-11155,2025-11-25,CUST-1453,Sanjay Gupta,Furniture,Storage,Storage Cabinet,West,Gujarat,Vadodara,27593.7,2,0.05,21090.27,Cash on Delivery,Returned
ORD-11156,2025-01-09,CUST-1292,Amit Mishra,Home Appliances,Cleaning,Vacuum Cleaner,East,West Bengal,Kolkata,31501.0,5,0.15,23551.03,Debit Card,Shipped
ORD-11157,2025-12-13,CUST-1151,Anjali Kumar,Home Appliances,Cleaning,Vacuum Cleaner,North,Rajasthan,Jodhpur,8549.0,1,0.0,6330.09,Net Banking,Delivered
ORD-11158,2025-12-11,CUST-1703,Vikas Gupta,Office Supplies,Stationery,Pen Set,West,Goa,Panaji,2485.2,4,0.05,1640.61,Debit Card,Returned
ORD-11159,2025-09-18,CUST-1279,Rahul Sharma,Electronics,Laptops,ASUS Laptop,South,Kerala,Kochi,300062.75,5,0.15,184734.0,UPI,Delivered
ORD-11160,2025-07-18,CUST-1516,Manish Verma,Electronics,Laptops,HP Laptop,North,Delhi,Delhi,249180.0,4,0.0,187636.75,Debit Card,Delivered
ORD-11161,2025-05-31,CUST-1645,Meena Verma,Home Appliances,Kitchen,Electric Kettle,West,Maharashtra,Nashik,7208.0,5,0.2,6035.66,Net Banking,Cancelled
ORD-11162,2025-03-15,CUST-1052,Neha Gupta,Home Appliances,Cleaning,Vacuum Cleaner,West,Goa,Panaji,40851.0,5,0.15,26168.25,Net Banking,Delivered
ORD-11163,2025-07-26,CUST-1782,Anjali Singh,Electronics,Accessories,Headphones,South,Telangana,Hyderabad,16596.0,4,0.0,14031.85,Cash on Delivery,Cancelled
ORD-11164,2025-11-05,CUST-1069,Arjun Sharma,Furniture,Office Furniture,Office Chair,East,Odisha,Bhubaneswar,35208.0,4,0.0,29374.4,Debit Card,Delivered
ORD-11165,2025-03-29,CUST-1208,Neha Yadav,Electronics,Accessories,Keyboard,North,Haryana,Panipat,2944.0,2,0.0,1824.25,Credit Card,Delivered
ORD-11166,2025-07-14,CUST-1116,Deepak Yadav,Furniture,Storage,Storage Cabinet,South,Andhra Pradesh,Visakhapatnam,69277.5,5,0.1,48078.26,Credit Card,Delivered
ORD-11167,2025-08-18,CUST-1077,Nisha Kumar,Furniture,Lighting,LED Desk Lamp,West,Goa,Panaji,1339.6,1,0.15,902.23,UPI,Returned
ORD-11168,2025-02-18,CUST-1442,Arjun Kumar,Furniture,Lighting,LED Desk Lamp,North,Delhi,Delhi,2236.35,1,0.15,1640.46,Credit Card,Delivered
ORD-11169,2025-09-13,CUST-1684,Ritu Singh,Furniture,Lighting,Table Lamp,South,Karnataka,Bengaluru,11384.8,4,0.05,7122.15,Credit Card,Delivered
ORD-11170,2025-09-23,CUST-1430,Sanjay Patel,Furniture,Storage,Filing Cabinet,West,Madhya Pradesh,Indore,44905.0,5,0.0,36463.71,Credit Card,Shipped
ORD-11171,2025-12-15,CUST-1327,Anjali Sharma,Home Appliances,Cooling,Air Cooler,West,Gujarat,Vadodara,56044.8,4,0.2,41257.36,Net Banking,Delivered
ORD-11172,2025-12-15,CUST-1122,Kavita Agarwal,Furniture,Storage,Filing Cabinet,North,Haryana,Faridabad,10981.0,1,0.0,7621.13,Credit Card,Delivered
ORD-11173,2025-12-04,CUST-1176,Sanjay Gupta,Electronics,Accessories,Headphones,West,Goa,Panaji,3026.7,3,0.1,2223.92,Net Banking,Delivered
ORD-11174,2025-12-18,CUST-1272,Pooja Patel,Furniture,Office Furniture,Bookshelf,South,Karnataka,Mangaluru,14980.8,2,0.2,10478.81,Net Banking,Returned
ORD-11175,2025-11-01,CUST-1041,Nisha Patel,Office Supplies,Equipment,Calculator,West,Gujarat,Surat,1518.0,2,0.0,1233.71,UPI,Shipped
ORD-11176,2025-12-21,CUST-1748,Deepak Jain,Furniture,Storage,Storage Cabinet,East,Odisha,Cuttack,57564.0,5,0.2,43597.77,UPI,Delivered
ORD-11177,2025-06-27,CUST-1463,Nisha Jain,Electronics,Monitors,Dell Monitor,East,West Bengal,Siliguri,47300.8,2,0.15,33673.19,Net Banking,Delivered
ORD-11178,2025-10-04,CUST-1788,Sanjay Sharma,Electronics,Laptops,ASUS Laptop,East,Odisha,Cuttack,271585.2,4,0.15,189055.51,Credit Card,Returned
ORD-11179,2025-11-16,CUST-1589,Anjali Jain,Office Supplies,Equipment,Calculator,East,Bihar,Patna,8140.0,4,0.0,6492.72,Cash on Delivery,Delivered
ORD-11180,2025-12-15,CUST-1537,Amit Yadav,Electronics,Monitors,Dell Monitor,South,Tamil Nadu,Coimbatore,58099.2,3,0.15,45429.05,Debit Card,Cancelled
ORD-11181,2025-08-22,CUST-1583,Rahul Sharma,Furniture,Lighting,LED Desk Lamp,North,Delhi,Delhi,5667.3,3,0.1,3659.03,Cash on Delivery,Delivered
ORD-11182,2025-08-24,CUST-1608,Pooja Gupta,Furniture,Lighting,Table Lamp,South,Telangana,Warangal,4769.6,2,0.2,3871.42,Net Banking,Returned
ORD-11183,2025-04-24,CUST-1200,Nisha Patel,Furniture,Storage,Filing Cabinet,North,Punjab,Amritsar,19336.8,3,0.2,15283.31,Net Banking,Delivered
ORD-11184,2025-06-25,CUST-1399,Sanjay Patel,Furniture,Storage,Storage Cabinet,South,Kerala,Kochi,7729.6,1,0.2,4843.0,Net Banking,Delivered
ORD-11185,2025-07-07,CUST-1027,Sneha Jain,Electronics,Monitors,LG Monitor,West,Madhya Pradesh,Indore,50088.75,3,0.05,30148.45,Debit Card,Cancelled
ORD-11186,2025-11-16,CUST-1123,Ritu Patel,Home Appliances,Kitchen,Mixer Grinder,North,Uttar Pradesh,Noida,12189.6,2,0.1,9087.28,Debit Card,Returned
ORD-11187,2025-01-20,CUST-1089,Neha Gupta,Office Supplies,Paper,Copy Paper,East,Odisha,Bhubaneswar,375.3,1,0.1,244.16,Credit Card,Cancelled
ORD-11188,2025-03-30,CUST-1375,Meena Gupta,Furniture,Storage,Storage Cabinet,East,Jharkhand,Ranchi,20250.0,3,0.0,17008.99,Debit Card,Returned
ORD-11189,2025-03-18,CUST-1714,Rohit Kumar,Furniture,Storage,Storage Cabinet,North,Uttar Pradesh,Varanasi,73350.0,5,0.0,56774.35,Cash on Delivery,Delivered
ORD-11190,2025-10-15,CUST-1062,Meena Singh,Office Supplies,Stationery,Notebook,East,West Bengal,Siliguri,1476.0,5,0.2,1201.63,Debit Card,Delivered
ORD-11191,2025-03-25,CUST-1141,Priya Jain,Office Supplies,Equipment,Paper Shredder,East,Jharkhand,Ranchi,28607.6,4,0.15,19163.79,Credit Card,Delivered
ORD-11192,2025-09-10,CUST-1724,Priya Jain,Home Appliances,Cleaning,Vacuum Cleaner,West,Goa,Margao,46165.25,5,0.05,33493.25,Debit Card,Shipped
ORD-11193,2025-03-02,CUST-1085,Anjali Mishra,Electronics,Laptops,Dell Laptop,North,Delhi,New Delhi,212074.2,3,0.05,158330.96,Credit Card,Delivered
ORD-11194,2025-05-02,CUST-1135,Rohit Mishra,Electronics,Monitors,LG Monitor,West,Maharashtra,Pune,32342.4,4,0.2,21055.64,Net Banking,Shipped
ORD-11195,2025-04-04,CUST-1699,Rohit Kumar,Home Appliances,Cooling,Air Cooler,West,Goa,Margao,26951.5,2,0.05,19021.51,Net Banking,Cancelled
ORD-11196,2025-05-30,CUST-1659,Anjali Singh,Furniture,Storage,Storage Cabinet,North,Delhi,Delhi,11424.0,2,0.2,7478.26,Credit Card,Cancelled
ORD-11197,2025-10-06,CUST-1109,Vikas Gupta,Furniture,Lighting,Table Lamp,North,Delhi,New Delhi,3537.0,3,0.0,2455.7,UPI,Delivered
ORD-11198,2025-09-24,CUST-1251,Anjali Kumar,Home Appliances,Cleaning,Vacuum Cleaner,East,Bihar,Patna,32742.0,5,0.15,22952.35,UPI,Cancelled
ORD-11199,2025-08-22,CUST-1182,Sanjay Mishra,Office Supplies,Equipment,Paper Shredder,East,Jharkhand,Jamshedpur,41139.0,5,0.1,29659.51,Net Banking,Delivered
ORD-11200,2025-10-20,CUST-1034,Priya Singh,Home Appliances,Cleaning,Vacuum Cleaner,North,Rajasthan,Kota,11430.0,1,0.0,8427.84,Credit Card,Cancelled
ORD-11201,2025-08-14,CUST-1124,Sneha Singh,Furniture,Office Furniture,Office Desk,North,Haryana,Panipat,28198.0,2,0.0,19215.69,Credit Card,Delivered
ORD-11202,2025-10-23,CUST-1581,Meena Gupta,Home Appliances,Cleaning,Vacuum Cleaner,East,Bihar,Patna,21290.4,3,0.2,15705.18,Credit Card,Delivered
ORD-11203,2025-06-16,CUST-1669,Neha Gupta,Office Supplies,Paper,Printer Paper,South,Telangana,Warangal,2111.4,4,0.15,1655.93,Net Banking,Delivered
ORD-11204,2025-03-24,CUST-1403,Varun Gupta,Office Supplies,Paper,Copy Paper,North,Rajasthan,Jodhpur,3080.0,5,0.0,1986.95,Net Banking,Shipped
ORD-11205,2025-10-26,CUST-1450,Amit Singh,Furniture,Office Furniture,Office Desk,South,Kerala,Kochi,37363.2,2,0.2,30924.25,UPI,Delivered
ORD-11206,2025-09-09,CUST-1725,Priya Singh,Electronics,Laptops,Dell Laptop,South,Tamil Nadu,Chennai,228078.0,3,0.0,168092.32,Credit Card,Delivered
ORD-11207,2025-01-23,CUST-1272,Nisha Agarwal,Furniture,Lighting,LED Desk Lamp,East,Jharkhand,Jamshedpur,11699.25,5,0.05,7712.13,Cash on Delivery,Delivered
ORD-11208,2025-02-01,CUST-1769,Rahul Gupta,Furniture,Storage,Filing Cabinet,North,Punjab,Amritsar,64804.5,5,0.1,40656.41,UPI,Delivered
ORD-11209,2025-03-25,CUST-1216,Shweta Verma,Office Supplies,Equipment,Calculator,North,Delhi,New Delhi,1064.0,1,0.05,765.54,Cash on Delivery,Delivered
ORD-11210,2025-01-30,CUST-1627,Manish Sharma,Furniture,Lighting,LED Desk Lamp,East,Jharkhand,Ranchi,3493.0,1,0.0,2222.58,UPI,Cancelled
ORD-11211,2025-03-19,CUST-1750,Vikas Verma,Home Appliances,Cleaning,Vacuum Cleaner,South,Tamil Nadu,Chennai,11752.0,2,0.0,8831.15,UPI,Delivered
ORD-11212,2025-02-27,CUST-1392,Pooja Verma,Electronics,Laptops,ASUS Laptop,South,Tamil Nadu,Chennai,107958.4,2,0.2,85285.84,Credit Card,Delivered
ORD-11213,2025-11-15,CUST-1765,Manish Sharma,Home Appliances,Cleaning,Vacuum Cleaner,West,Gujarat,Surat,24790.25,5,0.05,17696.17,Debit Card,Returned
ORD-11214,2025-09-24,CUST-1107,Vikas Kumar,Office Supplies,Stationery,Stapler,South,Karnataka,Bengaluru,2610.6,4,0.05,2168.06,UPI,Shipped
ORD-11215,2025-12-07,CUST-1335,Vikas Singh,Electronics,Smartphones,iPhone,West,Madhya Pradesh,Bhopal,260836.95,3,0.15,211254.85,UPI,Returned
ORD-11216,2025-12-02,CUST-1002,Manish Patel,Home Appliances,Kitchen,Mixer Grinder,West,Gujarat,Vadodara,12432.0,2,0.0,7900.16,Credit Card,Delivered
ORD-11217,2025-07-03,CUST-1563,Priya Jain,Furniture,Office Furniture,Office Chair,West,Madhya Pradesh,Indore,17746.95,3,0.05,10761.95,Net Banking,Delivered
ORD-11218,2025-08-05,CUST-1127,Neha Patel,Home Appliances,Cleaning,Vacuum Cleaner,South,Kerala,Kochi,23704.0,2,0.2,14586.96,UPI,Delivered
ORD-11219,2025-08-07,CUST-1605,Amit Yadav,Office Supplies,Equipment,Calculator,South,Tamil Nadu,Chennai,3115.8,3,0.1,2611.75,Credit Card,Returned
ORD-11220,2025-12-17,CUST-1647,Amit Gupta,Electronics,Laptops,HP Laptop,West,Maharashtra,Pune,241825.0,5,0.15,202926.79,Cash on Delivery,Returned
ORD-11221,2025-11-24,CUST-1463,Neha Yadav,Home Appliances,Cooling,Air Cooler,West,Maharashtra,Nagpur,27208.5,3,0.15,22062.73,Credit Card,Delivered
ORD-11222,2025-09-03,CUST-1109,Vikas Kumar,Electronics,Laptops,HP Laptop,East,Jharkhand,Ranchi,56899.2,1,0.2,35884.0,Credit Card,Delivered
ORD-11223,2025-07-31,CUST-1568,Deepak Verma,Electronics,Accessories,Keyboard,East,Jharkhand,Jamshedpur,11656.0,4,0.0,8579.9,Cash on Delivery,Delivered
ORD-11224,2025-12-10,CUST-1376,Kavita Verma,Electronics,Monitors,Samsung Monitor,South,Andhra Pradesh,Vijayawada,25186.0,1,0.0,16342.48,UPI,Delivered
ORD-11225,2025-08-20,CUST-1105,Deepak Sharma,Electronics,Laptops,Lenovo Laptop,East,Bihar,Gaya,201903.3,3,0.1,145977.76,Credit Card,Returned
ORD-11226,2025-07-25,CUST-1180,Rohit Gupta,Home Appliances,Kitchen,Microwave,North,Uttar Pradesh,Prayagraj,70434.0,5,0.1,50128.23,Net Banking,Shipped
ORD-11227,2025-05-10,CUST-1509,Amit Gupta,Office Supplies,Stationery,Stapler,North,Rajasthan,Jaipur,1067.8,2,0.05,860.27,Net Banking,Delivered
ORD-11228,2025-08-12,CUST-1404,Anjali Singh,Electronics,Smartphones,OnePlus Phone,North,Punjab,Jalandhar,104972.0,4,0.0,64494.3,Debit Card,Delivered
ORD-11229,2025-08-01,CUST-1436,Rohit Kumar,Electronics,Laptops,ASUS Laptop,West,Maharashtra,Mumbai,326514.75,5,0.15,206057.21,Debit Card,Delivered
ORD-11230,2025-01-11,CUST-1767,Arjun Patel,Office Supplies,Equipment,Calculator,South,Andhra Pradesh,Vijayawada,3030.0,3,0.0,2057.87,Credit Card,Delivered
ORD-11231,2025-05-11,CUST-1626,Meena Jain,Home Appliances,Cleaning,Vacuum Cleaner,North,Rajasthan,Jodhpur,11525.4,2,0.05,8250.02,Net Banking,Cancelled
ORD-11232,2025-03-03,CUST-1425,Pooja Patel,Home Appliances,Kitchen,Mixer Grinder,West,Maharashtra,Nashik,11649.6,2,0.1,9763.96,Net Banking,Delivered
ORD-11233,2025-10-20,CUST-1273,Deepak Gupta,Furniture,Office Furniture,Bookshelf,South,Telangana,Warangal,59888.0,5,0.2,44842.96,Cash on Delivery,Shipped
ORD-11234,2025-02-28,CUST-1626,Kavita Sharma,Home Appliances,Cooling,Air Cooler,North,Punjab,Ludhiana,8084.35,1,0.15,4953.65,Net Banking,Returned
ORD-11235,2025-10-04,CUST-1176,Rohit Verma,Electronics,Monitors,Dell Monitor,East,West Bengal,Kolkata,60524.5,5,0.05,41903.79,Cash on Delivery,Shipped
ORD-11236,2025-09-20,CUST-1610,Ritu Patel,Electronics,Accessories,Keyboard,East,Bihar,Patna,11448.0,5,0.2,9629.43,Cash on Delivery,Delivered
ORD-11237,2025-02-06,CUST-1560,Pooja Kumar,Electronics,Accessories,Mouse,West,Gujarat,Ahmedabad,12354.75,5,0.05,9176.76,Net Banking,Shipped
ORD-11238,2025-07-11,CUST-1449,Amit Jain,Office Supplies,Equipment,Calculator,South,Karnataka,Bengaluru,5295.6,4,0.1,3803.93,UPI,Returned
ORD-11239,2025-04-03,CUST-1194,Pooja Patel,Home Appliances,Kitchen,Electric Kettle,North,Punjab,Jalandhar,1316.8,1,0.2,1083.39,Cash on Delivery,Delivered
ORD-11240,2025-03-26,CUST-1615,Anjali Jain,Home Appliances,Cooling,Air Cooler,South,Kerala,Thiruvananthapuram,16094.4,3,0.2,11083.57,UPI,Delivered
ORD-11241,2025-02-15,CUST-1595,Anjali Verma,Home Appliances,Cooling,Air Cooler,West,Madhya Pradesh,Bhopal,25176.6,2,0.1,19349.43,Cash on Delivery,Shipped
ORD-11242,2025-04-25,CUST-1342,Pooja Mishra,Home Appliances,Kitchen,Microwave,North,Haryana,Panipat,14371.8,1,0.15,11145.37,Debit Card,Returned
ORD-11243,2025-11-09,CUST-1386,Pooja Jain,Electronics,Monitors,LG Monitor,South,Telangana,Warangal,91371.0,5,0.05,56301.89,UPI,Delivered
ORD-11244,2025-10-15,CUST-1347,Rohit Yadav,Furniture,Lighting,LED Desk Lamp,South,Tamil Nadu,Coimbatore,7732.8,3,0.2,4881.44,Cash on Delivery,Shipped
ORD-11245,2025-04-24,CUST-1273,Nisha Yadav,Home Appliances,Kitchen,Microwave,South,Andhra Pradesh,Vijayawada,56452.8,4,0.05,47852.15,Cash on Delivery,Delivered
ORD-11246,2025-11-05,CUST-1590,Anil Yadav,Electronics,Monitors,Dell Monitor,North,Rajasthan,Jaipur,21921.6,2,0.2,18063.73,Credit Card,Delivered
ORD-11247,2025-12-05,CUST-1774,Meena Singh,Furniture,Office Furniture,Office Desk,South,Kerala,Kochi,28846.8,4,0.1,18653.64,Credit Card,Delivered
ORD-11248,2025-05-11,CUST-1329,Nisha Jain,Electronics,Smartphones,iPhone,North,Haryana,Faridabad,281294.1,3,0.1,203628.23,Debit Card,Delivered
ORD-11249,2025-11-12,CUST-1100,Anjali Mishra,Office Supplies,Stationery,Stapler,North,Delhi,Delhi,2244.0,4,0.0,1610.1,Net Banking,Cancelled
ORD-11250,2025-02-03,CUST-1791,Ritu Singh,Home Appliances,Cleaning,Vacuum Cleaner,West,Maharashtra,Mumbai,9448.0,1,0.0,6714.81,Net Banking,Shipped
ORD-11251,2025-02-23,CUST-1232,Priya Patel,Office Supplies,Equipment,Paper Shredder,South,Kerala,Thiruvananthapuram,37728.0,5,0.2,28460.18,Credit Card,Cancelled
ORD-11252,2025-10-25,CUST-1406,Meena Jain,Office Supplies,Equipment,Calculator,East,Odisha,Cuttack,2870.4,3,0.2,1909.69,Debit Card,Returned
ORD-11253,2025-12-04,CUST-1051,Rohit Verma,Electronics,Accessories,Mouse,South,Andhra Pradesh,Vijayawada,4124.0,2,0.0,2836.55,UPI,Delivered
ORD-11254,2025-02-10,CUST-1433,Rahul Gupta,Office Supplies,Stationery,Pen Set,East,Bihar,Gaya,323.2,2,0.2,240.72,Debit Card,Delivered
ORD-11255,2025-11-03,CUST-1058,Pooja Agarwal,Office Supplies,Stationery,Pen Set,North,Uttar Pradesh,Lucknow,3123.0,5,0.1,2013.5,Debit Card,Delivered
ORD-11256,2025-07-12,CUST-1699,Arjun Jain,Home Appliances,Kitchen,Microwave,East,Jharkhand,Jamshedpur,42917.2,4,0.05,25904.34,Debit Card,Delivered
ORD-11257,2025-08-05,CUST-1373,Sneha Agarwal,Office Supplies,Paper,Printer Paper,West,Maharashtra,Nashik,1040.0,2,0.2,833.37,UPI,Delivered
ORD-11258,2025-03-08,CUST-1249,Neha Kumar,Furniture,Storage,Storage Cabinet,East,Jharkhand,Ranchi,20661.0,3,0.0,14444.57,Debit Card,Shipped
ORD-11259,2025-11-08,CUST-1356,Deepak Sharma,Furniture,Office Furniture,Office Chair,North,Haryana,Gurugram,18654.2,2,0.05,15684.82,Net Banking,Delivered
ORD-11260,2025-09-02,CUST-1711,Sneha Kumar,Electronics,Accessories,Keyboard,East,Bihar,Gaya,1066.85,1,0.05,715.04,UPI,Delivered
ORD-11261,2025-07-10,CUST-1516,Arjun Jain,Electronics,Laptops,ASUS Laptop,East,West Bengal,Kolkata,335044.5,5,0.15,241332.58,Net Banking,Shipped
ORD-11262,2025-03-07,CUST-1201,Anil Singh,Office Supplies,Paper,Printer Paper,West,Madhya Pradesh,Bhopal,2358.0,4,0.1,1917.49,Net Banking,Delivered
ORD-11263,2025-03-17,CUST-1748,Rohit Singh,Furniture,Lighting,LED Desk Lamp,North,Delhi,Delhi,4929.15,3,0.15,3383.52,Cash on Delivery,Cancelled
ORD-11264,2025-07-17,CUST-1771,Nisha Sharma,Office Supplies,Paper,Printer Paper,East,Odisha,Bhubaneswar,945.0,3,0.0,725.7,Credit Card,Shipped
ORD-11265,2025-06-16,CUST-1260,Neha Kumar,Office Supplies,Paper,Copy Paper,North,Uttar Pradesh,Noida,1486.65,3,0.15,1017.81,Credit Card,Returned
ORD-11266,2025-04-11,CUST-1079,Rohit Singh,Home Appliances,Cleaning,Vacuum Cleaner,South,Tamil Nadu,Madurai,27157.5,5,0.15,19270.88,Net Banking,Returned
ORD-11267,2025-04-16,CUST-1249,Varun Singh,Furniture,Lighting,LED Desk Lamp,East,Bihar,Patna,2206.6,2,0.15,1519.04,UPI,Cancelled
ORD-11268,2025-10-05,CUST-1063,Anil Patel,Office Supplies,Paper,Printer Paper,East,Bihar,Patna,357.6,1,0.2,303.45,Credit Card,Delivered
ORD-11269,2025-10-07,CUST-1516,Vikas Kumar,Office Supplies,Stationery,Notebook,South,Telangana,Hyderabad,363.0,1,0.0,282.7,Net Banking,Delivered
ORD-11270,2025-08-31,CUST-1518,Varun Jain,Furniture,Storage,Storage Cabinet,North,Haryana,Faridabad,45837.9,3,0.1,30501.14,Net Banking,Delivered
ORD-11271,2025-09-30,CUST-1216,Nisha Mishra,Furniture,Storage,Filing Cabinet,North,Haryana,Panipat,13963.5,1,0.1,9219.13,Cash on Delivery,Delivered
ORD-11272,2025-03-17,CUST-1550,Kavita Jain,Furniture,Lighting,Table Lamp,West,Madhya Pradesh,Indore,5324.4,3,0.15,3965.05,Credit Card,Returned
ORD-11273,2025-09-03,CUST-1108,Arjun Agarwal,Furniture,Office Furniture,Office Chair,South,Telangana,Warangal,58879.5,5,0.15,45785.77,Credit Card,Delivered
ORD-11274,2025-03-09,CUST-1209,Nisha Gupta,Furniture,Lighting,Table Lamp,East,Bihar,Patna,2017.6,2,0.2,1462.74,Net Banking,Returned
ORD-11275,2025-03-22,CUST-1581,Manish Singh,Furniture,Office Furniture,Office Chair,North,Rajasthan,Kota,5733.0,1,0.0,3461.16,Credit Card,Delivered
ORD-11276,2025-01-02,CUST-1017,Anil Jain,Home Appliances,Kitchen,Mixer Grinder,East,Jharkhand,Jamshedpur,5328.0,1,0.2,4091.2,Cash on Delivery,Returned
ORD-11277,2025-12-13,CUST-1493,Pooja Verma,Office Supplies,Stationery,Pen Set,North,Rajasthan,Jaipur,702.0,4,0.1,432.03,Credit Card,Shipped
ORD-11278,2025-05-29,CUST-1327,Deepak Verma,Home Appliances,Cooling,Air Cooler,North,Haryana,Faridabad,20084.4,2,0.1,14102.6,Cash on Delivery,Delivered
ORD-11279,2025-12-13,CUST-1101,Rahul Sharma,Home Appliances,Kitchen,Mixer Grinder,South,Karnataka,Mysuru,12919.5,3,0.1,10828.15,Cash on Delivery,Delivered
ORD-11280,2025-08-13,CUST-1077,Priya Sharma,Home Appliances,Cleaning,Vacuum Cleaner,North,Haryana,Faridabad,6209.0,1,0.0,5130.17,Net Banking,Delivered
ORD-11281,2025-06-03,CUST-1089,Anil Gupta,Office Supplies,Stationery,Pen Set,West,Maharashtra,Nashik,3172.5,5,0.1,2516.13,Net Banking,Delivered
ORD-11282,2025-09-25,CUST-1630,Amit Mishra,Furniture,Storage,Filing Cabinet,South,Kerala,Thiruvananthapuram,44009.6,4,0.2,32617.73,Net Banking,Delivered
ORD-11283,2025-07-18,CUST-1622,Kavita Sharma,Electronics,Accessories,Headphones,South,Andhra Pradesh,Visakhapatnam,23686.4,4,0.2,14642.03,UPI,Delivered
ORD-11284,2025-10-30,CUST-1440,Sanjay Mishra,Home Appliances,Kitchen,Electric Kettle,East,West Bengal,Siliguri,9352.75,5,0.05,5663.74,UPI,Delivered
ORD-11285,2025-08-09,CUST-1719,Neha Agarwal,Office Supplies,Stationery,Stapler,South,Kerala,Kochi,500.65,1,0.05,418.14,Net Banking,Delivered
ORD-11286,2025-06-21,CUST-1523,Priya Verma,Office Supplies,Equipment,Calculator,East,Jharkhand,Jamshedpur,2698.2,2,0.1,1878.69,Credit Card,Returned
ORD-11287,2025-02-08,CUST-1099,Nisha Jain,Home Appliances,Kitchen,Microwave,South,Telangana,Hyderabad,28215.0,3,0.05,17922.97,Net Banking,Delivered
ORD-11288,2025-09-20,CUST-1602,Anil Agarwal,Office Supplies,Paper,Printer Paper,North,Punjab,Jalandhar,536.8,1,0.2,368.6,Debit Card,Delivered
ORD-11289,2025-09-06,CUST-1047,Priya Yadav,Furniture,Office Furniture,Office Desk,South,Karnataka,Mangaluru,25603.2,4,0.2,15477.53,UPI,Delivered
ORD-11290,2025-11-20,CUST-1409,Deepak Mishra,Home Appliances,Kitchen,Mixer Grinder,East,Odisha,Bhubaneswar,8127.7,2,0.15,6892.04,Cash on Delivery,Delivered
ORD-11291,2025-10-14,CUST-1626,Priya Kumar,Home Appliances,Cooling,Air Cooler,North,Uttar Pradesh,Lucknow,31114.8,2,0.1,24246.8,Credit Card,Delivered
ORD-11292,2025-03-11,CUST-1430,Anil Yadav,Electronics,Laptops,Lenovo Laptop,West,Maharashtra,Nashik,219330.0,5,0.0,137967.82,Debit Card,Delivered
ORD-11293,2025-11-09,CUST-1183,Kavita Verma,Home Appliances,Kitchen,Electric Kettle,North,Punjab,Ludhiana,2360.75,1,0.05,1975.36,Net Banking,Delivered
ORD-11294,2025-10-19,CUST-1140,Manish Sharma,Home Appliances,Cooling,Air Cooler,North,Haryana,Gurugram,5163.75,1,0.15,3429.28,UPI,Shipped
ORD-11295,2025-10-21,CUST-1320,Nisha Mishra,Furniture,Lighting,LED Desk Lamp,West,Gujarat,Vadodara,10972.8,4,0.2,8155.76,Net Banking,Delivered
ORD-11296,2025-03-09,CUST-1610,Arjun Kumar,Electronics,Smartphones,Redmi Phone,East,West Bengal,Siliguri,32297.6,2,0.2,20045.85,UPI,Delivered
ORD-11297,2025-05-13,CUST-1341,Rahul Singh,Furniture,Office Furniture,Office Desk,West,Madhya Pradesh,Bhopal,40473.0,3,0.1,28714.08,Cash on Delivery,Returned
ORD-11298,2025-05-04,CUST-1346,Vikas Yadav,Home Appliances,Kitchen,Electric Kettle,North,Haryana,Faridabad,10769.2,4,0.05,8045.36,Credit Card,Cancelled
ORD-11299,2025-05-09,CUST-1307,Nisha Jain,Furniture,Storage,Filing Cabinet,South,Andhra Pradesh,Visakhapatnam,55195.2,4,0.1,38717.95,Credit Card,Shipped
ORD-11300,2025-01-25,CUST-1339,Priya Sharma,Electronics,Accessories,Mouse,East,Jharkhand,Jamshedpur,6746.4,4,0.1,4182.87,Net Banking,Delivered
ORD-11301,2025-04-16,CUST-1579,Sanjay Sharma,Office Supplies,Stationery,Notebook,North,Rajasthan,Jodhpur,1519.2,4,0.1,1189.01,Cash on Delivery,Delivered
ORD-11302,2025-04-30,CUST-1103,Anil Verma,Electronics,Smartphones,iPhone,East,Jharkhand,Ranchi,257924.85,3,0.15,198729.62,UPI,Cancelled
ORD-11303,2025-12-26,CUST-1182,Sanjay Sharma,Office Supplies,Paper,Printer Paper,East,Odisha,Bhubaneswar,500.0,2,0.0,383.36,Credit Card,Delivered
ORD-11304,2025-06-10,CUST-1580,Neha Sharma,Electronics,Laptops,Lenovo Laptop,North,Delhi,Delhi,58996.9,1,0.05,48124.12,Credit Card,Delivered
ORD-11305,2025-12-02,CUST-1703,Shweta Kumar,Home Appliances,Cleaning,Vacuum Cleaner,East,Odisha,Bhubaneswar,22562.4,4,0.15,17509.46,Credit Card,Delivered
ORD-11306,2025-11-01,CUST-1564,Rahul Mishra,Electronics,Laptops,HP Laptop,West,Maharashtra,Pune,174182.4,4,0.2,113925.38,Debit Card,Returned
ORD-11307,2025-01-07,CUST-1209,Shweta Verma,Furniture,Office Furniture,Office Chair,North,Punjab,Amritsar,18390.4,4,0.2,13846.02,Debit Card,Delivered
ORD-11308,2025-02-06,CUST-1556,Varun Patel,Furniture,Lighting,LED Desk Lamp,North,Delhi,Delhi,5391.9,3,0.1,4159.88,Debit Card,Delivered
ORD-11309,2025-01-24,CUST-1371,Pooja Verma,Home Appliances,Cooling,Air Cooler,North,Uttar Pradesh,Noida,10013.6,1,0.2,7080.8,Cash on Delivery,Delivered
ORD-11310,2025-02-07,CUST-1560,Pooja Agarwal,Furniture,Storage,Storage Cabinet,East,Odisha,Bhubaneswar,33707.9,2,0.05,25805.19,Cash on Delivery,Returned
ORD-11311,2025-05-28,CUST-1315,Shweta Mishra,Home Appliances,Cleaning,Vacuum Cleaner,South,Karnataka,Bengaluru,27270.0,4,0.1,18598.77,Credit Card,Delivered
ORD-11312,2025-11-21,CUST-1357,Amit Verma,Office Supplies,Paper,Printer Paper,East,Bihar,Gaya,1238.4,4,0.1,775.79,Cash on Delivery,Delivered
ORD-11313,2025-04-05,CUST-1597,Rahul Singh,Office Supplies,Paper,Printer Paper,South,Tamil Nadu,Chennai,257.0,1,0.0,190.91,Net Banking,Returned
ORD-11314,2025-12-13,CUST-1048,Neha Gupta,Home Appliances,Cooling,Air Cooler,North,Rajasthan,Kota,11833.2,2,0.05,9722.15,UPI,Delivered
ORD-11315,2025-07-16,CUST-1403,Kavita Gupta,Office Supplies,Equipment,Paper Shredder,South,Andhra Pradesh,Vijayawada,21555.2,4,0.2,15931.9,Cash on Delivery,Delivered
ORD-11316,2025-06-15,CUST-1580,Sanjay Verma,Office Supplies,Stationery,Pen Set,South,Andhra Pradesh,Visakhapatnam,319.2,1,0.05,224.96,Credit Card,Returned
ORD-11317,2025-01-05,CUST-1711,Vikas Agarwal,Electronics,Monitors,LG Monitor,West,Goa,Panaji,31385.6,4,0.2,19820.65,Net Banking,Delivered
ORD-11318,2025-02-16,CUST-1353,Sanjay Gupta,Home Appliances,Cooling,Air Cooler,North,Delhi,New Delhi,13280.8,1,0.2,10377.47,Credit Card,Delivered
ORD-11319,2025-06-30,CUST-1538,Rohit Jain,Electronics,Accessories,Keyboard,East,West Bengal,Siliguri,2431.0,1,0.15,1587.1,Debit Card,Delivered
ORD-11320,2025-10-09,CUST-1564,Anil Patel,Furniture,Lighting,Table Lamp,West,Madhya Pradesh,Indore,11664.0,4,0.0,9065.35,Debit Card,Delivered
ORD-11321,2025-09-03,CUST-1548,Meena Gupta,Furniture,Lighting,LED Desk Lamp,North,Rajasthan,Jodhpur,5553.0,2,0.1,3792.28,Debit Card,Returned
ORD-11322,2025-01-28,CUST-1674,Rohit Jain,Home Appliances,Kitchen,Mixer Grinder,South,Tamil Nadu,Madurai,3164.0,1,0.2,2067.48,Debit Card,Shipped
ORD-11323,2025-03-07,CUST-1641,Deepak Singh,Electronics,Monitors,LG Monitor,South,Karnataka,Mysuru,68909.2,4,0.05,53941.13,Cash on Delivery,Cancelled
ORD-11324,2025-02-26,CUST-1068,Anjali Mishra,Furniture,Lighting,Table Lamp,South,Karnataka,Mangaluru,1799.3,2,0.05,1519.81,Debit Card,Cancelled
ORD-11325,2025-12-23,CUST-1153,Deepak Singh,Office Supplies,Stationery,Stapler,South,Kerala,Thiruvananthapuram,359.1,1,0.1,279.91,UPI,Returned
ORD-11326,2025-03-08,CUST-1516,Anil Yadav,Office Supplies,Paper,Printer Paper,West,Maharashtra,Nashik,599.0,1,0.0,410.98,Cash on Delivery,Delivered
ORD-11327,2025-08-14,CUST-1468,Kavita Mishra,Furniture,Office Furniture,Bookshelf,East,West Bengal,Kolkata,13944.1,1,0.05,11819.95,UPI,Delivered
ORD-11328,2025-12-16,CUST-1703,Anil Agarwal,Furniture,Lighting,Table Lamp,West,Madhya Pradesh,Bhopal,827.1,1,0.1,547.53,Cash on Delivery,Returned
ORD-11329,2025-05-22,CUST-1069,Meena Yadav,Electronics,Smartphones,Samsung Galaxy,East,Bihar,Patna,199624.0,4,0.0,144781.66,Debit Card,Delivered
ORD-11330,2025-10-13,CUST-1378,Anjali Yadav,Furniture,Lighting,LED Desk Lamp,East,West Bengal,Siliguri,2150.4,2,0.2,1565.57,Net Banking,Delivered
ORD-11331,2025-07-05,CUST-1062,Varun Patel,Electronics,Accessories,Mouse,West,Goa,Margao,4694.4,4,0.1,3526.27,Credit Card,Cancelled
ORD-11332,2025-04-26,CUST-1582,Anjali Mishra,Home Appliances,Kitchen,Microwave,North,Punjab,Jalandhar,17329.9,2,,12067.42,Net Banking,Returned
ORD-11333,2025-03-02,CUST-1091,Varun Singh,Furniture,Lighting,LED Desk Lamp,West,Gujarat,Surat,17316.0,5,0.1,11543.52,Credit Card,Delivered
ORD-11334,2025-12-14,CUST-1528,Ritu Sharma,Furniture,Lighting,Table Lamp,East,West Bengal,Siliguri,2750.4,3,0.2,2042.79,Net Banking,Delivered
ORD-11335,2025-04-23,CUST-1206,Nisha Mishra,Office Supplies,Paper,Printer Paper,South,Tamil Nadu,Madurai,1773.0,3,0.0,1225.44,Credit Card,Delivered
ORD-11336,2025-05-06,CUST-1267,Manish Sharma,Office Supplies,Equipment,Paper Shredder,South,Karnataka,Bengaluru,15224.4,4,0.1,12865.14,Debit Card,Delivered
ORD-11337,2025-08-28,CUST-1798,Pooja Patel,Home Appliances,Cleaning,Vacuum Cleaner,West,Madhya Pradesh,Indore,22318.2,3,0.1,18786.65,Net Banking,Delivered
ORD-11338,2025-10-16,CUST-1484,Arjun Yadav,Home Appliances,Kitchen,Microwave,East,Jharkhand,Ranchi,15760.5,2,0.05,10808.78,Debit Card,Delivered
ORD-11339,2025-10-02,CUST-1715,Amit Patel,Office Supplies,Stationery,Pen Set,West,Goa,Panaji,1107.0,5,0.1,881.87,Debit Card,Shipped
ORD-11340,2025-07-15,CUST-1407,Varun Agarwal,Electronics,Accessories,Mouse,South,Karnataka,Bengaluru,2665.8,2,0.1,2117.26,Cash on Delivery,Delivered
ORD-11341,2025-05-17,CUST-1186,Pooja Verma,Furniture,Office Furniture,Office Chair,West,Maharashtra,Nagpur,24861.6,4,0.1,19744.78,Debit Card,Delivered
ORD-11342,2025-01-29,CUST-1464,Shweta Yadav,Electronics,Laptops,HP Laptop,South,Kerala,Kochi,330775.0,5,0.0,239454.84,Cash on Delivery,Returned
ORD-11343,2025-07-02,CUST-1172,Vikas Verma,Home Appliances,Kitchen,Electric Kettle,North,Punjab,Jalandhar,6563.55,3,0.05,4281.26,Debit Card,Cancelled
ORD-11344,2025-04-01,CUST-1444,Ritu Agarwal,Electronics,Laptops,ASUS Laptop,West,Goa,Margao,111442.0,2,0.0,86130.76,Net Banking,Returned
ORD-11345,2025-06-24,CUST-1760,Vikas Gupta,Furniture,Lighting,LED Desk Lamp,East,Jharkhand,Jamshedpur,13654.8,4,0.1,9581.36,Credit Card,Delivered
ORD-11346,2025-01-02,CUST-1115,Arjun Sharma,Home Appliances,Cooling,Air Cooler,North,Punjab,Ludhiana,10818.0,1,0.1,8246.23,UPI,Delivered
ORD-11347,2025-01-13,CUST-1156,Sneha Singh,Furniture,Storage,Storage Cabinet,South,Karnataka,Mysuru,13538.8,2,0.15,8212.87,Debit Card,Delivered
ORD-11348,2025-10-21,CUST-1709,Rohit Gupta,Furniture,Office Furniture,Office Chair,East,West Bengal,Siliguri,7008.25,1,0.15,5295.49,Debit Card,Cancelled
ORD-11349,2025-03-20,CUST-1531,Pooja Singh,Furniture,Lighting,LED Desk Lamp,North,Rajasthan,Kota,4575.2,2,0.05,3567.67,Cash on Delivery,Delivered
ORD-11350,2025-12-04,CUST-1700,Manish Gupta,Home Appliances,Kitchen,Electric Kettle,South,Tamil Nadu,Chennai,7112.0,5,0.2,5340.03,Credit Card,Delivered
ORD-11351,2025-05-28,CUST-1373,Sneha Gupta,Furniture,Storage,Storage Cabinet,West,Gujarat,Ahmedabad,12879.9,1,0.1,10857.73,Net Banking,Delivered
ORD-11352,2025-02-16,CUST-1051,Nisha Agarwal,Home Appliances,Cooling,Air Cooler,North,Rajasthan,Jaipur,13569.8,1,0.05,10956.82,Credit Card,Delivered
ORD-11353,2025-01-20,CUST-1102,Amit Agarwal,Electronics,Monitors,Samsung Monitor,North,Delhi,Delhi,69132.0,5,0.2,53193.11,Credit Card,Cancelled
ORD-11354,2025-02-15,CUST-1505,Anjali Kumar,Furniture,Storage,Storage Cabinet,West,Madhya Pradesh,Indore,23216.1,3,0.05,15147.46,Credit Card,Cancelled
ORD-11355,2025-03-20,CUST-1146,Sanjay Jain,Office Supplies,Paper,Printer Paper,North,Uttar Pradesh,Prayagraj,1286.4,3,0.2,821.46,Credit Card,Delivered
ORD-11356,2025-07-01,CUST-1415,Rahul Yadav,Furniture,Storage,Filing Cabinet,South,Andhra Pradesh,Visakhapatnam,30491.2,4,0.15,24884.58,Credit Card,Delivered
ORD-11357,2025-11-28,CUST-1118,Nisha Sharma,Office Supplies,Stationery,Notebook,West,Madhya Pradesh,Indore,313.2,1,0.1,205.86,Cash on Delivery,Delivered
ORD-11358,2025-03-04,CUST-1669,Nisha Mishra,Electronics,Smartphones,Redmi Phone,South,Karnataka,Mangaluru,46298.0,2,0.0,33666.96,Debit Card,Cancelled
ORD-11359,2025-07-24,CUST-1235,Shweta Agarwal,Office Supplies,Equipment,Paper Shredder,West,Madhya Pradesh,Bhopal,15724.8,4,0.1,10686.65,Cash on Delivery,Delivered
ORD-11360,2025-03-31,CUST-1642,Anil Mishra,Office Supplies,Stationery,Notebook,North,Haryana,Panipat,2214.0,5,0.1,1511.03,Debit Card,Delivered
ORD-11361,2025-10-19,CUST-1687,Anil Patel,Home Appliances,Cooling,Air Cooler,East,Bihar,Gaya,27084.0,3,0.0,19481.25,UPI,Returned
ORD-11362,2025-03-12,CUST-1019,Arjun Singh,Electronics,Accessories,Keyboard,East,Bihar,Patna,7570.0,2,0.0,4825.25,UPI,Delivered
ORD-11363,2025-10-20,CUST-1250,Anjali Patel,Home Appliances,Kitchen,Electric Kettle,East,Jharkhand,Jamshedpur,13979.25,5,0.05,8646.84,Net Banking,Delivered
ORD-11364,2025-09-05,CUST-1237,Anil Patel,Home Appliances,Cooling,Air Cooler,South,Tamil Nadu,Coimbatore,36979.2,4,0.2,31097.98,Cash on Delivery,Shipped
ORD-11365,2025-09-01,CUST-1665,Nisha Yadav,Furniture,Lighting,LED Desk Lamp,West,Gujarat,Vadodara,2355.2,2,0.2,1467.11,Net Banking,Delivered
ORD-11366,2025-06-08,CUST-1193,Amit Jain,Electronics,Smartphones,Samsung Galaxy,West,Gujarat,Ahmedabad,41492.8,2,0.2,25614.06,UPI,Returned
ORD-11367,2025-06-28,CUST-1498,Pooja Kumar,Home Appliances,Kitchen,Electric Kettle,West,Madhya Pradesh,Indore,953.8,1,0.05,672.64,Cash on Delivery,Delivered
ORD-11368,2025-07-22,CUST-1314,Varun Jain,Office Supplies,Equipment,Paper Shredder,East,Jharkhand,Jamshedpur,34591.5,5,0.1,28406.66,UPI,Delivered
ORD-11369,2025-04-14,CUST-1395,Neha Yadav,Electronics,Laptops,ASUS Laptop,North,Punjab,Amritsar,122641.2,2,0.1,95017.24,Net Banking,Delivered
ORD-11370,2025-01-20,CUST-1603,Pooja Kumar,Home Appliances,Kitchen,Mixer Grinder,East,Bihar,Gaya,25806.75,5,0.05,19157.06,Net Banking,Delivered
ORD-11371,2025-06-14,CUST-1211,Rahul Mishra,Office Supplies,Paper,Printer Paper,East,West Bengal,Kolkata,988.0,2,0.05,707.08,Credit Card,Delivered
ORD-11372,2025-06-03,CUST-1241,Anil Mishra,Office Supplies,Paper,Copy Paper,West,Goa,Margao,1353.6,4,0.1,1141.21,Debit Card,Returned
ORD-11373,2025-05-30,CUST-1764,Deepak Kumar,Electronics,Accessories,Headphones,West,Maharashtra,Nagpur,27668.75,5,0.05,21809.76,Credit Card,Returned
ORD-11374,2025-12-28,CUST-1265,Arjun Patel,Office Supplies,Paper,Copy Paper,East,Odisha,Bhubaneswar,415.2,1,0.2,266.9,Credit Card,Delivered
ORD-11375,2025-10-31,CUST-1337,Ritu Yadav,Furniture,Lighting,LED Desk Lamp,South,Andhra Pradesh,Visakhapatnam,1919.0,1,0.05,1201.11,UPI,Returned
ORD-11376,2025-10-20,CUST-1457,Vikas Sharma,Electronics,Accessories,Mouse,South,Karnataka,Mysuru,7084.8,3,0.1,4592.22,Net Banking,Delivered
ORD-11377,2025-06-22,CUST-1484,Shweta Singh,Electronics,Laptops,Lenovo Laptop,South,Karnataka,Bengaluru,184588.2,3,0.1,128358.09,UPI,Delivered
ORD-11378,2025-11-09,CUST-1229,Shweta Sharma,Electronics,Smartphones,Samsung Galaxy,North,Delhi,Delhi,86835.6,2,0.1,70737.84,Debit Card,Shipped
ORD-11379,2025-12-28,CUST-1610,Pooja Gupta,Electronics,Accessories,Keyboard,West,Goa,Margao,15656.0,5,0.05,13089.91,Debit Card,Cancelled
ORD-11380,2025-07-04,CUST-1566,Varun Gupta,Home Appliances,Kitchen,Mixer Grinder,West,Goa,Margao,3460.0,1,0.2,2552.38,UPI,Delivered
ORD-11381,2025-06-01,CUST-1188,Manish Yadav,Furniture,Office Furniture,Office Desk,South,Tamil Nadu,Chennai,66849.6,4,0.05,44540.6,Credit Card,Cancelled
ORD-11382,2025-02-25,CUST-1020,Varun Gupta,Electronics,Laptops,Lenovo Laptop,East,Jharkhand,Jamshedpur,99259.6,2,0.15,78247.91,UPI,Delivered
ORD-11383,2025-12-01,CUST-1092,Sneha Agarwal,Office Supplies,Stationery,Notebook,West,Maharashtra,Nashik,556.2,3,0.1,341.85,Credit Card,Shipped
ORD-11384,2025-07-07,CUST-1049,Sanjay Singh,Office Supplies,Stationery,Pen Set,West,Madhya Pradesh,Indore,749.55,3,0.05,487.4,Cash on Delivery,Delivered
ORD-11385,2025-11-16,CUST-1240,Amit Singh,Home Appliances,Cooling,Air Cooler,North,Delhi,Delhi,18698.0,2,0.0,12292.63,Credit Card,Delivered
ORD-11386,2025-05-10,CUST-1419,Kavita Agarwal,Home Appliances,Cleaning,Vacuum Cleaner,North,Uttar Pradesh,Noida,45573.4,4,0.05,36184.21,Cash on Delivery,Shipped
ORD-11387,2025-06-27,CUST-1769,Priya Gupta,Office Supplies,Stationery,Notebook,North,Delhi,Delhi,178.6,1,0.05,139.97,Cash on Delivery,Returned
ORD-11388,2025-05-13,CUST-1500,Sanjay Gupta,Furniture,Office Furniture,Office Chair,North,Delhi,Delhi,41858.25,5,0.15,25827.6,Cash on Delivery,Returned
ORD-11389,2025-01-09,CUST-1094,Kavita Singh,Electronics,Monitors,Dell Monitor,South,Tamil Nadu,Coimbatore,84787.2,4,0.1,64873.95,Cash on Delivery,Delivered
ORD-11390,2025-02-22,CUST-1488,Sneha Mishra,Furniture,Storage,Filing Cabinet,West,Madhya Pradesh,Bhopal,34860.8,4,0.2,22898.23,Net Banking,Delivered
ORD-11391,2025-12-13,CUST-1481,Vikas Mishra,Office Supplies,Equipment,Calculator,North,Delhi,New Delhi,9454.5,5,0.1,6583.35,Cash on Delivery,Delivered
ORD-11392,2025-12-31,CUST-1261,Ritu Singh,Furniture,Storage,Filing Cabinet,South,Kerala,Kochi,12602.7,2,0.05,7827.97,UPI,Delivered
ORD-11393,2025-09-29,CUST-1469,Ritu Sharma,Electronics,Laptops,ASUS Laptop,South,Telangana,Warangal,69090.3,1,0.1,53434.2,Credit Card,Shipped
ORD-11394,2025-03-19,CUST-1361,Rohit Patel,Office Supplies,Equipment,Calculator,West,Goa,Panaji,2690.4,4,0.05,1732.28,Net Banking,Delivered
ORD-11395,2025-05-11,CUST-1256,Deepak Jain,Electronics,Monitors,LG Monitor,East,Bihar,Patna,27458.0,2,0.0,19053.66,Net Banking,Cancelled
ORD-11396,2025-06-14,CUST-1702,Arjun Patel,Electronics,Smartphones,OnePlus Phone,East,Bihar,Patna,119596.5,3,0.1,84997.79,UPI,Delivered
ORD-11397,2025-09-15,CUST-1532,Sneha Jain,Home Appliances,Kitchen,Mixer Grinder,West,Maharashtra,Nagpur,4452.0,1,0.2,3431.51,Cash on Delivery,Cancelled
ORD-11398,2025-06-28,CUST-1074,Meena Mishra,Office Supplies,Equipment,Calculator,South,Kerala,Thiruvananthapuram,5221.2,4,0.05,3341.51,Cash on Delivery,Cancelled
ORD-11399,2025-06-12,CUST-1425,Deepak Kumar,Home Appliances,Cleaning,Vacuum Cleaner,South,Kerala,Thiruvananthapuram,17401.6,2,0.2,11109.23,Net Banking,Delivered
ORD-11400,2025-07-24,CUST-1358,Nisha Verma,Electronics,Monitors,Samsung Monitor,South,Andhra Pradesh,Vijayawada,23910.4,2,0.2,16054.86,UPI,Delivered
ORD-11401,2025-07-30,CUST-1224,Rahul Singh,Furniture,Storage,Filing Cabinet,West,Goa,Margao,60610.0,4,0.05,46150.77,Credit Card,Returned
ORD-11402,2025-11-15,CUST-1741,Varun Singh,Electronics,Monitors,Samsung Monitor,North,Haryana,Faridabad,73032.0,3,0.2,44313.4,Cash on Delivery,Delivered
ORD-11403,2025-02-19,CUST-1200,Manish Verma,Electronics,Monitors,Samsung Monitor,South,Andhra Pradesh,Vijayawada,82431.5,5,0.05,50782.59,UPI,Delivered
ORD-11404,2025-03-19,CUST-1097,Sanjay Verma,Office Supplies,Equipment,Calculator,West,Goa,Panaji,5480.8,4,0.15,4022.61,Net Banking,Delivered
ORD-11405,2025-01-05,CUST-1107,Shweta Verma,Home Appliances,Cleaning,Vacuum Cleaner,West,Goa,Panaji,10030.0,2,0.0,8010.49,Credit Card,Shipped
ORD-11406,2025-09-15,CUST-1510,Kavita Jain,Office Supplies,Equipment,Paper Shredder,East,Bihar,Gaya,21447.2,4,0.15,16883.96,UPI,Shipped
ORD-11407,2025-08-11,CUST-1742,Vikas Gupta,Furniture,Lighting,LED Desk Lamp,West,Gujarat,Ahmedabad,3466.0,2,0.0,2247.1,UPI,Delivered
ORD-11408,2025-12-20,CUST-1066,Rahul Kumar,Furniture,Office Furniture,Office Desk,South,Andhra Pradesh,Visakhapatnam,79190.4,4,0.2,62807.6,UPI,Delivered
ORD-11409,2025-08-30,CUST-1630,Kavita Singh,Furniture,Lighting,Table Lamp,East,Odisha,Bhubaneswar,881.0,1,0.0,576.91,Net Banking,Delivered
ORD-11410,2025-07-29,CUST-1022,Sanjay Sharma,Furniture,Lighting,Table Lamp,North,Uttar Pradesh,Varanasi,10345.5,5,0.05,7614.22,Credit Card,Returned
ORD-11411,2025-02-19,CUST-1004,Priya Sharma,Furniture,Lighting,Table Lamp,West,Gujarat,Surat,3631.5,5,0.1,2681.09,Credit Card,Delivered
ORD-11412,2025-11-12,CUST-1176,Shweta Patel,Home Appliances,Cooling,Air Cooler,North,Uttar Pradesh,Noida,22938.1,2,0.15,19116.4,Credit Card,Delivered
ORD-11413,2025-10-12,CUST-1212,Ritu Patel,Home Appliances,Cleaning,Vacuum Cleaner,East,Bihar,Patna,52540.0,5,0.0,43125.79,Cash on Delivery,Returned
ORD-11414,2025-07-26,CUST-1182,Pooja Agarwal,Office Supplies,Stationery,Notebook,North,Delhi,Delhi,187.15,1,0.05,143.35,Credit Card,Delivered
ORD-11415,2025-04-26,CUST-1735,Meena Singh,Furniture,Storage,Filing Cabinet,North,Rajasthan,Kota,59324.0,4,0.0,43430.43,Debit Card,Cancelled
ORD-11416,2025-12-25,CUST-1021,Pooja Agarwal,Electronics,Accessories,Headphones,East,Jharkhand,Ranchi,18628.8,3,0.2,11955.26,Cash on Delivery,Shipped
ORD-11417,2025-02-21,CUST-1670,Arjun Gupta,Home Appliances,Cooling,Air Cooler,North,Rajasthan,Jaipur,26904.2,4,0.15,22318.52,UPI,Delivered
ORD-11418,2025-10-31,CUST-1430,Shweta Jain,Office Supplies,Equipment,Paper Shredder,South,Andhra Pradesh,Visakhapatnam,20032.0,2,0.0,16980.5,Credit Card,Cancelled
ORD-11419,2025-07-20,CUST-1386,Neha Yadav,Electronics,Smartphones,iPhone,East,Bihar,Gaya,246160.8,4,0.1,185650.95,Cash on Delivery,Shipped
ORD-11420,2025-03-25,CUST-1352,Priya Gupta,Home Appliances,Cooling,Air Cooler,West,Madhya Pradesh,Bhopal,24785.6,2,0.2,15010.62,Debit Card,Cancelled
ORD-11421,2025-09-01,CUST-1147,Meena Yadav,Home Appliances,Cooling,Air Cooler,East,Odisha,Bhubaneswar,20329.6,4,0.2,12217.31,Cash on Delivery,Delivered
ORD-11422,2025-06-07,CUST-1703,Sneha Kumar,Office Supplies,Stationery,Stapler,West,Goa,Margao,1198.8,2,0.1,753.01,Net Banking,Delivered
ORD-11423,2025-05-28,CUST-1470,Ritu Mishra,Home Appliances,Cleaning,Vacuum Cleaner,South,Kerala,Kochi,26327.7,3,0.1,15861.63,Cash on Delivery,Delivered
ORD-11424,2025-12-06,CUST-1656,Ritu Yadav,Electronics,Laptops,Dell Laptop,North,Punjab,Ludhiana,201089.6,4,0.15,122618.63,Net Banking,Delivered
ORD-11425,2025-10-11,CUST-1617,Rahul Sharma,Office Supplies,Equipment,Calculator,South,Telangana,Warangal,801.6,2,0.2,656.76,Cash on Delivery,Shipped
ORD-11426,2025-04-08,CUST-1682,Rahul Mishra,Home Appliances,Cleaning,Vacuum Cleaner,East,Odisha,Bhubaneswar,45453.75,5,0.15,38456.69,Credit Card,Delivered
ORD-11427,2025-03-18,CUST-1458,Neha Sharma,Electronics,Monitors,Samsung Monitor,North,Uttar Pradesh,Kanpur,118646.4,4,0.15,74208.06,Cash on Delivery,Delivered
ORD-11428,2025-11-27,CUST-1209,Amit Mishra,Office Supplies,Equipment,Calculator,East,Odisha,Bhubaneswar,5788.8,4,0.1,4098.46,Cash on Delivery,Delivered
ORD-11429,2025-09-15,CUST-1780,Sneha Sharma,Furniture,Storage,Filing Cabinet,North,Rajasthan,Jodhpur,6508.45,1,0.05,4601.03,UPI,Delivered
ORD-11430,2025-04-29,CUST-1278,Varun Kumar,Electronics,Accessories,Mouse,West,Gujarat,Vadodara,4855.2,3,0.15,3591.18,Net Banking,Returned
ORD-11431,2025-07-11,CUST-1169,Varun Sharma,Electronics,Monitors,LG Monitor,East,Bihar,Patna,98995.25,5,0.15,62785.93,Net Banking,Returned
ORD-11432,2025-04-02,CUST-1189,Sanjay Verma,Furniture,Lighting,LED Desk Lamp,North,Punjab,Ludhiana,4032.0,4,0.1,2922.1,Net Banking,Delivered
ORD-11433,2025-06-05,CUST-1555,Varun Mishra,Home Appliances,Cleaning,Vacuum Cleaner,West,Gujarat,Vadodara,7037.6,1,0.2,4618.82,UPI,Delivered
ORD-11434,2025-02-11,CUST-1141,Varun Mishra,Furniture,Lighting,Table Lamp,West,Gujarat,Ahmedabad,1547.0,1,0.15,977.6,Credit Card,Delivered
ORD-11435,2025-02-04,CUST-1735,Sneha Gupta,Furniture,Storage,Storage Cabinet,South,Kerala,Thiruvananthapuram,66108.0,5,0.2,51754.41,Cash on Delivery,Delivered
ORD-11436,2025-10-12,CUST-1329,Priya Jain,Office Supplies,Stationery,Stapler,West,Gujarat,Ahmedabad,791.1,3,0.1,494.72,UPI,Shipped
ORD-11437,2025-06-17,CUST-1501,Neha Patel,Electronics,Monitors,Dell Monitor,North,Haryana,Gurugram,51952.5,5,0.1,35178.52,UPI,Delivered
ORD-11438,2025-08-18,CUST-1466,Varun Kumar,Furniture,Storage,Filing Cabinet,East,Bihar,Gaya,29236.8,3,0.2,22890.95,Debit Card,Delivered
ORD-11439,2025-08-25,CUST-1122,Neha Patel,Office Supplies,Paper,Printer Paper,West,Madhya Pradesh,Bhopal,399.0,1,0.05,288.11,Cash on Delivery,Delivered
ORD-11440,2025-04-24,CUST-1200,Rohit Jain,Electronics,Smartphones,OnePlus Phone,South,Kerala,Kochi,156999.25,5,0.15,130950.68,Cash on Delivery,Delivered
ORD-11441,2025-09-17,CUST-1548,Sanjay Jain,Home Appliances,Cooling,Air Cooler,North,Punjab,Ludhiana,11082.6,2,0.1,8941.47,Net Banking,Delivered
ORD-11442,2025-06-11,CUST-1701,Anil Mishra,Office Supplies,Paper,Copy Paper,South,Karnataka,Mysuru,792.3,2,0.05,570.98,Cash on Delivery,Delivered
ORD-11443,2025-02-21,CUST-1525,Shweta Verma,Furniture,Storage,Storage Cabinet,West,Madhya Pradesh,Indore,56540.0,4,0.0,44316.34,Net Banking,Cancelled
ORD-11444,2025-07-13,CUST-1167,Shweta Yadav,Furniture,Storage,Filing Cabinet,North,Punjab,Ludhiana,59620.0,5,0.2,39601.88,Net Banking,Cancelled
ORD-11445,2025-08-09,CUST-1269,Priya Sharma,Electronics,Monitors,LG Monitor,North,Uttar Pradesh,Lucknow,55842.0,2,0.0,40922.3,Credit Card,Returned
ORD-11446,2025-12-17,CUST-1726,Priya Singh,Home Appliances,Cooling,Air Cooler,North,Uttar Pradesh,Prayagraj,23727.6,3,0.1,16549.19,Cash on Delivery,Returned
ORD-11447,2025-09-22,CUST-1305,Meena Patel,Furniture,Lighting,LED Desk Lamp,East,Odisha,Cuttack,7504.0,4,0.2,5156.24,Cash on Delivery,Delivered
ORD-11448,2025-09-23,CUST-1760,Rohit Patel,Electronics,Accessories,Headphones,North,Delhi,New Delhi,19160.0,5,0.2,14414.08,UPI,Returned
ORD-11449,2025-03-12,CUST-1307,Ritu Jain,Electronics,Accessories,Keyboard,South,Andhra Pradesh,Visakhapatnam,9297.6,3,0.2,6808.45,Debit Card,Delivered
ORD-11450,2025-02-20,CUST-1273,Manish Yadav,Electronics,Laptops,Dell Laptop,East,Bihar,Gaya,98695.5,2,0.05,72249.13,Debit Card,Returned
ORD-11451,2025-08-11,CUST-1550,Rohit Verma,Electronics,Monitors,LG Monitor,South,Andhra Pradesh,Visakhapatnam,46860.0,5,0.0,36760.36,Cash on Delivery,Cancelled
ORD-11452,2025-10-21,CUST-1646,Sanjay Verma,Office Supplies,Paper,Printer Paper,East,Jharkhand,Ranchi,2936.75,5,0.15,2440.89,Cash on Delivery,Delivered
ORD-11453,2025-04-24,CUST-1383,Anil Mishra,Electronics,Monitors,Dell Monitor,North,Haryana,Panipat,45858.0,2,0.0,36068.79,UPI,Delivered
ORD-11454,2025-10-22,CUST-1247,Shweta Verma,Home Appliances,Cleaning,Vacuum Cleaner,North,Delhi,New Delhi,32181.0,3,0.0,21266.41,Net Banking,Delivered
ORD-11455,2025-10-21,CUST-1061,Ritu Mishra,Electronics,Laptops,Lenovo Laptop,North,Rajasthan,Kota,125391.45,3,0.05,84618.44,Net Banking,Delivered
ORD-11456,2025-07-25,CUST-1072,Priya Jain,Home Appliances,Kitchen,Microwave,East,Bihar,Gaya,9499.5,1,0.1,6910.07,Cash on Delivery,Delivered
ORD-11457,2025-10-18,CUST-1252,Manish Mishra,Electronics,Monitors,Samsung Monitor,South,Andhra Pradesh,Vijayawada,88273.35,3,0.15,54957.83,Debit Card,Delivered
ORD-11458,2025-12-07,CUST-1253,Anil Mishra,Home Appliances,Cooling,Air Cooler,East,Jharkhand,Ranchi,35040.0,3,0.0,21911.06,Debit Card,Delivered
ORD-11459,2025-07-21,CUST-1696,Meena Sharma,Home Appliances,Cleaning,Vacuum Cleaner,South,Andhra Pradesh,Vijayawada,20751.8,4,0.05,15276.97,Net Banking,Returned
ORD-11460,2025-11-29,CUST-1388,Anjali Sharma,Furniture,Lighting,Table Lamp,West,Gujarat,Surat,6638.4,4,0.1,4097.03,Net Banking,Delivered
ORD-11461,2025-01-18,CUST-1108,Meena Agarwal,Office Supplies,Paper,Copy Paper,West,Gujarat,Surat,441.0,1,0.0,268.73,Cash on Delivery,Shipped
ORD-11462,2025-01-01,CUST-1139,Sneha Gupta,Home Appliances,Cleaning,Vacuum Cleaner,North,Punjab,Ludhiana,23040.0,4,0.2,18848.81,Debit Card,Cancelled
ORD-11463,2025-05-13,CUST-1693,Arjun Agarwal,Furniture,Lighting,LED Desk Lamp,North,Rajasthan,Kota,1740.8,2,0.2,1223.68,UPI,Delivered
ORD-11464,2025-09-11,CUST-1412,Arjun Patel,Furniture,Lighting,LED Desk Lamp,North,Rajasthan,Jaipur,13111.25,5,0.15,10375.13,Debit Card,Returned
ORD-11465,2025-06-29,CUST-1115,Deepak Mishra,Electronics,Accessories,Mouse,East,Bihar,Gaya,997.9,2,0.15,799.83,Cash on Delivery,Delivered
ORD-11466,2025-02-24,CUST-1776,Pooja Kumar,Furniture,Lighting,Table Lamp,North,Delhi,Delhi,13399.75,5,0.05,9876.88,Net Banking,Cancelled
ORD-11467,2025-07-03,CUST-1525,Deepak Gupta,Home Appliances,Cleaning,Vacuum Cleaner,South,Kerala,Thiruvananthapuram,18650.4,3,0.05,14535.47,Cash on Delivery,Delivered
ORD-11468,2025-11-15,CUST-1116,Neha Gupta,Furniture,Storage,Filing Cabinet,East,West Bengal,Kolkata,26599.05,3,0.05,22408.96,Debit Card,Delivered
ORD-11469,2025-12-02,CUST-1175,Deepak Verma,Home Appliances,Kitchen,Mixer Grinder,North,Punjab,Amritsar,14367.0,3,0.0,8690.89,Net Banking,Cancelled
ORD-11470,2025-10-30,CUST-1722,Arjun Verma,Office Supplies,Stationery,Stapler,South,Tamil Nadu,Coimbatore,168.0,1,0.2,121.07,Cash on Delivery,Delivered
ORD-11471,2025-02-20,CUST-1650,Vikas Singh,Home Appliances,Kitchen,Electric Kettle,West,Madhya Pradesh,Bhopal,6550.4,4,0.2,4596.54,Credit Card,Delivered
ORD-11472,2025-07-11,CUST-1081,Sneha Kumar,Electronics,Monitors,Samsung Monitor,South,Tamil Nadu,Coimbatore,26601.6,2,0.15,16623.86,Cash on Delivery,Returned
ORD-11473,2025-11-15,CUST-1053,Rahul Gupta,Electronics,Accessories,Keyboard,West,Madhya Pradesh,Indore,2745.0,1,0.0,1749.46,Net Banking,Delivered
ORD-11474,2025-12-22,CUST-1669,Sanjay Sharma,Office Supplies,Stationery,Pen Set,South,Karnataka,Bengaluru,952.0,4,0.0,707.16,Credit Card,Delivered
ORD-11475,2025-10-06,CUST-1598,Amit Sharma,Office Supplies,Stationery,Notebook,West,Madhya Pradesh,Indore,335.35,1,0.05,212.66,Cash on Delivery,Delivered
ORD-11476,2025-01-14,CUST-1473,Manish Patel,Electronics,Accessories,Keyboard,East,West Bengal,Kolkata,2366.0,2,0.0,1540.38,Net Banking,Shipped
ORD-11477,2025-01-22,CUST-1762,Ritu Agarwal,Furniture,Office Furniture,Office Chair,North,Haryana,Faridabad,8243.1,1,0.1,6739.02,Debit Card,Cancelled
ORD-11478,2025-07-28,CUST-1115,Sneha Verma,Home Appliances,Kitchen,Microwave,South,Andhra Pradesh,Vijayawada,34254.15,3,0.05,24038.38,Credit Card,Returned
ORD-11479,2025-04-26,CUST-1778,Varun Kumar,Furniture,Office Furniture,Bookshelf,South,Tamil Nadu,Coimbatore,16157.6,4,0.05,11077.33,Credit Card,Shipped
ORD-11480,2025-05-19,CUST-1774,Anil Singh,Office Supplies,Equipment,Paper Shredder,North,Rajasthan,Jodhpur,42696.8,4,0.05,29629.74,UPI,Delivered
ORD-11481,2025-12-12,CUST-1188,Anjali Mishra,Furniture,Storage,Storage Cabinet,West,Maharashtra,Pune,14172.9,1,0.15,10639.16,Debit Card,Cancelled
ORD-11482,2025-10-13,CUST-1025,Vikas Kumar,Electronics,Accessories,Keyboard,West,Goa,Margao,2466.0,2,0.0,1834.07,UPI,Delivered
ORD-11483,2025-10-02,CUST-1596,Anil Singh,Home Appliances,Cleaning,Vacuum Cleaner,East,Jharkhand,Jamshedpur,48044.0,5,0.2,36927.39,Credit Card,Delivered
ORD-11484,2025-08-26,CUST-1389,Rahul Sharma,Office Supplies,Stationery,Stapler,West,Goa,Margao,956.8,2,0.2,807.64,Cash on Delivery,Delivered
ORD-11485,2025-10-20,CUST-1034,Sneha Kumar,Office Supplies,Stationery,Notebook,South,Karnataka,Mysuru,1254.4,4,0.2,1045.32,Credit Card,Delivered
ORD-11486,2025-11-08,CUST-1748,Vikas Gupta,Office Supplies,Equipment,Paper Shredder,West,Gujarat,Surat,23034.0,3,0.0,16723.66,UPI,Delivered
ORD-11487,2025-10-21,CUST-1541,Anjali Mishra,Furniture,Lighting,Table Lamp,West,Madhya Pradesh,Bhopal,2033.0,2,0.05,1321.1,Net Banking,Cancelled
ORD-11488,2025-03-17,CUST-1015,Neha Mishra,Electronics,Laptops,HP Laptop,North,Delhi,New Delhi,50379.2,1,0.2,34974.54,Debit Card,Cancelled
ORD-11489,2025-07-26,CUST-1465,Deepak Patel,Electronics,Laptops,HP Laptop,North,Rajasthan,Jaipur,124702.65,3,0.15,99709.78,UPI,Shipped
ORD-11490,2025-02-17,CUST-1394,Shweta Singh,Home Appliances,Kitchen,Microwave,South,Tamil Nadu,Madurai,62860.0,5,0.2,49136.97,Cash on Delivery,Delivered
ORD-11491,2025-07-18,CUST-1010,Nisha Mishra,Home Appliances,Cleaning,Vacuum Cleaner,West,Maharashtra,Nashik,11330.0,2,0.0,6863.31,Cash on Delivery,Returned
ORD-11492,2025-10-29,CUST-1528,Arjun Gupta,Electronics,Smartphones,Redmi Phone,South,Kerala,Kochi,10519.2,1,0.2,8632.0,Debit Card,Delivered
ORD-11493,2025-12-06,CUST-1619,Nisha Mishra,Office Supplies,Stationery,Notebook,West,Goa,Panaji,765.0,2,0.1,612.94,UPI,Delivered
ORD-11494,2025-07-05,CUST-1209,Priya Gupta,Electronics,Accessories,Mouse,West,Madhya Pradesh,Indore,9132.8,4,0.2,6843.28,Debit Card,Shipped
ORD-11495,2025-12-27,CUST-1280,Pooja Yadav,Electronics,Laptops,Dell Laptop,East,Bihar,Patna,145492.5,3,0.05,112987.29,Cash on Delivery,Delivered
ORD-11496,2025-12-19,CUST-1520,Vikas Singh,Office Supplies,Stationery,Notebook,South,Andhra Pradesh,Visakhapatnam,688.0,4,0.0,504.11,Cash on Delivery,Delivered
ORD-11497,2025-09-12,CUST-1269,Priya Singh,Furniture,Storage,Storage Cabinet,East,Bihar,Gaya,17353.8,2,0.1,14732.27,UPI,Delivered
ORD-11498,2025-05-31,CUST-1090,Sanjay Patel,Office Supplies,Stationery,Stapler,North,Rajasthan,Jaipur,578.0,1,0.0,437.6,Debit Card,Delivered
ORD-11499,2025-10-17,CUST-1019,Varun Yadav,Home Appliances,Cooling,Air Cooler,North,Uttar Pradesh,Lucknow,12432.6,2,0.1,8785.09,UPI,Delivered
ORD-11500,2025-02-13,CUST-1131,Nisha Gupta,Electronics,Laptops,Dell Laptop,South,Kerala,Kochi,93332.8,2,0.2,73149.77,Net Banking,Delivered
ORD-11501,2025-06-29,CUST-1092,Vikas Sharma,Home Appliances,Cooling,Air Cooler,West,Goa,Panaji,43038.8,4,0.05,36106.54,Debit Card,Delivered
ORD-11502,2025-07-15,CUST-1743,Rahul Kumar,Home Appliances,Kitchen,Electric Kettle,South,Tamil Nadu,Coimbatore,7704.0,3,0.0,4828.62,UPI,Delivered
ORD-11503,2025-05-02,CUST-1008,Neha Agarwal,Furniture,Storage,Filing Cabinet,South,Telangana,Warangal,36074.85,3,0.15,22394.13,Net Banking,Shipped
ORD-11504,2025-03-28,CUST-1168,Priya Verma,Home Appliances,Cleaning,Vacuum Cleaner,South,Kerala,Kochi,48543.5,5,0.15,37664.81,Net Banking,Delivered
ORD-11505,2025-12-24,CUST-1410,Vikas Singh,Home Appliances,Cooling,Air Cooler,West,Maharashtra,Nashik,41664.0,5,0.2,28054.99,Net Banking,Returned
ORD-11506,2025-02-11,CUST-1679,Sanjay Patel,Electronics,Laptops,ASUS Laptop,North,Delhi,Delhi,70596.0,1,0.1,51192.66,Net Banking,Delivered
ORD-11507,2025-03-16,CUST-1129,Deepak Mishra,Electronics,Monitors,Samsung Monitor,West,Gujarat,Surat,116320.8,4,0.15,85719.23,UPI,Delivered
ORD-11508,2025-02-14,CUST-1345,Anjali Kumar,Office Supplies,Equipment,Calculator,West,Gujarat,Surat,2113.1,1,0.15,1616.48,Debit Card,Returned
ORD-11509,2025-05-25,CUST-1659,Anil Verma,Furniture,Lighting,Table Lamp,North,Rajasthan,Jodhpur,5954.25,5,0.15,3943.32,Net Banking,Delivered
ORD-11510,2025-06-07,CUST-1231,Priya Patel,Electronics,Monitors,Samsung Monitor,West,Gujarat,Vadodara,110364.0,4,0.0,93618.26,Net Banking,Delivered
ORD-11511,2025-01-10,CUST-1356,Rohit Verma,Furniture,Storage,Storage Cabinet,North,Delhi,New Delhi,30160.8,2,0.1,18716.75,Credit Card,Delivered
ORD-11512,2025-01-16,CUST-1122,Pooja Sharma,Furniture,Storage,Filing Cabinet,West,Madhya Pradesh,Bhopal,12412.8,1,0.2,8642.57,UPI,Delivered
ORD-11513,2025-03-25,CUST-1064,Manish Verma,Electronics,Monitors,Dell Monitor,East,West Bengal,Kolkata,15188.4,1,0.1,12602.51,Net Banking,Returned
ORD-11514,2025-03-01,CUST-1247,Rohit Agarwal,Home Appliances,Kitchen,Electric Kettle,North,Rajasthan,Jodhpur,2459.55,1,0.05,1943.39,Debit Card,Cancelled
ORD-11515,2025-11-12,CUST-1770,Rahul Jain,Home Appliances,Cooling,Air Cooler,West,Maharashtra,Nagpur,18462.0,3,0.0,11432.78,Net Banking,Delivered
ORD-11516,2025-04-25,CUST-1346,Ritu Singh,Furniture,Lighting,LED Desk Lamp,North,Uttar Pradesh,Noida,4309.5,5,0.15,2733.95,Net Banking,Shipped
ORD-11517,2025-01-29,CUST-1733,Deepak Agarwal,Home Appliances,Kitchen,Electric Kettle,North,Haryana,Gurugram,5816.0,5,0.2,4172.95,Credit Card,Delivered
ORD-11518,2025-04-14,CUST-1694,Meena Patel,Home Appliances,Kitchen,Electric Kettle,East,Odisha,Cuttack,5376.6,2,0.1,4351.69,UPI,Delivered
ORD-11519,2025-08-03,CUST-1574,Rohit Sharma,Office Supplies,Paper,Copy Paper,South,Telangana,Hyderabad,1330.0,5,0.0,854.43,Debit Card,Cancelled
ORD-11520,2025-05-31,CUST-1199,Vikas Gupta,Electronics,Accessories,Headphones,East,Bihar,Patna,6346.1,1,0.15,4763.49,Net Banking,Shipped
ORD-11521,2025-06-30,CUST-1467,Arjun Yadav,Home Appliances,Cooling,Air Cooler,East,West Bengal,Siliguri,10526.4,1,0.2,8131.89,Credit Card,Shipped
ORD-11522,2025-07-06,CUST-1714,Vikas Verma,Home Appliances,Cleaning,Vacuum Cleaner,West,Maharashtra,Mumbai,24764.0,4,0.0,17832.2,UPI,Delivered
ORD-11523,2025-04-12,CUST-1373,Rahul Jain,Furniture,Lighting,Table Lamp,West,Gujarat,Surat,6836.0,5,0.2,4335.65,Cash on Delivery,Returned
ORD-11524,2025-05-30,CUST-1516,Anil Gupta,Electronics,Accessories,Headphones,North,Uttar Pradesh,Varanasi,7668.0,1,0.0,5207.33,Credit Card,Delivered
ORD-11525,2025-03-17,CUST-1104,Neha Verma,Home Appliances,Cooling,Air Cooler,East,Jharkhand,Jamshedpur,67184.0,4,0.05,44191.76,Cash on Delivery,Returned
ORD-11526,2025-06-18,CUST-1239,Varun Jain,Office Supplies,Stationery,Notebook,North,Uttar Pradesh,Lucknow,905.25,3,0.15,601.9,Credit Card,Delivered
ORD-11527,2025-09-16,CUST-1600,Anjali Verma,Office Supplies,Paper,Printer Paper,West,Madhya Pradesh,Bhopal,1058.0,2,0.0,874.39,Net Banking,Delivered
ORD-11528,2025-02-20,CUST-1138,Deepak Patel,Office Supplies,Paper,Copy Paper,West,Madhya Pradesh,Bhopal,884.0,2,0.0,698.9,Cash on Delivery,Delivered
ORD-11529,2025-03-24,CUST-1233,Pooja Sharma,Home Appliances,Cooling,Air Cooler,South,Telangana,Warangal,32963.85,3,0.15,23639.73,UPI,Delivered
ORD-11530,2025-02-03,CUST-1453,Rohit Sharma,Home Appliances,Kitchen,Microwave,East,Bihar,Patna,38481.2,4,0.15,28202.47,Credit Card,Delivered
ORD-11531,2025-12-07,CUST-1741,Rahul Gupta,Office Supplies,Stationery,Stapler,North,Haryana,Faridabad,289.0,1,0.15,194.82,UPI,Returned
ORD-11532,2025-06-04,CUST-1516,Priya Agarwal,Furniture,Lighting,Table Lamp,South,Kerala,Kochi,4750.65,3,0.15,3664.24,Net Banking,Delivered
ORD-11533,2025-08-19,CUST-1191,Nisha Jain,Home Appliances,Cleaning,Vacuum Cleaner,West,Maharashtra,Nashik,8785.6,2,0.15,6704.96,Net Banking,Cancelled
ORD-11534,2025-04-16,CUST-1148,Sneha Verma,Home Appliances,Cleaning,Vacuum Cleaner,South,Telangana,Hyderabad,17387.2,2,0.2,10977.32,Cash on Delivery,Delivered
ORD-11535,2025-09-16,CUST-1487,Meena Sharma,Home Appliances,Cooling,Air Cooler,East,West Bengal,Siliguri,12495.6,2,0.1,9934.54,Credit Card,Delivered
ORD-11536,2025-01-04,CUST-1356,Amit Jain,Home Appliances,Cooling,Air Cooler,South,Kerala,Kochi,40205.85,3,0.15,28436.23,Debit Card,Returned
ORD-11537,2025-01-05,CUST-1322,Manish Mishra,Home Appliances,Cooling,Air Cooler,East,Jharkhand,Ranchi,63514.8,4,0.1,43575.31,Credit Card,Delivered
ORD-11538,2025-02-09,CUST-1601,Amit Gupta,Home Appliances,Kitchen,Microwave,West,Gujarat,Ahmedabad,27475.9,2,0.05,17723.76,Credit Card,Delivered
ORD-11539,2025-11-26,CUST-1151,Sneha Verma,Office Supplies,Equipment,Paper Shredder,North,Uttar Pradesh,Noida,35880.0,4,0.0,30217.35,UPI,Delivered
ORD-11540,2025-03-26,CUST-1059,Varun Singh,Office Supplies,Equipment,Paper Shredder,West,Maharashtra,Nagpur,40531.75,5,0.05,24647.17,Credit Card,Delivered
ORD-11541,2025-08-06,CUST-1593,Amit Gupta,Furniture,Lighting,LED Desk Lamp,South,Tamil Nadu,Chennai,16255.0,5,0.0,10141.72,Debit Card,Delivered
ORD-11542,2025-12-14,CUST-1408,Arjun Agarwal,Electronics,Laptops,ASUS Laptop,North,Uttar Pradesh,Noida,175810.8,4,0.05,140922.18,UPI,Delivered
ORD-11543,2025-04-10,CUST-1457,Rahul Mishra,Furniture,Office Furniture,Office Chair,North,Uttar Pradesh,Varanasi,47564.6,4,0.05,31556.8,Debit Card,Delivered
ORD-11544,2025-10-23,CUST-1230,Rohit Agarwal,Home Appliances,Cleaning,Vacuum Cleaner,South,Andhra Pradesh,Visakhapatnam,20348.0,5,0.2,13339.6,Cash on Delivery,Delivered
ORD-11545,2025-07-23,CUST-1775,Priya Kumar,Office Supplies,Stationery,Stapler,North,Delhi,Delhi,1496.0,5,0.2,981.7,Net Banking,Cancelled
ORD-11546,2025-03-22,CUST-1777,Sneha Singh,Home Appliances,Kitchen,Microwave,North,Delhi,New Delhi,9512.0,1,0.2,7650.27,UPI,Delivered
ORD-11547,2025-08-09,CUST-1736,Anjali Agarwal,Home Appliances,Kitchen,Electric Kettle,East,Odisha,Bhubaneswar,7002.45,3,0.05,5231.03,Debit Card,Shipped
ORD-11548,2025-11-17,CUST-1601,Neha Sharma,Office Supplies,Stationery,Pen Set,East,West Bengal,Siliguri,1604.8,4,0.15,1302.49,UPI,Delivered
ORD-11549,2025-01-23,CUST-1559,Amit Verma,Furniture,Office Furniture,Office Chair,South,Andhra Pradesh,Vijayawada,47854.8,3,0.1,39266.26,Credit Card,Shipped
ORD-11550,2025-01-17,CUST-1287,Arjun Jain,Furniture,Office Furniture,Office Desk,North,Rajasthan,Jaipur,30593.8,2,0.05,19681.86,Credit Card,Delivered
ORD-11551,2025-07-03,CUST-1069,Rahul Singh,Electronics,Laptops,Dell Laptop,West,Goa,Margao,185195.7,3,0.1,147981.3,UPI,Delivered
ORD-11552,2025-07-27,CUST-1595,Ritu Jain,Furniture,Office Furniture,Office Chair,West,Gujarat,Vadodara,18667.5,2,0.05,13039.78,Credit Card,Shipped
ORD-11553,2025-08-07,CUST-1136,Amit Jain,Furniture,Office Furniture,Office Chair,North,Punjab,Jalandhar,46793.7,3,0.1,29134.53,Cash on Delivery,Delivered
ORD-11554,2025-08-16,CUST-1799,Priya Patel,Electronics,Laptops,Dell Laptop,East,Odisha,Bhubaneswar,140304.4,2,0.15,91130.79,Net Banking,Delivered
ORD-11555,2025-06-08,CUST-1603,Neha Kumar,Home Appliances,Kitchen,Electric Kettle,South,Karnataka,Bengaluru,3312.0,3,0.2,2155.41,Net Banking,Delivered
ORD-11556,2025-11-15,CUST-1101,Shweta Singh,Electronics,Smartphones,Samsung Galaxy,South,Kerala,Thiruvananthapuram,161135.2,4,0.05,125788.06,Credit Card,Delivered
ORD-11557,2025-05-21,CUST-1485,Priya Singh,Electronics,Smartphones,Samsung Galaxy,East,Odisha,Cuttack,229500.0,5,0.0,163436.64,Credit Card,Delivered
ORD-11558,2025-01-03,CUST-1585,Shweta Singh,Office Supplies,Stationery,Notebook,West,Goa,Panaji,922.0,2,0.0,567.67,Credit Card,Returned
ORD-11559,2025-06-19,CUST-1364,Amit Mishra,Furniture,Office Furniture,Bookshelf,North,Punjab,Ludhiana,8461.65,1,0.05,6486.26,UPI,Shipped
ORD-11560,2025-08-15,CUST-1497,Shweta Agarwal,Furniture,Storage,Storage Cabinet,South,Telangana,Warangal,17024.0,2,0.0,12349.71,Credit Card,Cancelled
ORD-11561,2025-05-11,CUST-1644,Priya Jain,Electronics,Monitors,Samsung Monitor,North,Rajasthan,Jaipur,104568.0,4,0.0,74019.04,Net Banking,Returned
ORD-11562,2025-10-22,CUST-1204,Manish Gupta,Office Supplies,Stationery,Pen Set,South,Andhra Pradesh,Visakhapatnam,750.5,5,0.05,514.15,Cash on Delivery,Cancelled
ORD-11563,2025-05-29,CUST-1444,Arjun Sharma,Furniture,Storage,Storage Cabinet,West,Goa,Panaji,27917.4,4,0.15,22253.91,UPI,Cancelled
ORD-11564,2025-09-18,CUST-1273,Pooja Agarwal,Office Supplies,Paper,Printer Paper,South,Andhra Pradesh,Vijayawada,1692.9,3,0.1,1049.66,Cash on Delivery,Delivered
ORD-11565,2025-03-28,CUST-1569,Sanjay Singh,Electronics,Smartphones,iPhone,South,Telangana,Hyderabad,237636.0,4,0.1,169150.62,Cash on Delivery,Delivered
ORD-11566,2025-04-07,CUST-1604,Arjun Singh,Furniture,Office Furniture,Office Desk,North,Uttar Pradesh,Kanpur,13935.2,1,0.2,10358.72,Cash on Delivery,Delivered
ORD-11567,2025-01-07,CUST-1621,Anjali Yadav,Furniture,Storage,Storage Cabinet,South,Kerala,Kochi,9267.3,1,0.1,7478.78,UPI,Shipped
ORD-11568,2025-07-04,CUST-1441,Manish Singh,Electronics,Laptops,Dell Laptop,North,Haryana,Faridabad,274530.0,5,0.0,215322.38,UPI,Shipped
ORD-11569,2025-04-23,CUST-1252,Neha Gupta,Office Supplies,Paper,Printer Paper,South,Tamil Nadu,Chennai,525.35,1,0.05,365.42,UPI,Cancelled
ORD-11570,2025-01-24,CUST-1430,Amit Jain,Electronics,Monitors,LG Monitor,South,Kerala,Thiruvananthapuram,66342.0,3,0.0,55121.39,Net Banking,Returned
ORD-11571,2025-01-29,CUST-1486,Anjali Singh,Office Supplies,Stationery,Notebook,East,Odisha,Bhubaneswar,1263.5,5,0.05,904.36,Credit Card,Delivered
ORD-11572,2025-08-05,CUST-1093,Kavita Yadav,Electronics,Smartphones,OnePlus Phone,South,Tamil Nadu,Madurai,130056.0,4,0.0,98937.31,Cash on Delivery,Delivered
ORD-11573,2025-05-25,CUST-1730,Anil Yadav,Electronics,Accessories,Mouse,West,Gujarat,Ahmedabad,5034.0,3,0.0,4172.42,Credit Card,Delivered
ORD-11574,2025-04-02,CUST-1476,Sneha Yadav,Electronics,Accessories,Headphones,West,Madhya Pradesh,Indore,13449.6,2,0.1,10102.01,Credit Card,Shipped
ORD-11575,2025-01-24,CUST-1285,Anjali Verma,Electronics,Accessories,Keyboard,East,Odisha,Cuttack,2260.0,1,0.2,1703.76,Credit Card,Delivered
ORD-11576,2025-06-03,CUST-1715,Sanjay Sharma,Home Appliances,Cleaning,Vacuum Cleaner,South,Telangana,Hyderabad,15998.7,3,0.15,10272.04,Debit Card,Delivered
ORD-11577,2025-08-08,CUST-1800,Priya Gupta,Electronics,Smartphones,iPhone,East,Odisha,Cuttack,253536.0,3,0.2,175556.13,Credit Card,Delivered
ORD-11578,2025-03-12,CUST-1429,Nisha Patel,Home Appliances,Kitchen,Mixer Grinder,North,Punjab,Jalandhar,27243.0,5,0.1,16776.37,UPI,Delivered
ORD-11579,2025-11-01,CUST-1348,Deepak Jain,Office Supplies,Stationery,Notebook,West,Goa,Margao,1695.6,4,0.1,1116.75,Cash on Delivery,Shipped
ORD-11580,2025-01-09,CUST-1034,Shweta Gupta,Home Appliances,Kitchen,Microwave,East,West Bengal,Siliguri,59870.6,4,0.15,46954.1,Debit Card,Delivered
ORD-11581,2025-08-22,CUST-1518,Ritu Kumar,Electronics,Accessories,Headphones,West,Gujarat,Surat,5356.8,4,0.2,4221.75,Debit Card,Delivered
ORD-11582,2025-05-12,CUST-1425,Kavita Singh,Electronics,Monitors,Samsung Monitor,East,Bihar,Gaya,98223.0,3,0.0,71689.71,Cash on Delivery,Cancelled
ORD-11583,2025-11-08,CUST-1585,Rahul Sharma,Furniture,Lighting,Table Lamp,South,Kerala,Thiruvananthapuram,2625.3,1,0.1,1794.73,Net Banking,Cancelled
ORD-11584,2025-10-15,CUST-1395,Amit Kumar,Home Appliances,Kitchen,Microwave,South,Telangana,Warangal,10196.35,1,0.05,7250.13,Net Banking,Shipped
ORD-11585,2025-09-18,CUST-1252,Manish Sharma,Furniture,Office Furniture,Office Desk,East,Jharkhand,Jamshedpur,38208.0,4,0.2,31836.97,Credit Card,Cancelled
ORD-11586,2025-04-04,CUST-1431,Anjali Agarwal,Home Appliances,Cooling,Air Cooler,West,Maharashtra,Mumbai,22972.8,3,0.2,18148.1,Cash on Delivery,Returned
ORD-11587,2025-01-24,CUST-1397,Sneha Gupta,Furniture,Lighting,LED Desk Lamp,East,Bihar,Gaya,3952.8,4,0.1,3161.07,Debit Card,Returned
ORD-11588,2025-01-12,CUST-1687,Varun Patel,Home Appliances,Kitchen,Microwave,South,Tamil Nadu,Chennai,69615.0,5,0.0,51255.18,Net Banking,Cancelled
ORD-11589,2025-08-15,CUST-1031,Anjali Yadav,Electronics,Accessories,Keyboard,South,Tamil Nadu,Chennai,17845.0,5,0.0,12824.16,Cash on Delivery,Shipped
ORD-11590,2025-04-01,CUST-1786,Ritu Patel,Furniture,Storage,Filing Cabinet,North,Rajasthan,Kota,31964.25,5,0.15,24791.7,Credit Card,Returned
ORD-11591,2025-04-30,CUST-1475,Anil Agarwal,Office Supplies,Equipment,Paper Shredder,North,Rajasthan,Jodhpur,11710.4,2,0.2,7880.91,UPI,Delivered
ORD-11592,2025-12-23,CUST-1606,Nisha Gupta,Office Supplies,Equipment,Calculator,North,Delhi,Delhi,970.2,1,0.1,770.12,Cash on Delivery,Delivered
ORD-11593,2025-08-19,CUST-1028,Pooja Patel,Office Supplies,Equipment,Paper Shredder,South,Karnataka,Mangaluru,7228.8,2,0.1,4804.38,Cash on Delivery,Shipped
ORD-11594,2025-03-25,CUST-1279,Deepak Jain,Furniture,Lighting,Table Lamp,West,Gujarat,Ahmedabad,4273.8,4,0.15,3068.03,UPI,Delivered
ORD-11595,2025-11-21,CUST-1386,Arjun Gupta,Electronics,Laptops,ASUS Laptop,North,Punjab,Jalandhar,130320.0,3,0.2,81226.94,UPI,Delivered
ORD-11596,2025-08-18,CUST-1794,Rahul Verma,Home Appliances,Cooling,Air Cooler,East,West Bengal,Kolkata,13311.0,1,0.0,8664.09,Cash on Delivery,Cancelled
ORD-11597,2025-10-04,CUST-1033,Ritu Verma,Furniture,Lighting,Table Lamp,East,Bihar,Gaya,9992.0,5,0.2,6429.49,Debit Card,Returned
ORD-11598,2025-06-03,CUST-1540,Priya Sharma,Office Supplies,Equipment,Calculator,North,Haryana,Gurugram,6451.2,4,0.1,4013.96,Net Banking,Shipped
ORD-11599,2025-01-02,CUST-1434,Shweta Verma,Home Appliances,Cleaning,Vacuum Cleaner,East,West Bengal,Kolkata,8406.4,2,0.2,5113.39,Credit Card,Returned
ORD-11600,2025-01-09,CUST-1246,Meena Verma,Home Appliances,Kitchen,Electric Kettle,East,West Bengal,Kolkata,5802.3,3,0.1,3798.1,Cash on Delivery,Delivered
ORD-11601,2025-11-19,CUST-1667,Sanjay Kumar,Electronics,Smartphones,Samsung Galaxy,West,Madhya Pradesh,Bhopal,174930.15,3,0.05,118001.61,Debit Card,Delivered
ORD-11602,2025-07-28,CUST-1611,Amit Patel,Home Appliances,Cleaning,Vacuum Cleaner,North,Delhi,New Delhi,6393.6,1,0.2,5289.86,Cash on Delivery,Delivered
ORD-11603,2025-07-27,CUST-1722,Rahul Gupta,Furniture,Storage,Filing Cabinet,East,Jharkhand,Ranchi,38813.2,4,0.05,31481.98,Debit Card,Delivered
ORD-11604,2025-06-30,CUST-1364,Deepak Yadav,Office Supplies,Paper,Printer Paper,West,Maharashtra,Nashik,1184.9,2,0.15,955.94,Debit Card,Returned
ORD-11605,2025-09-19,CUST-1560,Vikas Verma,Furniture,Lighting,LED Desk Lamp,West,Madhya Pradesh,Indore,9988.35,3,0.15,7019.6,Credit Card,Delivered
ORD-11606,2025-04-29,CUST-1439,Rahul Yadav,Office Supplies,Equipment,Calculator,East,Jharkhand,Jamshedpur,2020.8,2,0.2,1369.3,Net Banking,Returned
ORD-11607,2025-12-08,CUST-1179,Vikas Sharma,Home Appliances,Kitchen,Mixer Grinder,West,Gujarat,Vadodara,14220.0,4,0.0,9896.52,Net Banking,Delivered
ORD-11608,2025-08-21,CUST-1583,Shweta Yadav,Home Appliances,Cooling,Air Cooler,South,Tamil Nadu,Coimbatore,63528.0,5,0.2,42054.72,Debit Card,Returned
ORD-11609,2025-10-11,CUST-1753,Sneha Yadav,Furniture,Storage,Storage Cabinet,East,Jharkhand,Jamshedpur,10933.0,1,0.0,7235.07,Cash on Delivery,Delivered
ORD-11610,2025-01-26,CUST-1536,Arjun Patel,Furniture,Lighting,Table Lamp,South,Karnataka,Mysuru,5443.5,5,0.05,4614.78,Net Banking,Delivered
ORD-11611,2025-01-16,CUST-1005,Anil Kumar,Home Appliances,Kitchen,Electric Kettle,West,Maharashtra,Nashik,2136.55,1,0.05,1737.5,Debit Card,Cancelled
ORD-11612,2025-10-16,CUST-1073,Manish Kumar,Home Appliances,Cleaning,Vacuum Cleaner,North,Uttar Pradesh,Kanpur,60329.75,5,0.05,36698.16,Cash on Delivery,Shipped
ORD-11613,2025-08-11,CUST-1660,Priya Yadav,Furniture,Storage,Filing Cabinet,West,Gujarat,Vadodara,43248.75,3,0.05,26550.53,Credit Card,Delivered
ORD-11614,2025-06-22,CUST-1238,Amit Patel,Electronics,Monitors,Samsung Monitor,East,Jharkhand,Jamshedpur,109862.75,5,0.05,91059.02,Cash on Delivery,Returned
ORD-11615,2025-10-07,CUST-1035,Neha Yadav,Home Appliances,Cooling,Air Cooler,South,Karnataka,Bengaluru,32576.0,2,0.0,23198.75,Net Banking,Delivered
ORD-11616,2025-02-21,CUST-1539,Anjali Patel,Office Supplies,Stationery,Pen Set,West,Madhya Pradesh,Bhopal,703.8,2,,467.61,Credit Card,Delivered
ORD-11617,2025-04-26,CUST-1075,Manish Agarwal,Electronics,Laptops,ASUS Laptop,West,Madhya Pradesh,Bhopal,294488.6,4,0.05,223985.35,UPI,Delivered
ORD-11618,2025-06-29,CUST-1064,Deepak Yadav,Furniture,Office Furniture,Office Chair,North,Rajasthan,Kota,36458.4,3,0.2,27322.11,UPI,Shipped
ORD-11619,2025-04-12,CUST-1529,Sneha Gupta,Furniture,Storage,Filing Cabinet,South,Kerala,Kochi,27234.9,3,0.1,22105.4,Debit Card,Shipped
ORD-11620,2025-11-08,CUST-1001,Arjun Agarwal,Home Appliances,Kitchen,Mixer Grinder,East,West Bengal,Siliguri,9114.0,3,0.0,7044.73,Net Banking,Delivered
ORD-11621,2025-06-14,CUST-1079,Meena Verma,Electronics,Accessories,Headphones,East,West Bengal,Siliguri,12131.5,2,0.05,9898.93,Cash on Delivery,Delivered
ORD-11622,2025-02-10,CUST-1275,Neha Yadav,Electronics,Monitors,Samsung Monitor,South,Telangana,Hyderabad,19153.8,1,0.1,14100.11,UPI,Cancelled
ORD-11623,2025-02-18,CUST-1329,Kavita Kumar,Furniture,Lighting,Table Lamp,West,Madhya Pradesh,Indore,3372.8,4,0.15,2716.16,UPI,Delivered
ORD-11624,2025-05-26,CUST-1012,Shweta Gupta,Office Supplies,Stationery,Stapler,North,Punjab,Amritsar,478.8,3,0.05,359.6,Cash on Delivery,Delivered
ORD-11625,2025-04-02,CUST-1084,Nisha Sharma,Home Appliances,Kitchen,Electric Kettle,South,Andhra Pradesh,Visakhapatnam,1581.6,1,0.2,1095.95,Cash on Delivery,Shipped
ORD-11626,2025-07-24,CUST-1701,Arjun Sharma,Home Appliances,Cleaning,Vacuum Cleaner,East,West Bengal,Kolkata,52680.0,5,0.0,44393.78,Net Banking,Delivered
ORD-11627,2025-12-21,CUST-1448,Meena Gupta,Home Appliances,Kitchen,Mixer Grinder,South,Tamil Nadu,Coimbatore,3244.0,1,0.2,2745.6,Debit Card,Delivered
ORD-11628,2025-01-11,CUST-1516,Ritu Sharma,Home Appliances,Kitchen,Electric Kettle,East,Jharkhand,Ranchi,2336.0,2,0.0,1751.7,Cash on Delivery,Delivered
ORD-11629,2025-10-04,CUST-1741,Varun Gupta,Furniture,Storage,Storage Cabinet,North,Uttar Pradesh,Kanpur,6818.4,1,0.1,5006.6,Cash on Delivery,Delivered
ORD-11630,2025-10-15,CUST-1049,Priya Singh,Electronics,Laptops,ASUS Laptop,East,Bihar,Patna,54697.5,1,0.15,43740.5,Credit Card,Delivered
ORD-11631,2025-01-10,CUST-1322,Deepak Patel,Home Appliances,Cleaning,Vacuum Cleaner,East,West Bengal,Siliguri,25127.7,3,0.15,19639.87,UPI,Returned
ORD-11632,2025-09-30,CUST-1696,Vikas Gupta,Office Supplies,Paper,Printer Paper,North,Haryana,Gurugram,2443.5,5,0.1,1911.55,Cash on Delivery,Delivered
ORD-11633,2025-08-04,CUST-1498,Pooja Yadav,Furniture,Storage,Storage Cabinet,South,Kerala,Kochi,11354.4,1,0.05,9583.75,Credit Card,Cancelled
ORD-11634,2025-07-16,CUST-1076,Nisha Kumar,Home Appliances,Cooling,Air Cooler,North,Delhi,Delhi,8109.0,1,0.15,5913.36,UPI,Delivered
ORD-11635,2025-01-27,CUST-1403,Deepak Sharma,Home Appliances,Kitchen,Microwave,East,Jharkhand,Ranchi,7293.6,1,0.2,5993.7,UPI,Cancelled
ORD-11636,2025-11-21,CUST-1440,Arjun Sharma,Electronics,Laptops,Dell Laptop,North,Uttar Pradesh,Kanpur,65548.0,1,0.0,41674.8,Credit Card,Delivered
ORD-11637,2025-11-08,CUST-1269,Priya Singh,Home Appliances,Cooling,Air Cooler,South,Kerala,Thiruvananthapuram,12537.6,2,0.2,9557.62,Credit Card,Delivered
ORD-11638,2025-01-22,CUST-1051,Meena Jain,Home Appliances,Cleaning,Vacuum Cleaner,East,West Bengal,Kolkata,27729.0,3,0.1,22261.67,Cash on Delivery,Delivered
ORD-11639,2025-01-23,CUST-1327,Varun Jain,Furniture,Lighting,Table Lamp,West,Goa,Margao,692.8,1,0.2,436.6,Cash on Delivery,Shipped
ORD-11640,2025-07-19,CUST-1357,Neha Jain,Office Supplies,Paper,Copy Paper,South,Telangana,Warangal,536.0,2,0.2,428.02,Debit Card,Delivered
ORD-11641,2025-03-05,CUST-1506,Meena Agarwal,Home Appliances,Cleaning,Vacuum Cleaner,North,Punjab,Jalandhar,23382.0,2,0.0,18769.08,Credit Card,Delivered
ORD-11642,2025-10-05,CUST-1434,Amit Agarwal,Furniture,Storage,Storage Cabinet,North,Punjab,Amritsar,7739.65,1,0.05,5327.43,UPI,Delivered
ORD-11643,2025-09-16,CUST-1374,Amit Verma,Electronics,Laptops,ASUS Laptop,West,Gujarat,Vadodara,86545.3,2,0.15,62681.52,UPI,Delivered
ORD-11644,2025-08-05,CUST-1056,Neha Jain,Furniture,Office Furniture,Office Desk,East,West Bengal,Siliguri,29808.15,3,0.05,19712.84,Debit Card,Delivered
ORD-11645,2025-08-15,CUST-1581,Arjun Sharma,Furniture,Office Furniture,Bookshelf,East,Odisha,Cuttack,27984.0,3,0.2,17171.08,Net Banking,Delivered
ORD-11646,2025-10-21,CUST-1753,Anil Jain,Home Appliances,Cooling,Air Cooler,East,Jharkhand,Jamshedpur,38787.2,4,0.15,31855.68,Cash on Delivery,Delivered
ORD-11647,2025-04-10,CUST-1331,Meena Agarwal,Electronics,Monitors,Samsung Monitor,West,Madhya Pradesh,Indore,44121.8,4,0.05,37178.89,Net Banking,Returned
ORD-11648,2025-08-31,CUST-1749,Anil Jain,Electronics,Smartphones,OnePlus Phone,West,Gujarat,Ahmedabad,41297.25,1,0.15,29825.59,Credit Card,Delivered
ORD-11649,2025-03-15,CUST-1707,Meena Agarwal,Home Appliances,Cleaning,Vacuum Cleaner,South,Tamil Nadu,Chennai,6438.4,1,0.2,5346.38,Debit Card,Delivered
ORD-11650,2025-03-25,CUST-1405,Kavita Yadav,Home Appliances,Cleaning,Vacuum Cleaner,South,Telangana,Hyderabad,36157.0,5,0.05,28210.87,Debit Card,Cancelled
ORD-11651,2025-03-14,CUST-1048,Vikas Gupta,Electronics,Monitors,Samsung Monitor,South,Karnataka,Mangaluru,10317.3,1,0.15,7781.43,Credit Card,Returned
ORD-11652,2025-03-31,CUST-1529,Arjun Kumar,Home Appliances,Cooling,Air Cooler,South,Tamil Nadu,Coimbatore,62728.0,5,0.2,39978.92,Cash on Delivery,Delivered
ORD-11653,2025-12-11,CUST-1495,Priya Mishra,Office Supplies,Stationery,Pen Set,North,Punjab,Amritsar,497.7,1,0.1,352.92,Cash on Delivery,Shipped
ORD-11654,2025-02-05,CUST-1207,Nisha Gupta,Home Appliances,Cleaning,Vacuum Cleaner,North,Uttar Pradesh,Lucknow,14316.5,2,0.05,11358.2,Net Banking,Cancelled
ORD-11655,2025-03-19,CUST-1132,Sneha Agarwal,Furniture,Office Furniture,Office Desk,East,Jharkhand,Ranchi,38700.5,5,0.15,27107.85,Debit Card,Cancelled
ORD-11656,2025-09-02,CUST-1029,Kavita Sharma,Electronics,Smartphones,Redmi Phone,South,Andhra Pradesh,Visakhapatnam,16783.2,1,0.2,11384.01,Cash on Delivery,Shipped
ORD-11657,2025-06-05,CUST-1139,Varun Verma,Office Supplies,Equipment,Calculator,North,Haryana,Panipat,3974.6,2,0.15,2653.29,Net Banking,Delivered
ORD-11658,2025-07-07,CUST-1519,Sanjay Yadav,Office Supplies,Equipment,Calculator,East,Jharkhand,Ranchi,8360.0,4,0.05,5044.83,UPI,Delivered
ORD-11659,2025-12-28,CUST-1415,Manish Jain,Home Appliances,Cooling,Air Cooler,West,Madhya Pradesh,Indore,39267.45,3,0.15,26184.18,Cash on Delivery,Delivered
ORD-11660,2025-11-27,CUST-1601,Manish Verma,Office Supplies,Equipment,Calculator,South,Andhra Pradesh,Visakhapatnam,4142.4,3,0.2,2927.9,Cash on Delivery,Cancelled
ORD-11661,2025-11-14,CUST-1323,Priya Sharma,Home Appliances,Cleaning,Vacuum Cleaner,West,Gujarat,Ahmedabad,13469.1,2,0.05,10591.1,Cash on Delivery,Delivered
ORD-11662,2025-07-15,CUST-1104,Vikas Verma,Electronics,Monitors,Samsung Monitor,South,Andhra Pradesh,Vijayawada,76755.6,3,0.1,50428.02,UPI,Delivered
ORD-11663,2025-12-25,CUST-1075,Sanjay Agarwal,Furniture,Lighting,LED Desk Lamp,East,Bihar,Patna,8470.2,4,0.05,6832.72,Credit Card,Delivered
ORD-11664,2025-07-23,CUST-1733,Kavita Jain,Furniture,Office Furniture,Office Desk,East,West Bengal,Kolkata,119145.0,5,0.0,81311.33,Cash on Delivery,Returned
ORD-11665,2025-05-29,CUST-1070,Pooja Jain,Electronics,Smartphones,iPhone,North,Haryana,Panipat,436959.0,5,0.1,305960.23,Net Banking,Cancelled
ORD-11666,2025-10-22,CUST-1614,Nisha Kumar,Home Appliances,Cooling,Air Cooler,East,West Bengal,Siliguri,41648.0,5,0.2,33058.56,Net Banking,Delivered
ORD-11667,2025-12-14,CUST-1555,Deepak Sharma,Home Appliances,Kitchen,Mixer Grinder,East,Bihar,Patna,11944.0,5,0.2,9794.25,Net Banking,Delivered
ORD-11668,2025-07-16,CUST-1411,Vikas Sharma,Office Supplies,Paper,Copy Paper,North,Haryana,Faridabad,2061.0,5,0.1,1406.91,Cash on Delivery,Delivered
ORD-11669,2025-06-15,CUST-1336,Neha Agarwal,Office Supplies,Paper,Copy Paper,West,Maharashtra,Pune,756.0,3,0.0,463.49,Cash on Delivery,Delivered
ORD-11670,2025-06-22,CUST-1534,Anjali Jain,Office Supplies,Stationery,Pen Set,South,Telangana,Hyderabad,1659.6,4,0.1,1130.64,Credit Card,Delivered
ORD-11671,2025-05-12,CUST-1310,Arjun Verma,Furniture,Office Furniture,Office Chair,East,Odisha,Bhubaneswar,46640.0,5,0.2,39621.98,UPI,Shipped
ORD-11672,2025-04-30,CUST-1326,Sneha Sharma,Furniture,Storage,Filing Cabinet,North,Haryana,Gurugram,13674.6,1,0.1,10973.49,Debit Card,Delivered
ORD-11673,2025-04-19,CUST-1525,Anjali Sharma,Office Supplies,Equipment,Calculator,South,Karnataka,Mangaluru,7008.0,5,0.2,4596.09,Cash on Delivery,Returned
ORD-11674,2025-05-23,CUST-1765,Anil Gupta,Electronics,Accessories,Headphones,West,Maharashtra,Nashik,25340.8,4,0.2,20764.5,Credit Card,Returned
ORD-11675,2025-05-20,CUST-1345,Vikas Jain,Office Supplies,Paper,Copy Paper,West,Maharashtra,Pune,1152.0,5,0.1,782.72,UPI,Delivered
ORD-11676,2025-04-15,CUST-1363,Pooja Agarwal,Home Appliances,Cooling,Air Cooler,West,Maharashtra,Nagpur,50575.0,5,0.0,41576.08,Cash on Delivery,Returned
ORD-11677,2025-11-18,CUST-1780,Nisha Sharma,Furniture,Lighting,LED Desk Lamp,South,Kerala,Kochi,4806.0,3,0.0,3846.52,UPI,Delivered
ORD-11678,2025-09-29,CUST-1615,Vikas Mishra,Furniture,Storage,Filing Cabinet,West,Maharashtra,Nashik,8725.0,1,0.0,6464.18,Net Banking,Cancelled
ORD-11679,2025-08-24,CUST-1483,Varun Jain,Office Supplies,Stationery,Stapler,East,Jharkhand,Jamshedpur,523.2,3,0.2,431.56,Debit Card,Cancelled
ORD-11680,2025-09-25,CUST-1739,Sanjay Gupta,Furniture,Lighting,LED Desk Lamp,North,Rajasthan,Kota,10492.0,5,0.2,8409.29,Debit Card,Delivered
ORD-11681,2025-10-20,CUST-1431,Sanjay Gupta,Electronics,Monitors,Samsung Monitor,South,Tamil Nadu,Coimbatore,89380.0,5,0.2,70537.44,Credit Card,Delivered
ORD-11682,2025-08-04,CUST-1493,Varun Jain,Furniture,Lighting,Table Lamp,South,Karnataka,Mysuru,9310.0,4,0.05,7549.07,Credit Card,Cancelled
ORD-11683,2025-11-25,CUST-1698,Anil Mishra,Home Appliances,Cooling,Air Cooler,North,Rajasthan,Jaipur,21427.65,3,0.15,17267.09,Debit Card,Shipped
ORD-11684,2025-06-09,CUST-1425,Meena Jain,Furniture,Office Furniture,Office Desk,North,Haryana,Gurugram,25858.7,2,0.15,16284.82,Cash on Delivery,Shipped
ORD-11685,2025-10-24,CUST-1028,Vikas Singh,Electronics,Accessories,Mouse,South,Kerala,Kochi,6936.0,3,0.15,4258.06,Cash on Delivery,Delivered
ORD-11686,2025-08-27,CUST-1458,Shweta Mishra,Home Appliances,Cleaning,Vacuum Cleaner,West,Maharashtra,Nashik,19963.2,3,0.2,14597.25,Cash on Delivery,Shipped
ORD-11687,2025-11-16,CUST-1702,Rahul Agarwal,Office Supplies,Equipment,Calculator,South,Kerala,Kochi,3626.4,3,0.2,2228.49,Cash on Delivery,Delivered
ORD-11688,2025-07-09,CUST-1523,Meena Yadav,Office Supplies,Equipment,Paper Shredder,South,Kerala,Kochi,18182.4,4,0.2,11013.33,Credit Card,Delivered
ORD-11689,2025-12-17,CUST-1491,Pooja Verma,Home Appliances,Cooling,Air Cooler,South,Tamil Nadu,Madurai,12601.6,2,0.2,7648.72,Debit Card,Cancelled
ORD-11690,2025-02-15,CUST-1561,Nisha Verma,Electronics,Smartphones,Samsung Galaxy,South,Andhra Pradesh,Visakhapatnam,62767.4,4,0.15,43749.25,Cash on Delivery,Delivered
ORD-11691,2025-03-02,CUST-1049,Kavita Patel,Furniture,Lighting,Table Lamp,South,Tamil Nadu,Coimbatore,6634.8,4,0.05,4436.86,Cash on Delivery,Cancelled
ORD-11692,2025-08-12,CUST-1678,Varun Patel,Office Supplies,Stationery,Pen Set,East,West Bengal,Kolkata,1479.0,4,0.15,1076.35,Net Banking,Returned
ORD-11693,2025-09-23,CUST-1748,Deepak Gupta,Electronics,Accessories,Mouse,West,Goa,Margao,1738.5,2,0.05,1408.13,Credit Card,Delivered
ORD-11694,2025-06-15,CUST-1338,Priya Sharma,Office Supplies,Stationery,Stapler,West,Madhya Pradesh,Bhopal,583.95,1,0.15,440.57,Credit Card,Shipped
ORD-11695,2025-05-21,CUST-1728,Arjun Kumar,Furniture,Office Furniture,Office Chair,North,Punjab,Amritsar,16324.2,3,0.1,13417.53,UPI,Cancelled
ORD-11696,2025-12-26,CUST-1105,Vikas Gupta,Home Appliances,Cooling,Air Cooler,West,Maharashtra,Pune,9616.05,1,0.15,7738.84,Cash on Delivery,Shipped
ORD-11697,2025-02-08,CUST-1762,Rahul Patel,Electronics,Smartphones,OnePlus Phone,East,Jharkhand,Jamshedpur,114744.6,3,0.1,81077.15,Debit Card,Delivered
ORD-11698,2025-07-30,CUST-1485,Shweta Kumar,Home Appliances,Cleaning,Vacuum Cleaner,North,Delhi,Delhi,11473.15,1,0.05,9573.29,Cash on Delivery,Delivered
ORD-11699,2025-09-03,CUST-1224,Sneha Jain,Home Appliances,Cleaning,Vacuum Cleaner,South,Karnataka,Mysuru,28220.7,2,0.05,21606.8,Credit Card,Delivered
ORD-11700,2025-09-18,CUST-1403,Nisha Gupta,Office Supplies,Equipment,Paper Shredder,North,Delhi,New Delhi,26399.55,3,0.05,22412.75,Credit Card,Delivered
ORD-11701,2025-03-31,CUST-1308,Anil Yadav,Office Supplies,Equipment,Calculator,West,Maharashtra,Nagpur,5890.5,5,0.15,3569.59,Net Banking,Delivered
ORD-11702,2025-06-03,CUST-1299,Pooja Agarwal,Electronics,Monitors,Samsung Monitor,West,Madhya Pradesh,Bhopal,86756.0,5,0.2,58201.03,UPI,Cancelled
ORD-11703,2025-09-07,CUST-1275,Meena Verma,Electronics,Monitors,Dell Monitor,East,West Bengal,Siliguri,30850.0,2,0.0,22471.3,UPI,Delivered
ORD-11704,2025-10-17,CUST-1566,Anil Kumar,Office Supplies,Equipment,Paper Shredder,North,Delhi,Delhi,38904.0,4,0.0,30201.5,Debit Card,Returned
ORD-11705,2025-10-15,CUST-1209,Sneha Agarwal,Furniture,Lighting,LED Desk Lamp,West,Maharashtra,Pune,10604.85,3,0.05,8937.49,UPI,Returned
ORD-11706,2025-03-19,CUST-1435,Neha Sharma,Furniture,Storage,Storage Cabinet,East,Bihar,Patna,54124.0,4,0.0,40590.07,Net Banking,Delivered
ORD-11707,2025-07-31,CUST-1446,Anil Sharma,Furniture,Storage,Filing Cabinet,South,Telangana,Warangal,6841.9,1,0.05,4333.73,Credit Card,Delivered
ORD-11708,2025-11-11,CUST-1603,Nisha Sharma,Home Appliances,Cooling,Air Cooler,North,Delhi,Delhi,50396.4,4,0.1,38013.97,UPI,Delivered
ORD-11709,2025-08-31,CUST-1464,Meena Verma,Office Supplies,Paper,Copy Paper,West,Gujarat,Vadodara,351.0,1,0.1,212.96,Credit Card,Delivered
ORD-11710,2025-05-06,CUST-1796,Neha Verma,Office Supplies,Paper,Copy Paper,East,Odisha,Cuttack,884.0,2,0.0,554.72,Net Banking,Delivered
ORD-11711,2025-09-08,CUST-1770,Vikas Yadav,Office Supplies,Equipment,Paper Shredder,South,Karnataka,Mangaluru,41359.5,5,0.1,28496.85,Credit Card,Cancelled
ORD-11712,2025-04-04,CUST-1498,Kavita Yadav,Electronics,Laptops,Dell Laptop,West,Maharashtra,Nagpur,355960.0,5,0.0,300145.72,Debit Card,Delivered
ORD-11713,2025-02-02,CUST-1747,Manish Kumar,Home Appliances,Kitchen,Mixer Grinder,West,Goa,Margao,32727.5,5,0.05,24321.96,Debit Card,Delivered
ORD-11714,2025-05-04,CUST-1240,Anil Kumar,Electronics,Monitors,Samsung Monitor,West,Goa,Margao,62659.2,4,0.2,50588.82,Credit Card,Delivered
ORD-11715,2025-02-17,CUST-1118,Arjun Patel,Furniture,Office Furniture,Office Chair,East,Jharkhand,Jamshedpur,9743.0,1,0.0,7266.24,Debit Card,Delivered
ORD-11716,2025-08-14,CUST-1508,Anjali Yadav,Electronics,Monitors,Samsung Monitor,North,Rajasthan,Jaipur,11958.0,1,0.0,9336.47,Cash on Delivery,Delivered
ORD-11717,2025-05-05,CUST-1088,Varun Gupta,Electronics,Monitors,Dell Monitor,North,Punjab,Ludhiana,82473.6,4,0.2,57990.34,UPI,Returned
ORD-11718,2025-01-08,CUST-1498,Nisha Verma,Home Appliances,Cooling,Air Cooler,East,West Bengal,Kolkata,41549.2,4,0.05,28364.27,Net Banking,Returned
ORD-11719,2025-01-28,CUST-1417,Nisha Sharma,Furniture,Lighting,Table Lamp,South,Kerala,Kochi,5352.3,3,0.05,4157.04,Credit Card,Delivered
ORD-11720,2025-07-26,CUST-1035,Rahul Singh,Home Appliances,Cleaning,Vacuum Cleaner,South,Karnataka,Bengaluru,9830.6,1,0.05,6311.74,UPI,Delivered
ORD-11721,2025-05-29,CUST-1158,Amit Yadav,Electronics,Monitors,Dell Monitor,East,Jharkhand,Ranchi,49144.8,3,0.2,36445.66,UPI,Delivered
ORD-11722,2025-07-25,CUST-1435,Deepak Gupta,Furniture,Storage,Filing Cabinet,South,Tamil Nadu,Chennai,9722.3,1,0.05,7945.7,Cash on Delivery,Delivered
ORD-11723,2025-04-05,CUST-1681,Sanjay Sharma,Electronics,Laptops,HP Laptop,West,Madhya Pradesh,Bhopal,46294.45,1,0.05,30739.82,Debit Card,Delivered
ORD-11724,2025-04-25,CUST-1590,Rohit Gupta,Furniture,Lighting,LED Desk Lamp,South,Tamil Nadu,Coimbatore,1785.05,1,0.05,1179.59,Cash on Delivery,Delivered
ORD-11725,2025-06-21,CUST-1422,Varun Mishra,Furniture,Lighting,LED Desk Lamp,South,Tamil Nadu,Coimbatore,5328.0,3,0.2,3786.5,UPI,Delivered
ORD-11726,2025-05-16,CUST-1598,Ritu Yadav,Furniture,Lighting,Table Lamp,East,Bihar,Gaya,10735.0,5,0.05,7614.51,Net Banking,Cancelled
ORD-11727,2025-12-10,CUST-1485,Deepak Kumar,Home Appliances,Kitchen,Microwave,West,Gujarat,Vadodara,30632.4,4,0.1,23650.95,Net Banking,Delivered
ORD-11728,2025-07-09,CUST-1341,Shweta Verma,Furniture,Storage,Filing Cabinet,West,Madhya Pradesh,Indore,23968.0,5,0.2,19870.21,Net Banking,Delivered
ORD-11729,2025-02-23,CUST-1273,Sneha Mishra,Office Supplies,Stationery,Pen Set,South,Tamil Nadu,Coimbatore,1281.8,4,0.15,908.25,Debit Card,Cancelled
ORD-11730,2025-04-30,CUST-1347,Manish Jain,Furniture,Office Furniture,Office Desk,East,Bihar,Gaya,35227.4,2,0.15,29272.02,Credit Card,Delivered
ORD-11731,2025-02-22,CUST-1347,Sneha Verma,Furniture,Lighting,Table Lamp,South,Kerala,Thiruvananthapuram,5446.35,3,0.05,4547.96,Debit Card,Delivered
ORD-11732,2025-10-08,CUST-1337,Ritu Yadav,Home Appliances,Kitchen,Microwave,South,Andhra Pradesh,Vijayawada,42345.0,5,0.1,31393.6,Cash on Delivery,Cancelled
ORD-11733,2025-05-02,CUST-1631,Meena Jain,Office Supplies,Stationery,Stapler,North,Haryana,Gurugram,1175.0,5,0.0,820.64,Cash on Delivery,Cancelled
ORD-11734,2025-04-11,CUST-1712,Kavita Verma,Home Appliances,Kitchen,Microwave,North,Delhi,New Delhi,26436.0,2,0.0,18977.94,Credit Card,Returned
ORD-11735,2025-01-03,CUST-1098,Arjun Jain,Furniture,Storage,Storage Cabinet,East,Jharkhand,Ranchi,47035.0,5,0.0,29770.98,UPI,Delivered
ORD-11736,2025-07-23,CUST-1202,Shweta Kumar,Office Supplies,Equipment,Paper Shredder,East,Jharkhand,Ranchi,16212.8,2,0.2,13746.41,Credit Card,Delivered
ORD-11737,2025-12-26,CUST-1304,Neha Yadav,Electronics,Accessories,Keyboard,South,Tamil Nadu,Madurai,14449.5,5,0.1,8710.69,Net Banking,Returned
ORD-11738,2025-10-21,CUST-1269,Ritu Verma,Home Appliances,Cooling,Air Cooler,North,Delhi,Delhi,67695.0,5,0.0,51116.86,Net Banking,Cancelled
ORD-11739,2025-01-14,CUST-1422,Nisha Gupta,Electronics,Laptops,HP Laptop,South,Telangana,Hyderabad,184376.0,4,0.05,126754.09,Cash on Delivery,Delivered
ORD-11740,2025-02-28,CUST-1411,Deepak Patel,Furniture,Office Furniture,Office Chair,West,Maharashtra,Mumbai,26943.9,3,0.05,19374.27,Net Banking,Returned
ORD-11741,2025-09-04,CUST-1673,Manish Kumar,Office Supplies,Stationery,Stapler,North,Punjab,Ludhiana,188.7,1,0.15,136.51,Credit Card,Delivered
ORD-11742,2025-02-07,CUST-1258,Nisha Verma,Office Supplies,Equipment,Calculator,North,Haryana,Gurugram,537.3,1,0.1,410.52,Credit Card,Delivered
ORD-11743,2025-03-19,CUST-1543,Nisha Yadav,Electronics,Laptops,HP Laptop,East,West Bengal,Siliguri,103677.3,2,0.05,65368.38,Credit Card,Delivered
ORD-11744,2025-09-14,CUST-1761,Priya Kumar,Furniture,Storage,Filing Cabinet,West,Gujarat,Ahmedabad,11970.0,1,0.0,9262.86,Cash on Delivery,Cancelled
ORD-11745,2025-02-19,CUST-1498,Shweta Verma,Electronics,Laptops,Lenovo Laptop,South,Andhra Pradesh,Visakhapatnam,185920.0,4,0.0,148304.47,UPI,Delivered
ORD-11746,2025-03-11,CUST-1723,Rohit Patel,Office Supplies,Paper,Printer Paper,West,Maharashtra,Pune,825.6,2,0.2,661.1,UPI,Delivered
ORD-11747,2025-02-17,CUST-1123,Vikas Jain,Furniture,Storage,Filing Cabinet,East,Odisha,Cuttack,36086.75,5,0.15,25950.31,Cash on Delivery,Delivered
ORD-11748,2025-09-09,CUST-1390,Varun Yadav,Furniture,Lighting,Table Lamp,South,Andhra Pradesh,Vijayawada,2560.5,1,0.1,1929.76,UPI,Cancelled
ORD-11749,2025-07-14,CUST-1126,Shweta Kumar,Furniture,Office Furniture,Office Desk,South,Tamil Nadu,Madurai,28707.0,3,0.0,22319.6,UPI,Delivered
ORD-11750,2025-04-22,CUST-1340,Rahul Yadav,Electronics,Accessories,Headphones,East,Bihar,Gaya,20706.3,3,0.1,14168.99,Debit Card,Delivered
ORD-11751,2025-12-02,CUST-1509,Varun Verma,Office Supplies,Paper,Printer Paper,North,Delhi,Delhi,1753.6,4,0.2,1313.98,Cash on Delivery,Delivered
ORD-11752,2025-09-24,CUST-1539,Neha Yadav,Electronics,Laptops,Lenovo Laptop,East,Odisha,Bhubaneswar,52980.5,1,0.15,37767.38,Net Banking,Delivered
ORD-11753,2025-07-07,CUST-1373,Ritu Kumar,Electronics,Accessories,Keyboard,South,Tamil Nadu,Coimbatore,9329.0,4,0.05,7370.89,Debit Card,Delivered
ORD-11754,2025-07-07,CUST-1027,Arjun Yadav,Electronics,Laptops,Lenovo Laptop,North,Haryana,Gurugram,134773.65,3,0.05,81035.81,Net Banking,Shipped
ORD-11755,2025-11-28,CUST-1432,Sanjay Kumar,Electronics,Laptops,HP Laptop,North,Rajasthan,Jodhpur,186902.4,4,0.2,140153.67,Debit Card,Returned
ORD-11756,2025-02-21,CUST-1498,Vikas Jain,Home Appliances,Kitchen,Mixer Grinder,South,Karnataka,Mysuru,17055.0,5,0.0,11730.32,Credit Card,Delivered
ORD-11757,2025-04-28,CUST-1147,Nisha Singh,Furniture,Storage,Filing Cabinet,South,Tamil Nadu,Madurai,40587.5,5,0.15,27667.91,Credit Card,Shipped
ORD-11758,2025-04-09,CUST-1367,Meena Patel,Office Supplies,Stationery,Notebook,West,Maharashtra,Mumbai,1007.25,5,0.15,756.78,UPI,Delivered
ORD-11759,2025-07-10,CUST-1105,Rohit Gupta,Furniture,Storage,Storage Cabinet,West,Maharashtra,Nagpur,13916.8,2,0.2,10409.94,UPI,Returned
ORD-11760,2025-08-12,CUST-1297,Rohit Mishra,Furniture,Office Furniture,Office Chair,East,West Bengal,Siliguri,26405.0,5,0.0,15999.65,Debit Card,Delivered
ORD-11761,2025-11-15,CUST-1295,Priya Gupta,Furniture,Lighting,Table Lamp,West,Maharashtra,Nagpur,5046.45,3,0.15,3728.91,Net Banking,Delivered
ORD-11762,2025-11-18,CUST-1132,Nisha Sharma,Furniture,Office Furniture,Office Desk,South,Karnataka,Mangaluru,32781.1,2,0.15,27711.0,Cash on Delivery,Cancelled
ORD-11763,2025-12-30,CUST-1026,Deepak Agarwal,Furniture,Lighting,LED Desk Lamp,North,Delhi,New Delhi,5051.55,3,0.15,3783.94,UPI,Delivered
ORD-11764,2025-06-19,CUST-1566,Priya Mishra,Electronics,Monitors,Dell Monitor,East,Odisha,Cuttack,42589.25,5,0.15,31971.14,Net Banking,Shipped
ORD-11765,2025-11-23,CUST-1051,Varun Mishra,Electronics,Accessories,Keyboard,South,Andhra Pradesh,Visakhapatnam,2151.9,1,0.1,1517.29,Credit Card,Delivered
ORD-11766,2025-08-20,CUST-1775,Arjun Mishra,Home Appliances,Cleaning,Vacuum Cleaner,East,West Bengal,Kolkata,47156.0,4,0.0,39215.44,Net Banking,Cancelled
ORD-11767,2025-10-14,CUST-1071,Varun Patel,Furniture,Lighting,Table Lamp,North,Delhi,Delhi,9253.0,5,0.05,6659.64,Net Banking,Shipped
ORD-11768,2025-11-11,CUST-1165,Meena Yadav,Home Appliances,Cleaning,Vacuum Cleaner,West,Goa,Margao,12357.6,3,0.2,8285.72,Credit Card,Delivered
ORD-11769,2025-03-14,CUST-1257,Sanjay Gupta,Office Supplies,Stationery,Pen Set,West,Maharashtra,Mumbai,830.0,2,0.0,647.43,Debit Card,Delivered
ORD-11770,2025-07-23,CUST-1615,Rohit Mishra,Office Supplies,Equipment,Calculator,West,Goa,Margao,2910.4,4,0.15,2155.95,Net Banking,Delivered
ORD-11771,2025-03-25,CUST-1285,Sanjay Mishra,Furniture,Office Furniture,Bookshelf,East,West Bengal,Kolkata,25500.6,2,0.1,19607.77,Debit Card,Delivered
ORD-11772,2025-04-03,CUST-1228,Anil Mishra,Furniture,Office Furniture,Office Desk,South,Andhra Pradesh,Visakhapatnam,10064.8,1,0.2,7133.64,Credit Card,Cancelled
ORD-11773,2025-11-13,CUST-1615,Anil Agarwal,Office Supplies,Stationery,Stapler,South,Karnataka,Mysuru,568.0,2,0.0,383.69,Net Banking,Delivered
ORD-11774,2025-10-05,CUST-1788,Sanjay Verma,Furniture,Storage,Storage Cabinet,West,Gujarat,Vadodara,40115.75,5,0.15,32678.67,UPI,Delivered
ORD-11775,2025-04-24,CUST-1130,Neha Sharma,Furniture,Lighting,Table Lamp,South,Karnataka,Bengaluru,8037.9,3,0.1,4837.99,Credit Card,Delivered
ORD-11776,2025-08-03,CUST-1098,Shweta Sharma,Furniture,Office Furniture,Office Desk,North,Rajasthan,Jaipur,65428.75,5,0.15,49140.19,UPI,Shipped
ORD-11777,2025-02-01,CUST-1003,Rahul Sharma,Home Appliances,Kitchen,Microwave,South,Andhra Pradesh,Visakhapatnam,18032.4,2,0.1,12517.07,Debit Card,Cancelled
ORD-11778,2025-09-10,CUST-1066,Ritu Mishra,Home Appliances,Cooling,Air Cooler,West,Goa,Panaji,10812.6,2,0.1,8633.65,Debit Card,Cancelled
ORD-11779,2025-04-22,CUST-1140,Deepak Verma,Electronics,Monitors,LG Monitor,East,Jharkhand,Jamshedpur,62866.0,4,0.15,49254.2,Credit Card,Delivered
ORD-11780,2025-01-07,CUST-1758,Rohit Patel,Electronics,Laptops,ASUS Laptop,West,Goa,Panaji,248346.2,4,0.15,193182.2,Debit Card,Delivered
ORD-11781,2025-06-26,CUST-1182,Sneha Yadav,Furniture,Lighting,Table Lamp,North,Delhi,New Delhi,6604.8,3,0.2,4053.6,UPI,Returned
ORD-11782,2025-11-16,CUST-1062,Vikas Singh,Electronics,Accessories,Mouse,South,Karnataka,Mangaluru,11545.0,5,0.0,8042.2,Net Banking,Cancelled
ORD-11783,2025-08-07,CUST-1210,Priya Gupta,Home Appliances,Kitchen,Electric Kettle,South,Tamil Nadu,Chennai,9687.15,3,0.05,5985.72,Credit Card,Delivered
ORD-11784,2025-11-22,CUST-1530,Varun Jain,Home Appliances,Kitchen,Mixer Grinder,West,Madhya Pradesh,Bhopal,8992.8,3,0.2,6096.15,UPI,Delivered
ORD-11785,2025-01-15,CUST-1765,Deepak Agarwal,Furniture,Office Furniture,Bookshelf,West,Gujarat,Vadodara,7024.3,1,0.05,4670.55,Debit Card,Shipped
ORD-11786,2025-12-04,CUST-1642,Ritu Yadav,Home Appliances,Cooling,Air Cooler,East,Bihar,Patna,11233.6,1,0.2,7306.63,Net Banking,Delivered
ORD-11787,2025-06-25,CUST-1584,Anil Mishra,Electronics,Laptops,HP Laptop,South,Andhra Pradesh,Vijayawada,200598.0,3,0.0,161206.83,Debit Card,Delivered
ORD-11788,2025-12-25,CUST-1439,Pooja Kumar,Furniture,Storage,Filing Cabinet,South,Kerala,Thiruvananthapuram,24684.8,2,0.05,20941.49,Debit Card,Delivered
ORD-11789,2025-04-23,CUST-1255,Sneha Mishra,Home Appliances,Cleaning,Vacuum Cleaner,East,Odisha,Cuttack,48920.0,5,0.2,32941.57,Net Banking,Delivered
ORD-11790,2025-03-26,CUST-1286,Shweta Kumar,Office Supplies,Paper,Printer Paper,West,Maharashtra,Mumbai,642.6,3,0.15,478.51,Cash on Delivery,Delivered
ORD-11791,2025-06-17,CUST-1393,Nisha Mishra,Home Appliances,Kitchen,Microwave,North,Delhi,New Delhi,57243.2,4,0.05,42893.43,Credit Card,Cancelled
ORD-11792,2025-06-13,CUST-1720,Amit Patel,Office Supplies,Stationery,Notebook,East,Bihar,Gaya,788.0,2,0.0,532.13,Debit Card,Delivered
ORD-11793,2025-04-06,CUST-1151,Manish Kumar,Office Supplies,Paper,Copy Paper,East,Jharkhand,Ranchi,2313.25,5,0.05,1604.0,Cash on Delivery,Delivered
ORD-11794,2025-12-24,CUST-1672,Rahul Agarwal,Furniture,Office Furniture,Office Desk,North,Delhi,New Delhi,48332.2,4,0.05,31332.17,Credit Card,Cancelled
ORD-11795,2025-01-29,CUST-1582,Arjun Mishra,Home Appliances,Cooling,Air Cooler,North,Haryana,Faridabad,11854.1,1,0.05,8318.6,Credit Card,Cancelled
ORD-11796,2025-03-13,CUST-1533,Anjali Gupta,Furniture,Office Furniture,Office Chair,North,Uttar Pradesh,Lucknow,13437.6,1,0.2,9044.1,Debit Card,Delivered
ORD-11797,2025-07-18,CUST-1260,Nisha Gupta,Home Appliances,Cooling,Air Cooler,South,Tamil Nadu,Coimbatore,13629.65,1,0.05,11375.66,Cash on Delivery,Shipped
ORD-11798,2025-07-27,CUST-1511,Anil Gupta,Office Supplies,Equipment,Paper Shredder,East,West Bengal,Siliguri,35779.2,4,0.2,22657.9,Cash on Delivery,Delivered
ORD-11799,2025-08-03,CUST-1287,Shweta Sharma,Office Supplies,Equipment,Paper Shredder,North,Delhi,New Delhi,9151.2,1,0.2,7619.58,Debit Card,Delivered
ORD-11800,2025-12-01,CUST-1001,Anil Verma,Electronics,Accessories,Mouse,West,Goa,Margao,2980.0,5,0.2,2441.94,Credit Card,Shipped
ORD-11801,2025-09-18,CUST-1591,Rahul Kumar,Office Supplies,Stationery,Pen Set,West,Maharashtra,Mumbai,297.0,2,0.1,208.32,Cash on Delivery,Delivered
ORD-11802,2025-02-08,CUST-1704,Manish Mishra,Office Supplies,Equipment,Calculator,South,Andhra Pradesh,Vijayawada,3859.0,4,0.15,2623.85,Cash on Delivery,Delivered
ORD-11803,2025-04-11,CUST-1044,Meena Sharma,Office Supplies,Paper,Copy Paper,North,Haryana,Panipat,1040.4,4,0.15,842.93,Net Banking,Shipped
ORD-11804,2025-05-15,CUST-1037,Anil Patel,Electronics,Accessories,Headphones,North,Delhi,Delhi,26736.0,5,0.2,20358.38,Credit Card,Delivered
ORD-11805,2025-12-26,CUST-1106,Anjali Verma,Home Appliances,Cleaning,Vacuum Cleaner,North,Punjab,Jalandhar,5116.0,1,0.2,3800.28,Net Banking,Delivered
ORD-11806,2025-07-02,CUST-1594,Ritu Gupta,Electronics,Accessories,Keyboard,South,Tamil Nadu,Coimbatore,2470.5,3,0.1,2081.18,Cash on Delivery,Delivered
ORD-11807,2025-07-11,CUST-1195,Arjun Mishra,Home Appliances,Cleaning,Vacuum Cleaner,North,Rajasthan,Jodhpur,25084.8,2,0.1,16599.33,Credit Card,Delivered
ORD-11808,2025-10-24,CUST-1672,Shweta Jain,Home Appliances,Cleaning,Vacuum Cleaner,South,Telangana,Hyderabad,10768.65,1,0.15,7363.47,UPI,Delivered
ORD-11809,2025-12-15,CUST-1339,Nisha Kumar,Furniture,Office Furniture,Office Chair,East,Jharkhand,Jamshedpur,5987.2,1,0.2,4102.69,Credit Card,Returned
ORD-11810,2025-08-25,CUST-1184,Sneha Yadav,Office Supplies,Stationery,Stapler,East,Bihar,Gaya,604.2,3,0.05,410.85,Cash on Delivery,Delivered
ORD-11811,2025-06-03,CUST-1437,Rohit Gupta,Furniture,Office Furniture,Bookshelf,North,Rajasthan,Jodhpur,55722.25,5,0.05,45775.84,UPI,Cancelled
ORD-11812,2025-08-22,CUST-1784,Deepak Jain,Home Appliances,Cleaning,Vacuum Cleaner,South,Kerala,Thiruvananthapuram,11890.8,1,0.1,7551.28,Credit Card,Cancelled
ORD-11813,2025-09-04,CUST-1669,Ritu Yadav,Electronics,Laptops,ASUS Laptop,South,Karnataka,Mangaluru,54596.0,1,0.0,33413.43,Credit Card,Cancelled
ORD-11814,2025-05-23,CUST-1145,Manish Kumar,Electronics,Monitors,Samsung Monitor,West,Madhya Pradesh,Bhopal,111064.4,4,0.15,94000.9,UPI,Returned
ORD-11815,2025-11-13,CUST-1729,Anjali Verma,Office Supplies,Equipment,Paper Shredder,East,West Bengal,Siliguri,26323.65,3,0.15,18443.9,Net Banking,Delivered
ORD-11816,2025-06-01,CUST-1042,Meena Patel,Office Supplies,Paper,Printer Paper,East,Bihar,Patna,507.6,1,0.1,323.89,Debit Card,Delivered
ORD-11817,2025-12-12,CUST-1389,Neha Gupta,Furniture,Office Furniture,Bookshelf,East,Bihar,Patna,7821.35,1,0.05,6617.01,UPI,Delivered
ORD-11818,2025-01-11,CUST-1371,Varun Agarwal,Electronics,Monitors,LG Monitor,South,Kerala,Kochi,63725.0,5,0.0,52698.55,Debit Card,Delivered
ORD-11819,2025-12-26,CUST-1099,Rahul Verma,Electronics,Laptops,HP Laptop,East,Bihar,Gaya,104670.0,2,0.1,77469.54,Credit Card,Cancelled
ORD-11820,2025-05-14,CUST-1480,Priya Patel,Office Supplies,Paper,Printer Paper,East,Bihar,Patna,1503.0,3,0.0,1127.3,UPI,Delivered
ORD-11821,2025-10-20,CUST-1413,Sneha Patel,Furniture,Lighting,LED Desk Lamp,North,Punjab,Amritsar,8211.8,4,0.05,6594.72,UPI,Delivered
ORD-11822,2025-02-16,CUST-1507,Vikas Yadav,Furniture,Storage,Storage Cabinet,East,Odisha,Bhubaneswar,51556.5,5,0.1,41996.78,Cash on Delivery,Delivered
ORD-11823,2025-09-13,CUST-1686,Vikas Kumar,Furniture,Office Furniture,Bookshelf,North,Uttar Pradesh,Lucknow,59520.0,4,0.0,36997.05,Net Banking,Returned
ORD-11824,2025-01-09,CUST-1328,Anil Patel,Office Supplies,Stationery,Notebook,North,Rajasthan,Jodhpur,537.2,4,0.15,450.49,Credit Card,Cancelled
ORD-11825,2025-01-30,CUST-1661,Manish Gupta,Home Appliances,Cooling,Air Cooler,West,Madhya Pradesh,Bhopal,7464.0,1,0.0,4584.51,UPI,Shipped
ORD-11826,2025-01-27,CUST-1539,Meena Patel,Home Appliances,Cooling,Air Cooler,South,Karnataka,Mangaluru,8859.2,1,0.2,7457.62,Credit Card,Shipped
ORD-11827,2025-11-26,CUST-1237,Priya Kumar,Furniture,Lighting,Table Lamp,North,Punjab,Jalandhar,8710.0,5,0.0,7236.84,Credit Card,Cancelled
ORD-11828,2025-08-16,CUST-1428,Anjali Verma,Furniture,Lighting,Table Lamp,South,Kerala,Thiruvananthapuram,5400.75,5,0.05,4570.45,Net Banking,Shipped
ORD-11829,2025-02-04,CUST-1358,Shweta Kumar,Electronics,Monitors,Samsung Monitor,East,Odisha,Cuttack,24826.0,2,0.0,15121.12,Debit Card,Cancelled
ORD-11830,2025-10-08,CUST-1218,Deepak Sharma,Home Appliances,Cooling,Air Cooler,East,Jharkhand,Ranchi,12080.0,2,0.2,9013.28,UPI,Cancelled
ORD-11831,2025-06-07,CUST-1144,Anjali Patel,Office Supplies,Equipment,Calculator,South,Kerala,Thiruvananthapuram,1130.5,1,0.15,799.02,UPI,Shipped
ORD-11832,2025-09-11,CUST-1491,Pooja Singh,Home Appliances,Cooling,Air Cooler,South,Kerala,Kochi,6322.3,1,0.15,5182.86,Credit Card,Delivered
ORD-11833,2025-07-25,CUST-1177,Shweta Singh,Home Appliances,Cleaning,Vacuum Cleaner,South,Kerala,Thiruvananthapuram,34807.5,5,0.15,26484.86,UPI,Delivered
ORD-11834,2025-06-16,CUST-1174,Sanjay Jain,Furniture,Storage,Filing Cabinet,North,Haryana,Faridabad,18538.2,2,0.1,14007.87,Net Banking,Delivered
ORD-11835,2025-03-19,CUST-1445,Priya Patel,Electronics,Smartphones,iPhone,East,Jharkhand,Jamshedpur,254763.0,5,0.1,154725.61,UPI,Cancelled
ORD-11836,2025-05-29,CUST-1128,Kavita Verma,Furniture,Lighting,Table Lamp,East,Odisha,Cuttack,3813.1,2,0.15,2622.38,UPI,Shipped
ORD-11837,2025-09-30,CUST-1452,Anil Verma,Electronics,Monitors,Dell Monitor,West,Madhya Pradesh,Bhopal,28285.3,1,0.05,18823.09,Cash on Delivery,Cancelled
ORD-11838,2025-11-23,CUST-1186,Ritu Agarwal,Electronics,Smartphones,Samsung Galaxy,East,Odisha,Cuttack,107621.7,2,0.05,65057.8,UPI,Cancelled
ORD-11839,2025-03-18,CUST-1349,Amit Verma,Office Supplies,Stationery,Stapler,East,West Bengal,Siliguri,448.8,1,0.2,307.95,Credit Card,Delivered
ORD-11840,2025-04-27,CUST-1194,Anjali Patel,Electronics,Accessories,Keyboard,South,Karnataka,Mangaluru,726.75,1,0.15,552.14,UPI,Delivered
ORD-11841,2025-05-14,CUST-1177,Pooja Yadav,Office Supplies,Stationery,Pen Set,South,Telangana,Warangal,337.5,3,0.1,244.25,UPI,Returned
ORD-11842,2025-11-25,CUST-1781,Arjun Kumar,Home Appliances,Cleaning,Vacuum Cleaner,East,Odisha,Cuttack,47232.8,4,0.15,37656.18,Debit Card,Cancelled
ORD-11843,2025-06-05,CUST-1260,Neha Gupta,Office Supplies,Paper,Copy Paper,West,Goa,Panaji,2227.0,5,0.15,1533.25,Cash on Delivery,Delivered
ORD-11844,2025-12-08,CUST-1766,Arjun Jain,Office Supplies,Equipment,Paper Shredder,South,Telangana,Hyderabad,18701.7,2,0.15,15111.56,Credit Card,Delivered
ORD-11845,2025-07-20,CUST-1307,Ritu Mishra,Home Appliances,Cleaning,Vacuum Cleaner,South,Tamil Nadu,Chennai,63580.0,5,0.0,52839.93,Cash on Delivery,Delivered
ORD-11846,2025-05-05,CUST-1163,Anjali Patel,Furniture,Lighting,LED Desk Lamp,South,Telangana,Warangal,17226.0,5,0.1,14067.27,UPI,Delivered
ORD-11847,2025-01-13,CUST-1782,Varun Mishra,Electronics,Smartphones,iPhone,North,Punjab,Jalandhar,324421.2,4,0.05,254088.01,UPI,Delivered
ORD-11848,2025-08-23,CUST-1202,Arjun Singh,Home Appliances,Cleaning,Vacuum Cleaner,South,Andhra Pradesh,Vijayawada,23436.8,4,0.2,15906.16,Debit Card,Cancelled
ORD-11849,2025-11-18,CUST-1703,Amit Gupta,Furniture,Storage,Storage Cabinet,North,Uttar Pradesh,Noida,11805.0,1,0.0,9079.77,UPI,Delivered
ORD-11850,2025-06-25,CUST-1024,Sanjay Jain,Office Supplies,Stationery,Notebook,North,Punjab,Ludhiana,539.2,2,0.2,359.22,Credit Card,Returned
ORD-11851,2025-04-25,CUST-1769,Sneha Patel,Electronics,Laptops,Dell Laptop,West,Gujarat,Ahmedabad,116971.2,2,0.2,71036.39,Credit Card,Delivered
ORD-11852,2025-07-03,CUST-1190,Kavita Kumar,Home Appliances,Kitchen,Electric Kettle,South,Andhra Pradesh,Visakhapatnam,4362.0,3,0.0,3188.16,Net Banking,Delivered
ORD-11853,2025-09-28,CUST-1198,Nisha Mishra,Electronics,Monitors,Samsung Monitor,West,Goa,Margao,36294.4,4,0.2,29251.45,UPI,Shipped
ORD-11854,2025-04-29,CUST-1332,Rohit Verma,Office Supplies,Paper,Printer Paper,East,Odisha,Cuttack,2428.0,4,0.0,2017.55,Net Banking,Delivered
ORD-11855,2025-08-31,CUST-1191,Nisha Verma,Furniture,Storage,Storage Cabinet,East,Jharkhand,Ranchi,28743.2,4,0.05,23324.07,Debit Card,Returned
ORD-11856,2025-09-01,CUST-1384,Anjali Singh,Furniture,Storage,Filing Cabinet,East,Odisha,Bhubaneswar,36876.0,5,0.2,23218.31,Net Banking,Delivered
ORD-11857,2025-03-23,CUST-1015,Shweta Patel,Furniture,Office Furniture,Bookshelf,North,Haryana,Panipat,31760.0,4,0.0,25329.39,Credit Card,Shipped
ORD-11858,2025-11-03,CUST-1345,Anil Yadav,Office Supplies,Stationery,Stapler,East,West Bengal,Siliguri,843.6,3,0.05,699.0,Net Banking,Delivered
ORD-11859,2025-04-27,CUST-1693,Rohit Singh,Electronics,Monitors,Samsung Monitor,South,Telangana,Hyderabad,35000.1,3,0.1,26689.44,UPI,Delivered
ORD-11860,2025-07-09,CUST-1623,Deepak Yadav,Furniture,Lighting,Table Lamp,West,Goa,Panaji,2352.2,2,0.05,1561.48,Net Banking,Delivered
ORD-11861,2025-07-09,CUST-1453,Pooja Agarwal,Electronics,Monitors,LG Monitor,South,Andhra Pradesh,Vijayawada,44077.5,5,0.1,33374.5,Credit Card,Delivered
ORD-11862,2025-09-24,CUST-1725,Manish Kumar,Furniture,Office Furniture,Office Chair,South,Kerala,Thiruvananthapuram,25417.6,2,0.2,18324.88,UPI,Cancelled
ORD-11863,2025-11-25,CUST-1110,Priya Sharma,Home Appliances,Cooling,Air Cooler,East,Bihar,Patna,46264.0,4,0.0,38280.01,Credit Card,Returned
ORD-11864,2025-03-24,CUST-1522,Rohit Yadav,Electronics,Accessories,Keyboard,South,Andhra Pradesh,Vijayawada,6825.75,5,0.05,4262.6,Cash on Delivery,Delivered
ORD-11865,2025-07-23,CUST-1581,Anil Mishra,Home Appliances,Cleaning,Vacuum Cleaner,East,Bihar,Gaya,10336.95,1,0.05,7661.95,Net Banking,Delivered
ORD-11866,2025-01-01,CUST-1453,Varun Mishra,Electronics,Monitors,LG Monitor,North,Punjab,Ludhiana,32025.0,3,0.0,25690.97,Credit Card,Delivered
ORD-11867,2025-03-09,CUST-1795,Pooja Jain,Electronics,Smartphones,iPhone,South,Andhra Pradesh,Visakhapatnam,338112.0,3,0.0,217245.5,Debit Card,Shipped
ORD-11868,2025-07-24,CUST-1464,Pooja Sharma,Electronics,Smartphones,iPhone,South,Karnataka,Mysuru,339595.4,4,0.15,261439.22,Debit Card,Cancelled
ORD-11869,2025-02-05,CUST-1550,Vikas Gupta,Electronics,Smartphones,OnePlus Phone,East,West Bengal,Kolkata,145224.0,4,0.0,88894.09,Debit Card,Delivered
ORD-11870,2025-05-05,CUST-1251,Arjun Yadav,Office Supplies,Stationery,Notebook,North,Uttar Pradesh,Prayagraj,142.5,1,0.05,104.57,Cash on Delivery,Delivered
ORD-11871,2025-07-05,CUST-1242,Sanjay Sharma,Home Appliances,Cooling,Air Cooler,South,Karnataka,Mangaluru,32779.4,4,0.15,26560.3,Credit Card,Shipped
ORD-11872,2025-10-17,CUST-1693,Anil Agarwal,Home Appliances,Cooling,Air Cooler,South,Kerala,Kochi,44264.6,4,0.15,28597.0,UPI,Delivered
ORD-11873,2025-07-01,CUST-1133,Anil Kumar,Electronics,Accessories,Keyboard,North,Uttar Pradesh,Noida,6436.8,4,0.1,4764.24,UPI,Returned
ORD-11874,2025-12-01,CUST-1688,Nisha Patel,Furniture,Storage,Filing Cabinet,West,Maharashtra,Pune,55415.0,5,0.0,43843.63,Cash on Delivery,Returned
ORD-11875,2025-02-11,CUST-1638,Arjun Kumar,Home Appliances,Cooling,Air Cooler,West,Goa,Margao,27380.2,2,0.15,18783.62,Net Banking,Returned
ORD-11876,2025-02-28,CUST-1615,Sanjay Agarwal,Furniture,Storage,Storage Cabinet,East,Jharkhand,Ranchi,13818.4,1,0.2,10019.98,Credit Card,Returned
ORD-11877,2025-08-06,CUST-1247,Shweta Mishra,Home Appliances,Cleaning,Vacuum Cleaner,East,West Bengal,Kolkata,42920.0,5,0.0,29746.3,Net Banking,Delivered
ORD-11878,2025-08-23,CUST-1101,Manish Jain,Furniture,Lighting,Table Lamp,East,Odisha,Bhubaneswar,3369.4,2,0.15,2831.49,Debit Card,Delivered
ORD-11879,2025-07-20,CUST-1391,Sanjay Agarwal,Electronics,Monitors,Samsung Monitor,East,Bihar,Patna,10494.1,1,0.15,7388.1,UPI,Cancelled
ORD-11880,2025-06-02,CUST-1179,Rohit Mishra,Electronics,Accessories,Headphones,South,Telangana,Hyderabad,9169.8,4,0.15,6102.35,UPI,Returned
ORD-11881,2025-05-09,CUST-1398,Priya Yadav,Furniture,Storage,Filing Cabinet,East,Jharkhand,Ranchi,4916.7,1,0.1,3615.35,Net Banking,Cancelled
ORD-11882,2025-11-05,CUST-1657,Deepak Yadav,Furniture,Lighting,Table Lamp,South,Karnataka,Mysuru,6008.75,5,0.05,4330.14,UPI,Delivered
ORD-11883,2025-06-18,CUST-1613,Deepak Kumar,Electronics,Accessories,Headphones,North,Uttar Pradesh,Varanasi,11486.0,2,0.0,7126.94,Net Banking,Delivered
ORD-11884,2025-03-07,CUST-1526,Sanjay Kumar,Electronics,Laptops,HP Laptop,East,West Bengal,Kolkata,217033.6,4,0.2,172144.36,Net Banking,Cancelled
ORD-11885,2025-01-28,CUST-1492,Priya Agarwal,Home Appliances,Cooling,Air Cooler,West,Madhya Pradesh,Indore,24626.85,3,0.05,15431.53,UPI,Delivered
ORD-11886,2025-05-23,CUST-1560,Anjali Mishra,Electronics,Laptops,ASUS Laptop,East,Odisha,Bhubaneswar,73413.15,1,0.05,55644.28,Debit Card,Delivered
ORD-11887,2025-05-05,CUST-1097,Anjali Gupta,Office Supplies,Paper,Copy Paper,North,Delhi,Delhi,1072.7,2,0.15,671.34,Cash on Delivery,Delivered
ORD-11888,2025-11-08,CUST-1421,Manish Agarwal,Furniture,Lighting,Table Lamp,North,Uttar Pradesh,Prayagraj,11293.6,4,0.05,8746.04,UPI,Returned
ORD-11889,2025-04-17,CUST-1659,Amit Agarwal,Office Supplies,Stationery,Stapler,North,Haryana,Faridabad,453.9,2,0.15,297.51,Credit Card,Delivered
ORD-11890,2025-03-03,CUST-1248,Anil Agarwal,Electronics,Monitors,Samsung Monitor,West,Goa,Panaji,56259.0,5,0.05,40453.34,Credit Card,Shipped
ORD-11891,2025-07-02,CUST-1768,Varun Mishra,Home Appliances,Kitchen,Electric Kettle,West,Gujarat,Surat,13600.0,5,0.2,10738.92,UPI,Delivered
ORD-11892,2025-09-04,CUST-1286,Manish Patel,Office Supplies,Stationery,Pen Set,South,Tamil Nadu,Coimbatore,410.4,3,0.2,318.12,Credit Card,Delivered
ORD-11893,2025-10-13,CUST-1069,Arjun Agarwal,Furniture,Lighting,Table Lamp,East,Bihar,Patna,3808.0,4,0.0,2947.6,Net Banking,Delivered
ORD-11894,2025-10-20,CUST-1613,Arjun Mishra,Office Supplies,Paper,Printer Paper,West,Maharashtra,Pune,348.5,1,0.15,228.06,UPI,Shipped
ORD-11895,2025-05-05,CUST-1009,Sneha Patel,Home Appliances,Cooling,Air Cooler,East,Odisha,Bhubaneswar,37178.4,3,0.2,26627.3,Debit Card,Cancelled
ORD-11896,2025-01-17,CUST-1576,Meena Patel,Home Appliances,Cooling,Air Cooler,South,Karnataka,Mysuru,49989.0,3,0.0,35223.96,Cash on Delivery,Delivered
ORD-11897,2025-02-04,CUST-1212,Manish Patel,Home Appliances,Kitchen,Microwave,East,Bihar,Gaya,15269.4,2,0.15,11669.11,Debit Card,Delivered
ORD-11898,2025-12-28,CUST-1185,Varun Singh,Office Supplies,Stationery,Stapler,South,Tamil Nadu,Madurai,3263.25,5,0.05,2619.38,UPI,Delivered
ORD-11899,2025-12-11,CUST-1252,Sanjay Gupta,Electronics,Laptops,HP Laptop,East,Odisha,Cuttack,147171.6,3,0.1,94491.37,Cash on Delivery,Returned
ORD-11900,2025-05-19,CUST-1160,Amit Singh,Electronics,Monitors,LG Monitor,West,Gujarat,Surat,82008.0,4,0.0,51624.35,Cash on Delivery,Delivered
ORD-11901,2025-12-03,CUST-1067,Priya Yadav,Electronics,Monitors,LG Monitor,West,Maharashtra,Nagpur,36729.6,3,0.2,26988.47,UPI,Delivered
ORD-11902,2025-08-28,CUST-1040,Priya Kumar,Electronics,Laptops,Dell Laptop,South,Telangana,Warangal,219944.0,4,0.0,133459.89,Credit Card,Delivered
ORD-11903,2025-07-16,CUST-1328,Meena Kumar,Electronics,Smartphones,OnePlus Phone,South,Andhra Pradesh,Vijayawada,170166.6,4,0.15,120511.23,Net Banking,Shipped
ORD-11904,2025-03-30,CUST-1794,Sanjay Patel,Home Appliances,Kitchen,Electric Kettle,West,Gujarat,Ahmedabad,4140.0,3,0.0,3130.99,Cash on Delivery,Returned
ORD-11905,2025-04-09,CUST-1624,Amit Patel,Office Supplies,Equipment,Calculator,South,Telangana,Hyderabad,1285.2,3,0.15,907.56,Credit Card,Shipped
ORD-11906,2025-04-07,CUST-1277,Anjali Gupta,Furniture,Storage,Filing Cabinet,South,Telangana,Hyderabad,44308.0,4,0.0,36986.89,Cash on Delivery,Delivered
ORD-11907,2025-08-12,CUST-1627,Arjun Sharma,Furniture,Storage,Filing Cabinet,East,Odisha,Cuttack,33545.25,5,0.15,28041.96,Credit Card,Shipped
ORD-11908,2025-06-18,CUST-1352,Amit Agarwal,Electronics,Monitors,Dell Monitor,West,Gujarat,Surat,108556.0,5,0.2,91965.83,Cash on Delivery,Delivered
ORD-11909,2025-09-03,CUST-1647,Amit Gupta,Office Supplies,Stationery,Pen Set,East,Jharkhand,Jamshedpur,841.5,5,0.15,590.07,UPI,Delivered
ORD-11910,2025-08-23,CUST-1128,Nisha Jain,Office Supplies,Paper,Printer Paper,South,Karnataka,Bengaluru,2167.5,5,0.15,1415.52,Debit Card,Delivered
ORD-11911,2025-11-09,CUST-1661,Pooja Yadav,Office Supplies,Paper,Printer Paper,East,Jharkhand,Jamshedpur,2432.0,4,0.0,1737.41,UPI,Returned
ORD-11912,2025-08-10,CUST-1599,Rahul Verma,Electronics,Laptops,Dell Laptop,West,Madhya Pradesh,Bhopal,285111.25,5,0.15,178381.92,Net Banking,Delivered
ORD-11913,2025-07-03,CUST-1429,Anjali Mishra,Home Appliances,Kitchen,Electric Kettle,North,Punjab,Ludhiana,2187.9,1,0.15,1674.94,Debit Card,Shipped
ORD-11914,2025-12-16,CUST-1186,Manish Kumar,Office Supplies,Stationery,Pen Set,South,Telangana,Warangal,315.9,3,0.1,251.26,Net Banking,Returned
ORD-11915,2025-12-29,CUST-1591,Deepak Agarwal,Furniture,Lighting,LED Desk Lamp,West,Goa,Panaji,5604.9,2,0.15,3463.97,Cash on Delivery,Shipped
ORD-11916,2025-03-27,CUST-1340,Kavita Verma,Office Supplies,Stationery,Stapler,West,Maharashtra,Pune,817.7,2,0.15,578.08,Credit Card,Returned
ORD-11917,2025-07-12,CUST-1309,Ritu Verma,Furniture,Lighting,LED Desk Lamp,East,Bihar,Gaya,5151.0,5,0.15,3342.82,Cash on Delivery,Delivered
ORD-11918,2025-04-24,CUST-1020,Anil Sharma,Home Appliances,Cooling,Air Cooler,North,Delhi,Delhi,15200.0,1,0.05,9125.83,Debit Card,Cancelled
ORD-11919,2025-09-15,CUST-1378,Vikas Agarwal,Home Appliances,Kitchen,Mixer Grinder,East,Odisha,Cuttack,17622.2,4,0.15,11219.53,Credit Card,Cancelled
ORD-11920,2025-08-05,CUST-1221,Arjun Kumar,Office Supplies,Paper,Copy Paper,West,Gujarat,Vadodara,738.0,2,0.0,541.92,Credit Card,Delivered
ORD-11921,2025-04-24,CUST-1380,Kavita Yadav,Electronics,Accessories,Keyboard,North,Haryana,Panipat,2365.2,1,0.1,1584.65,Debit Card,Delivered
ORD-11922,2025-08-25,CUST-1439,Sanjay Yadav,Home Appliances,Cleaning,Vacuum Cleaner,South,Kerala,Kochi,10676.8,1,0.2,8812.97,Cash on Delivery,Shipped
ORD-11923,2025-09-08,CUST-1508,Arjun Agarwal,Furniture,Storage,Storage Cabinet,West,Goa,Margao,28123.2,2,0.1,22839.14,Net Banking,Cancelled
ORD-11924,2025-08-24,CUST-1260,Amit Gupta,Home Appliances,Cooling,Air Cooler,East,Jharkhand,Jamshedpur,17304.3,3,0.1,14155.43,UPI,Returned
ORD-11925,2025-09-03,CUST-1432,Kavita Mishra,Home Appliances,Cleaning,Vacuum Cleaner,North,Punjab,Jalandhar,19338.0,3,0.0,13135.77,Net Banking,Returned
ORD-11926,2025-04-17,CUST-1668,Manish Sharma,Office Supplies,Equipment,Calculator,North,Uttar Pradesh,Lucknow,4294.2,4,0.15,2959.85,Cash on Delivery,Delivered
ORD-11927,2025-05-04,CUST-1763,Varun Kumar,Office Supplies,Equipment,Paper Shredder,West,Gujarat,Vadodara,16240.5,3,0.1,13616.97,Credit Card,Returned
ORD-11928,2025-12-13,CUST-1134,Anjali Yadav,Office Supplies,Paper,Printer Paper,North,Uttar Pradesh,Lucknow,3135.0,5,0.0,1935.97,Credit Card,Returned
ORD-11929,2025-06-07,CUST-1599,Neha Yadav,Home Appliances,Cleaning,Vacuum Cleaner,North,Uttar Pradesh,Prayagraj,13972.0,1,0.0,10768.39,Debit Card,Shipped
ORD-11930,2025-04-21,CUST-1767,Kavita Kumar,Office Supplies,Equipment,Paper Shredder,East,Jharkhand,Ranchi,26095.0,4,0.15,21680.49,Cash on Delivery,Cancelled
ORD-11931,2025-11-28,CUST-1419,Ritu Agarwal,Home Appliances,Cooling,Air Cooler,North,Punjab,Jalandhar,57789.8,4,0.15,42584.73,Credit Card,Cancelled
ORD-11932,2025-11-11,CUST-1017,Neha Singh,Office Supplies,Stationery,Stapler,West,Madhya Pradesh,Indore,985.5,5,0.1,768.28,Credit Card,Cancelled
ORD-11933,2025-04-29,CUST-1004,Sanjay Patel,Office Supplies,Stationery,Pen Set,South,Kerala,Thiruvananthapuram,1687.2,3,0.05,1275.16,Net Banking,Delivered
ORD-11934,2025-03-21,CUST-1069,Arjun Sharma,Electronics,Accessories,Mouse,West,Maharashtra,Pune,1497.7,1,0.15,1013.77,Credit Card,Delivered
ORD-11935,2025-10-10,CUST-1605,Anil Kumar,Office Supplies,Paper,Copy Paper,East,Odisha,Bhubaneswar,945.0,3,0.0,611.41,Cash on Delivery,Delivered
ORD-11936,2025-05-25,CUST-1106,Amit Singh,Furniture,Storage,Filing Cabinet,South,Andhra Pradesh,Visakhapatnam,49538.0,5,0.15,33563.16,Net Banking,Delivered
ORD-11937,2025-06-04,CUST-1098,Manish Verma,Furniture,Office Furniture,Office Chair,South,Telangana,Hyderabad,36242.1,3,0.1,23517.46,Net Banking,Returned
ORD-11938,2025-06-12,CUST-1548,Anil Mishra,Furniture,Lighting,Table Lamp,South,Andhra Pradesh,Visakhapatnam,7711.2,4,0.1,6317.06,Cash on Delivery,Delivered
ORD-11939,2025-10-23,CUST-1536,Varun Verma,Office Supplies,Paper,Printer Paper,South,Andhra Pradesh,Visakhapatnam,1746.0,4,0.1,1378.42,Credit Card,Delivered
ORD-11940,2025-10-03,CUST-1211,Rohit Patel,Electronics,Laptops,Dell Laptop,South,Telangana,Hyderabad,244174.5,5,0.1,199377.55,Credit Card,Delivered
ORD-11941,2025-03-07,CUST-1721,Meena Singh,Office Supplies,Equipment,Paper Shredder,West,Gujarat,Ahmedabad,20502.0,2,0.0,16608.75,UPI,Delivered
ORD-11942,2025-02-02,CUST-1528,Priya Singh,Electronics,Laptops,Lenovo Laptop,East,Bihar,Gaya,173945.0,4,0.05,115215.02,Debit Card,Cancelled
ORD-11943,2025-07-02,CUST-1372,Manish Sharma,Electronics,Smartphones,Samsung Galaxy,North,Punjab,Ludhiana,112359.0,3,0.0,80049.61,Cash on Delivery,Delivered
ORD-11944,2025-12-10,CUST-1730,Rohit Sharma,Office Supplies,Paper,Copy Paper,East,Odisha,Cuttack,2138.6,4,0.15,1410.08,Debit Card,Delivered
ORD-11945,2025-06-05,CUST-1123,Nisha Singh,Office Supplies,Paper,Printer Paper,North,Delhi,Delhi,416.7,1,0.1,321.32,Cash on Delivery,Cancelled
ORD-11946,2025-02-22,CUST-1024,Anjali Verma,Electronics,Laptops,Dell Laptop,East,Jharkhand,Ranchi,126135.3,2,0.05,100910.19,UPI,Delivered
ORD-11947,2025-10-02,CUST-1145,Anjali Jain,Electronics,Accessories,Mouse,South,Tamil Nadu,Madurai,4073.2,4,0.15,3294.87,Cash on Delivery,Returned
ORD-11948,2025-07-15,CUST-1150,Amit Jain,Electronics,Laptops,HP Laptop,South,Telangana,Warangal,181359.75,3,0.05,115125.01,Debit Card,Delivered
ORD-11949,2025-03-08,CUST-1779,Vikas Jain,Furniture,Office Furniture,Office Chair,East,West Bengal,Kolkata,13237.9,1,0.15,10963.86,Debit Card,Shipped
ORD-11950,2025-06-23,CUST-1631,Sneha Singh,Home Appliances,Kitchen,Mixer Grinder,West,Gujarat,Vadodara,26820.0,5,0.0,18071.59,Credit Card,Cancelled
ORD-11951,2025-01-23,CUST-1340,Ritu Sharma,Electronics,Accessories,Keyboard,South,Andhra Pradesh,Visakhapatnam,9186.0,3,0.0,5910.05,Credit Card,Delivered
ORD-11952,2025-01-07,CUST-1429,Neha Kumar,Home Appliances,Cooling,Air Cooler,East,Odisha,Cuttack,14210.4,1,0.2,8608.99,UPI,Cancelled
ORD-11953,2025-09-15,CUST-1747,Shweta Jain,Office Supplies,Stationery,Notebook,West,Madhya Pradesh,Indore,269.1,1,0.1,203.64,Debit Card,Delivered
ORD-11954,2025-03-10,CUST-1226,Ritu Jain,Office Supplies,Paper,Printer Paper,East,Jharkhand,Jamshedpur,301.75,1,0.15,230.76,UPI,Delivered
ORD-11955,2025-11-28,CUST-1132,Vikas Patel,Furniture,Lighting,LED Desk Lamp,North,Uttar Pradesh,Lucknow,1822.4,1,0.15,1471.91,Debit Card,Cancelled
ORD-11956,2025-08-17,CUST-1082,Shweta Patel,Furniture,Storage,Filing Cabinet,North,Delhi,New Delhi,32486.4,3,0.2,25969.94,Debit Card,Cancelled
ORD-11957,2025-05-06,CUST-1574,Sanjay Patel,Electronics,Monitors,LG Monitor,West,Goa,Panaji,47542.5,5,0.1,31299.11,Net Banking,Delivered
ORD-11958,2025-10-15,CUST-1246,Shweta Mishra,Furniture,Lighting,Table Lamp,North,Haryana,Faridabad,10245.75,5,0.05,6470.43,Net Banking,Delivered
ORD-11959,2025-01-05,CUST-1570,Arjun Jain,Home Appliances,Cooling,Air Cooler,East,Jharkhand,Jamshedpur,39294.0,5,0.1,31182.72,Cash on Delivery,Cancelled
ORD-11960,2025-04-06,CUST-1163,Ritu Singh,Furniture,Office Furniture,Office Chair,North,Uttar Pradesh,Prayagraj,25305.0,3,0.0,17946.24,Cash on Delivery,Shipped
ORD-11961,2025-06-25,CUST-1438,Nisha Kumar,Home Appliances,Cooling,Air Cooler,East,Jharkhand,Jamshedpur,56430.0,5,0.1,38428.09,Cash on Delivery,Delivered
ORD-11962,2025-09-03,CUST-1276,Arjun Patel,Furniture,Office Furniture,Office Chair,West,Madhya Pradesh,Indore,43955.55,3,0.05,27265.2,Net Banking,Delivered
ORD-11963,2025-06-26,CUST-1701,Priya Patel,Office Supplies,Equipment,Paper Shredder,South,Andhra Pradesh,Visakhapatnam,14136.0,3,0.0,10975.73,Debit Card,Shipped
ORD-11964,2025-07-17,CUST-1701,Sanjay Yadav,Electronics,Accessories,Mouse,East,Odisha,Bhubaneswar,5329.5,3,0.05,3555.07,Net Banking,Delivered
ORD-11965,2025-06-12,CUST-1074,Neha Yadav,Home Appliances,Cooling,Air Cooler,West,Maharashtra,Nashik,35678.0,2,0.0,29554.9,UPI,Shipped
ORD-11966,2025-04-16,CUST-1360,Ritu Singh,Furniture,Office Furniture,Office Chair,North,Uttar Pradesh,Noida,36796.5,3,0.15,28077.64,Credit Card,Delivered
ORD-11967,2025-05-24,CUST-1149,Vikas Jain,Furniture,Storage,Storage Cabinet,West,Gujarat,Surat,60260.0,4,0.0,44708.79,Cash on Delivery,Returned
ORD-11968,2025-05-11,CUST-1447,Rahul Verma,Furniture,Office Furniture,Office Desk,North,Punjab,Ludhiana,40820.0,5,0.0,33048.95,Debit Card,Returned
ORD-11969,2025-04-23,CUST-1450,Deepak Mishra,Electronics,Monitors,LG Monitor,East,Jharkhand,Jamshedpur,45724.05,3,0.15,37502.31,Debit Card,Delivered
ORD-11970,2025-10-27,CUST-1158,Pooja Sharma,Home Appliances,Cooling,Air Cooler,East,Jharkhand,Jamshedpur,32912.0,4,0.0,24923.65,Credit Card,Delivered
ORD-11971,2025-12-23,CUST-1307,Meena Patel,Furniture,Lighting,LED Desk Lamp,North,Uttar Pradesh,Prayagraj,10716.0,4,0.05,8580.89,Debit Card,Cancelled
ORD-11972,2025-01-22,CUST-1175,Anil Mishra,Furniture,Office Furniture,Bookshelf,West,Gujarat,Vadodara,41176.8,4,0.1,33710.95,Cash on Delivery,Delivered
ORD-11973,2025-02-15,CUST-1163,Pooja Singh,Office Supplies,Paper,Copy Paper,East,Odisha,Bhubaneswar,1737.0,5,0.1,1367.19,UPI,Delivered
ORD-11974,2025-10-15,CUST-1625,Amit Agarwal,Electronics,Accessories,Mouse,West,Maharashtra,Mumbai,6048.0,3,0.0,3860.4,Debit Card,Delivered
ORD-11975,2025-02-19,CUST-1315,Meena Singh,Electronics,Accessories,Mouse,West,Gujarat,Vadodara,12905.75,5,0.05,9421.24,Credit Card,Shipped
ORD-11976,2025-11-26,CUST-1345,Shweta Agarwal,Home Appliances,Cleaning,Vacuum Cleaner,West,Madhya Pradesh,Indore,43623.0,3,0.0,31423.92,Debit Card,Delivered
ORD-11977,2025-06-05,CUST-1743,Meena Kumar,Home Appliances,Cooling,Air Cooler,South,Telangana,Hyderabad,27604.8,4,0.1,22496.69,Cash on Delivery,Delivered
ORD-11978,2025-03-14,CUST-1744,Amit Patel,Home Appliances,Cooling,Air Cooler,West,Maharashtra,Nashik,21178.8,3,0.1,13821.86,Cash on Delivery,Delivered
ORD-11979,2025-08-27,CUST-1128,Rahul Sharma,Office Supplies,Paper,Copy Paper,North,Uttar Pradesh,Varanasi,1155.6,2,0.1,870.91,Debit Card,Delivered
ORD-11980,2025-12-06,CUST-1074,Arjun Jain,Office Supplies,Paper,Copy Paper,East,Bihar,Patna,1793.5,5,0.15,1190.24,Credit Card,Delivered
ORD-11981,2025-05-19,CUST-1664,Sneha Kumar,Office Supplies,Equipment,Paper Shredder,North,Haryana,Panipat,18409.6,4,0.2,14107.24,Credit Card,Delivered
ORD-11982,2025-03-16,CUST-1550,Neha Mishra,Home Appliances,Cooling,Air Cooler,West,Maharashtra,Nagpur,38185.6,4,0.2,23844.24,Net Banking,Delivered
ORD-11983,2025-01-23,CUST-1160,Ritu Kumar,Furniture,Office Furniture,Office Chair,North,Delhi,Delhi,36825.0,3,0.0,24862.24,Net Banking,Delivered
ORD-11984,2025-05-09,CUST-1411,Shweta Agarwal,Home Appliances,Cooling,Air Cooler,North,Punjab,Jalandhar,21530.0,2,0.0,15910.51,Debit Card,Shipped
ORD-11985,2025-06-24,CUST-1043,Ritu Gupta,Home Appliances,Kitchen,Mixer Grinder,East,Odisha,Cuttack,10290.4,4,0.05,7739.62,Net Banking,Delivered
ORD-11986,2025-01-10,CUST-1080,Kavita Mishra,Home Appliances,Cooling,Air Cooler,North,Uttar Pradesh,Lucknow,43315.2,4,0.2,34550.13,Debit Card,Shipped
ORD-11987,2025-01-18,CUST-1501,Nisha Yadav,Office Supplies,Equipment,Calculator,South,Andhra Pradesh,Visakhapatnam,8933.8,4,0.05,5605.61,Debit Card,Shipped
ORD-11988,2025-05-02,CUST-1681,Nisha Patel,Furniture,Storage,Filing Cabinet,East,Jharkhand,Jamshedpur,49305.0,4,0.05,34119.24,Debit Card,Cancelled
ORD-11989,2025-09-27,CUST-1609,Anjali Sharma,Furniture,Office Furniture,Bookshelf,East,West Bengal,Siliguri,33804.0,5,0.1,26866.49,Credit Card,Delivered
ORD-11990,2025-06-26,CUST-1110,Manish Patel,Furniture,Office Furniture,Bookshelf,North,Uttar Pradesh,Varanasi,34492.6,4,0.05,24942.45,Debit Card,Shipped
ORD-11991,2025-04-27,CUST-1443,Pooja Gupta,Home Appliances,Kitchen,Electric Kettle,West,Madhya Pradesh,Indore,9390.0,3,0.0,6094.15,UPI,Cancelled
ORD-11992,2025-01-27,CUST-1468,Deepak Mishra,Home Appliances,Kitchen,Electric Kettle,East,Odisha,Bhubaneswar,4565.7,2,0.05,3822.16,Net Banking,Delivered
ORD-11993,2025-08-30,CUST-1606,Arjun Verma,Home Appliances,Cooling,Air Cooler,South,Andhra Pradesh,Visakhapatnam,7664.6,1,0.05,6432.35,Credit Card,Delivered
ORD-11994,2025-05-16,CUST-1642,Sanjay Mishra,Electronics,Accessories,Headphones,South,Kerala,Kochi,26832.75,5,0.05,21753.99,Cash on Delivery,Returned
ORD-11995,2025-06-06,CUST-1404,Priya Agarwal,Office Supplies,Equipment,Calculator,West,Goa,Margao,2280.6,2,0.1,1528.1,UPI,Delivered
ORD-11996,2025-09-24,CUST-1100,Nisha Mishra,Home Appliances,Kitchen,Electric Kettle,North,Delhi,Delhi,2264.8,1,0.05,1391.68,Cash on Delivery,Returned
ORD-11997,2025-11-28,CUST-1659,Nisha Verma,Office Supplies,Stationery,Stapler,South,Kerala,Thiruvananthapuram,1974.0,3,0.0,1312.79,Credit Card,Delivered
ORD-11998,2025-01-15,CUST-1077,Arjun Jain,Office Supplies,Paper,Printer Paper,South,Tamil Nadu,Chennai,290.7,1,0.05,206.61,Cash on Delivery,Delivered
ORD-11999,2025-07-19,CUST-1012,Manish Sharma,Home Appliances,Cleaning,Vacuum Cleaner,East,Jharkhand,Jamshedpur,21985.25,5,0.15,16826.41,Net Banking,Delivered
ORD-12000,2025-02-25,CUST-1557,Deepak Agarwal,Electronics,Accessories,Mouse,East,Bihar,Gaya,2614.6,4,0.15,1690.04,UPI,Delivered
ORD-12001,2025-03-17,CUST-1043,Varun Jain,Electronics,Accessories,Headphones,East,West Bengal,Siliguri,2595.4,2,0.05,2132.15,Credit Card,Delivered
ORD-12002,2025-06-02,CUST-1671,Priya Yadav,Office Supplies,Stationery,Stapler,West,Madhya Pradesh,Indore,998.75,5,0.15,608.49,Credit Card,Shipped
ORD-12003,2025-12-16,CUST-1021,Pooja Kumar,Home Appliances,Cooling,Air Cooler,North,Rajasthan,Kota,20687.2,2,0.05,14151.56,UPI,Cancelled
ORD-12004,2025-11-02,CUST-1462,Rahul Verma,Electronics,Smartphones,Redmi Phone,North,Punjab,Jalandhar,58636.0,5,0.2,40917.08,UPI,Delivered
ORD-12005,2025-05-22,CUST-1180,Rohit Mishra,Furniture,Lighting,LED Desk Lamp,South,Karnataka,Mangaluru,4552.4,2,0.05,3188.42,UPI,Delivered
ORD-12006,2025-03-31,CUST-1116,Anjali Patel,Home Appliances,Cleaning,Vacuum Cleaner,North,Rajasthan,Kota,24562.25,5,0.05,20047.95,Cash on Delivery,Delivered
ORD-12007,2025-04-12,CUST-1792,Neha Jain,Furniture,Lighting,Table Lamp,South,Andhra Pradesh,Visakhapatnam,2224.8,1,0.1,1584.41,Debit Card,Returned
ORD-12008,2025-02-13,CUST-1492,Varun Mishra,Office Supplies,Stationery,Notebook,West,Madhya Pradesh,Bhopal,952.0,2,0.0,643.61,UPI,Delivered
ORD-12009,2025-10-06,CUST-1251,Manish Verma,Electronics,Smartphones,iPhone,West,Goa,Margao,423695.0,5,0.0,306414.31,Net Banking,Delivered
ORD-12010,2025-09-06,CUST-1717,Amit Gupta,Home Appliances,Kitchen,Electric Kettle,North,Punjab,Amritsar,3707.85,3,0.05,2459.83,Net Banking,Delivered
ORD-12011,2025-06-18,CUST-1096,Pooja Kumar,Furniture,Office Furniture,Office Desk,South,Andhra Pradesh,Visakhapatnam,65928.0,4,0.0,52018.08,Net Banking,Returned
ORD-12012,2025-07-26,CUST-1469,Kavita Yadav,Office Supplies,Stationery,Pen Set,North,Uttar Pradesh,Noida,1850.4,3,0.2,1479.88,Net Banking,Cancelled
ORD-12013,2025-11-22,CUST-1685,Deepak Verma,Furniture,Office Furniture,Office Chair,East,Bihar,Patna,36987.75,3,0.15,29113.21,Net Banking,Delivered
ORD-12014,2025-09-13,CUST-1271,Priya Verma,Office Supplies,Equipment,Calculator,North,Punjab,Jalandhar,4764.25,5,0.15,3722.5,Credit Card,Returned
ORD-12015,2025-03-01,CUST-1555,Anil Mishra,Office Supplies,Stationery,Pen Set,East,West Bengal,Siliguri,452.0,1,0.2,359.28,Cash on Delivery,Delivered
ORD-12016,2025-10-24,CUST-1736,Varun Agarwal,Electronics,Laptops,ASUS Laptop,East,West Bengal,Kolkata,322898.0,5,0.15,218494.86,Net Banking,Delivered
ORD-12017,2025-05-29,CUST-1690,Neha Yadav,Home Appliances,Kitchen,Mixer Grinder,West,Madhya Pradesh,Bhopal,15195.6,4,0.1,11043.06,Debit Card,Cancelled
ORD-12018,2025-01-13,CUST-1777,Manish Patel,Office Supplies,Equipment,Paper Shredder,North,Rajasthan,Kota,49635.0,5,0.1,38983.86,UPI,Returned
ORD-12019,2025-08-11,CUST-1389,Shweta Patel,Furniture,Lighting,Table Lamp,South,Kerala,Kochi,11004.0,4,0.0,8321.21,Net Banking,Delivered
ORD-12020,2025-08-22,CUST-1450,Meena Mishra,Home Appliances,Kitchen,Microwave,East,West Bengal,Kolkata,25741.4,2,0.15,19236.93,Net Banking,Delivered
ORD-12021,2025-12-10,CUST-1088,Rahul Agarwal,Furniture,Lighting,LED Desk Lamp,South,Telangana,Hyderabad,3534.0,2,0.0,2479.87,Credit Card,Delivered
ORD-12022,2025-04-14,CUST-1168,Deepak Gupta,Furniture,Lighting,Table Lamp,South,Karnataka,Bengaluru,4962.3,3,0.15,3005.36,Net Banking,Returned
ORD-12023,2025-12-29,CUST-1029,Pooja Patel,Electronics,Accessories,Headphones,West,Gujarat,Vadodara,18126.0,3,0.05,11739.89,Net Banking,Shipped
ORD-12024,2025-07-20,CUST-1331,Vikas Patel,Office Supplies,Stationery,Pen Set,West,Maharashtra,Pune,113.05,1,0.15,92.18,Debit Card,Delivered
ORD-12025,2025-09-29,CUST-1570,Priya Kumar,Electronics,Laptops,HP Laptop,East,Odisha,Bhubaneswar,136250.1,3,0.1,93674.1,Debit Card,Delivered
ORD-12026,2025-09-29,CUST-1007,Priya Gupta,Furniture,Storage,Storage Cabinet,East,Jharkhand,Jamshedpur,11086.4,1,0.2,9034.42,Net Banking,Shipped
ORD-12027,2025-09-29,CUST-1653,Kavita Jain,Electronics,Smartphones,OnePlus Phone,East,West Bengal,Kolkata,62732.3,2,0.05,51561.46,Net Banking,Delivered
ORD-12028,2025-02-17,CUST-1637,Priya Jain,Furniture,Lighting,LED Desk Lamp,East,Jharkhand,Ranchi,13379.0,5,0.15,8560.82,Cash on Delivery,Delivered
ORD-12029,2025-04-14,CUST-1717,Anil Kumar,Home Appliances,Kitchen,Electric Kettle,South,Telangana,Warangal,2352.8,1,0.2,1642.43,Debit Card,Delivered
ORD-12030,2025-08-07,CUST-1009,Deepak Gupta,Home Appliances,Kitchen,Mixer Grinder,South,Andhra Pradesh,Vijayawada,9429.0,3,0.0,6078.87,Net Banking,Delivered
ORD-12031,2025-06-23,CUST-1702,Anil Singh,Electronics,Laptops,ASUS Laptop,North,Delhi,New Delhi,174150.0,3,0.1,145725.04,UPI,Delivered
ORD-12032,2025-05-22,CUST-1543,Sneha Patel,Office Supplies,Paper,Copy Paper,South,Karnataka,Bengaluru,878.4,2,0.1,669.83,UPI,Returned
ORD-12033,2025-02-20,CUST-1365,Sanjay Yadav,Furniture,Office Furniture,Office Chair,East,Odisha,Cuttack,20083.8,4,0.15,14734.25,Debit Card,Delivered
ORD-12034,2025-10-05,CUST-1194,Manish Sharma,Furniture,Lighting,Table Lamp,West,Madhya Pradesh,Bhopal,11960.0,4,0.0,8450.47,UPI,Returned
ORD-12035,2025-05-13,CUST-1344,Kavita Patel,Home Appliances,Cleaning,Vacuum Cleaner,South,Tamil Nadu,Chennai,37011.6,3,0.1,26834.96,UPI,Shipped
ORD-12036,2025-11-21,CUST-1472,Amit Verma,Home Appliances,Cleaning,Vacuum Cleaner,West,Maharashtra,Mumbai,8724.8,2,0.2,5516.53,UPI,Shipped
ORD-12037,2025-03-08,CUST-1048,Rohit Jain,Furniture,Office Furniture,Office Chair,South,Andhra Pradesh,Visakhapatnam,24238.6,2,0.15,19644.04,Debit Card,Shipped
ORD-12038,2025-11-28,CUST-1203,Sneha Patel,Electronics,Monitors,Samsung Monitor,West,Gujarat,Vadodara,61722.0,3,0.0,38226.37,Credit Card,Returned
ORD-12039,2025-11-06,CUST-1662,Kavita Verma,Home Appliances,Cleaning,Vacuum Cleaner,West,Gujarat,Ahmedabad,18395.1,3,0.1,15243.74,Debit Card,Shipped
ORD-12040,2025-08-28,CUST-1244,Shweta Yadav,Office Supplies,Equipment,Calculator,South,Kerala,Kochi,9580.0,5,0.2,6317.37,UPI,Delivered
ORD-12041,2025-06-03,CUST-1669,Shweta Agarwal,Home Appliances,Cleaning,Vacuum Cleaner,East,Bihar,Gaya,28120.95,3,0.05,21339.28,Credit Card,Cancelled
ORD-12042,2025-06-25,CUST-1312,Meena Agarwal,Office Supplies,Paper,Printer Paper,East,Bihar,Gaya,1233.9,3,0.1,809.07,Cash on Delivery,Returned
ORD-12043,2025-12-13,CUST-1664,Rahul Singh,Electronics,Monitors,Dell Monitor,North,Delhi,Delhi,61032.0,3,0.2,49804.31,UPI,Cancelled
ORD-12044,2025-01-16,CUST-1739,Rahul Patel,Home Appliances,Cooling,Air Cooler,West,Maharashtra,Mumbai,33102.4,4,0.15,23297.47,Debit Card,Delivered
ORD-12045,2025-07-27,CUST-1392,Vikas Singh,Electronics,Smartphones,Redmi Phone,West,Goa,Panaji,87835.0,5,0.0,65775.96,UPI,Cancelled
ORD-12046,2025-05-18,CUST-1645,Rahul Verma,Furniture,Office Furniture,Bookshelf,West,Gujarat,Surat,10961.1,1,0.05,8822.57,Net Banking,Delivered
ORD-12047,2025-02-03,CUST-1265,Sneha Mishra,Electronics,Monitors,Dell Monitor,East,West Bengal,Kolkata,82170.25,5,0.05,69411.09,Cash on Delivery,Shipped
ORD-12048,2025-05-20,CUST-1460,Varun Singh,Office Supplies,Equipment,Paper Shredder,South,Andhra Pradesh,Vijayawada,38987.8,4,0.15,31068.57,UPI,Delivered
ORD-12049,2025-05-08,CUST-1610,Amit Singh,Office Supplies,Paper,Printer Paper,South,Kerala,Kochi,1664.0,4,0.0,1016.17,Credit Card,Delivered
ORD-12050,2025-11-06,CUST-1577,Amit Patel,Office Supplies,Paper,Copy Paper,North,Uttar Pradesh,Noida,522.0,1,0.1,352.49,Net Banking,Shipped
ORD-12051,2025-09-08,CUST-1256,Priya Mishra,Furniture,Lighting,Table Lamp,West,Maharashtra,Nagpur,1952.0,1,0.2,1411.64,Credit Card,Cancelled
ORD-12052,2025-12-28,CUST-1768,Rahul Yadav,Furniture,Lighting,Table Lamp,East,Odisha,Cuttack,4190.4,3,0.2,2933.54,UPI,Delivered
ORD-12053,2025-06-13,CUST-1218,Shweta Singh,Home Appliances,Cooling,Air Cooler,West,Gujarat,Vadodara,38423.7,3,0.05,25437.64,Cash on Delivery,Delivered
ORD-12054,2025-04-24,CUST-1253,Amit Agarwal,Furniture,Lighting,Table Lamp,South,Telangana,Warangal,1463.0,1,0.05,1032.55,UPI,Returned
ORD-12055,2025-04-02,CUST-1157,Varun Agarwal,Furniture,Lighting,LED Desk Lamp,West,Maharashtra,Nagpur,2327.5,2,0.05,1530.42,UPI,Delivered
ORD-12056,2025-02-07,CUST-1410,Rahul Singh,Electronics,Laptops,ASUS Laptop,South,Tamil Nadu,Coimbatore,62065.8,1,0.1,42270.94,Net Banking,Delivered
ORD-12057,2025-10-28,CUST-1274,Rahul Kumar,Office Supplies,Paper,Copy Paper,South,Tamil Nadu,Madurai,858.0,3,0.0,642.16,Credit Card,Delivered
ORD-12058,2025-07-10,CUST-1090,Vikas Mishra,Home Appliances,Cooling,Air Cooler,South,Andhra Pradesh,Vijayawada,35591.75,5,0.05,28671.78,Debit Card,Delivered
ORD-12059,2025-06-28,CUST-1733,Deepak Kumar,Electronics,Monitors,Samsung Monitor,West,Maharashtra,Nashik,125233.2,4,0.1,86346.49,UPI,Delivered
ORD-12060,2025-08-10,CUST-1237,Sanjay Jain,Furniture,Office Furniture,Office Desk,South,Telangana,Warangal,20378.45,1,0.05,16533.93,UPI,Cancelled
ORD-12061,2025-12-09,CUST-1550,Neha Yadav,Electronics,Laptops,ASUS Laptop,South,Telangana,Hyderabad,179258.4,4,0.1,109416.44,Credit Card,Delivered
ORD-12062,2025-06-10,CUST-1622,Nisha Yadav,Home Appliances,Kitchen,Microwave,West,Madhya Pradesh,Indore,17909.5,2,0.15,10853.06,Cash on Delivery,Delivered
ORD-12063,2025-10-31,CUST-1039,Rohit Sharma,Electronics,Laptops,Dell Laptop,North,Punjab,Amritsar,253941.75,5,0.15,205125.13,Cash on Delivery,Shipped
ORD-12064,2025-10-13,CUST-1101,Nisha Patel,Home Appliances,Cooling,Air Cooler,South,Karnataka,Mysuru,31942.4,4,0.2,23341.93,Net Banking,Shipped
ORD-12065,2025-08-31,CUST-1725,Nisha Mishra,Office Supplies,Paper,Printer Paper,North,Rajasthan,Kota,1713.0,3,0.0,1310.8,Net Banking,Delivered
ORD-12066,2025-07-24,CUST-1777,Nisha Jain,Furniture,Lighting,Table Lamp,South,Kerala,Thiruvananthapuram,2623.9,1,0.05,2043.06,Credit Card,Returned
ORD-12067,2025-01-01,CUST-1742,Nisha Verma,Furniture,Storage,Filing Cabinet,West,Madhya Pradesh,Bhopal,32076.0,3,0.1,19387.88,Cash on Delivery,Delivered
ORD-12068,2025-12-31,CUST-1800,Amit Jain,Home Appliances,Cooling,Air Cooler,South,Karnataka,Mysuru,14859.9,1,0.1,10203.85,Debit Card,Shipped
ORD-12069,2025-10-08,CUST-1210,Anjali Agarwal,Home Appliances,Cleaning,Vacuum Cleaner,North,Punjab,Amritsar,35865.6,4,0.2,26137.97,Net Banking,Delivered
ORD-12070,2025-07-10,CUST-1071,Nisha Mishra,Home Appliances,Cleaning,Vacuum Cleaner,East,West Bengal,Kolkata,20678.4,4,0.1,15864.65,Debit Card,Returned
ORD-12071,2025-07-25,CUST-1213,Varun Gupta,Home Appliances,Kitchen,Electric Kettle,North,Rajasthan,Jaipur,2132.0,2,0.0,1351.0,Cash on Delivery,Returned
ORD-12072,2025-06-27,CUST-1439,Priya Gupta,Home Appliances,Kitchen,Mixer Grinder,South,Kerala,Thiruvananthapuram,5633.8,2,0.15,4077.64,Cash on Delivery,Delivered
ORD-12073,2025-02-25,CUST-1607,Sanjay Yadav,Home Appliances,Cooling,Air Cooler,North,Punjab,Amritsar,7310.25,1,0.05,4866.11,UPI,Delivered
ORD-12074,2025-07-11,CUST-1298,Priya Mishra,Office Supplies,Equipment,Calculator,North,Uttar Pradesh,Varanasi,10120.0,5,0.0,7756.49,Cash on Delivery,Shipped
ORD-12075,2025-04-17,CUST-1582,Sneha Yadav,Furniture,Storage,Storage Cabinet,East,Bihar,Gaya,11797.1,1,0.05,7117.16,Debit Card,Delivered
ORD-12076,2025-09-27,CUST-1226,Rahul Sharma,Office Supplies,Stationery,Pen Set,North,Rajasthan,Jaipur,1312.2,2,0.1,990.21,Credit Card,Delivered
ORD-12077,2025-09-09,CUST-1709,Arjun Verma,Office Supplies,Paper,Copy Paper,East,Jharkhand,Jamshedpur,819.2,2,0.2,593.21,Credit Card,Delivered
ORD-12078,2025-02-21,CUST-1535,Meena Yadav,Furniture,Storage,Storage Cabinet,South,Tamil Nadu,Coimbatore,27648.0,4,0.0,17735.73,Credit Card,Delivered
ORD-12079,2025-03-08,CUST-1230,Varun Sharma,Home Appliances,Kitchen,Mixer Grinder,West,Madhya Pradesh,Indore,8491.5,3,0.1,6195.94,UPI,Returned
ORD-12080,2025-05-15,CUST-1105,Ritu Singh,Home Appliances,Cleaning,Vacuum Cleaner,North,Punjab,Ludhiana,13884.0,1,0.0,11280.06,Credit Card,Shipped
ORD-12081,2025-03-07,CUST-1500,Ritu Jain,Electronics,Accessories,Keyboard,West,Goa,Margao,4100.4,4,0.1,2604.3,Net Banking,Shipped
ORD-12082,2025-06-15,CUST-1565,Varun Kumar,Furniture,Office Furniture,Office Desk,West,Gujarat,Ahmedabad,57996.0,5,0.1,42579.08,Net Banking,Delivered
ORD-12083,2025-02-06,CUST-1251,Kavita Gupta,Office Supplies,Stationery,Notebook,East,West Bengal,Siliguri,124.8,1,0.2,75.86,Credit Card,Delivered
ORD-12084,2025-12-14,CUST-1390,Shweta Verma,Home Appliances,Kitchen,Microwave,West,Maharashtra,Pune,6660.9,1,0.1,4752.89,UPI,Returned
ORD-12085,2025-09-14,CUST-1582,Rohit Verma,Furniture,Storage,Storage Cabinet,South,Telangana,Warangal,48569.6,4,0.2,37266.01,Credit Card,Delivered
ORD-12086,2025-02-02,CUST-1047,Deepak Kumar,Furniture,Office Furniture,Bookshelf,North,Punjab,Ludhiana,4652.8,1,0.2,3528.55,Debit Card,Delivered
ORD-12087,2025-06-25,CUST-1088,Deepak Singh,Electronics,Monitors,LG Monitor,West,Maharashtra,Nashik,32841.6,4,0.2,22670.22,UPI,Shipped
ORD-12088,2025-05-21,CUST-1049,Pooja Agarwal,Home Appliances,Cooling,Air Cooler,North,Punjab,Jalandhar,6038.2,1,0.05,3780.77,Debit Card,Returned
ORD-12089,2025-07-19,CUST-1279,Priya Agarwal,Office Supplies,Equipment,Paper Shredder,South,Tamil Nadu,Coimbatore,31005.0,5,0.0,22129.77,Debit Card,Delivered
ORD-12090,2025-04-24,CUST-1220,Kavita Kumar,Furniture,Office Furniture,Bookshelf,West,Madhya Pradesh,Bhopal,6584.95,1,0.15,5182.02,Cash on Delivery,Delivered
ORD-12091,2025-02-15,CUST-1191,Pooja Kumar,Electronics,Smartphones,OnePlus Phone,North,Uttar Pradesh,Noida,196383.6,4,0.1,129305.97,UPI,Cancelled
ORD-12092,2025-11-27,CUST-1570,Rahul Mishra,Electronics,Laptops,HP Laptop,East,Jharkhand,Ranchi,49993.6,1,0.2,35071.09,Debit Card,Delivered
ORD-12093,2025-07-28,CUST-1097,Sanjay Mishra,Home Appliances,Cleaning,Vacuum Cleaner,South,Kerala,Kochi,8161.7,1,0.15,5489.95,Cash on Delivery,Delivered
ORD-12094,2025-08-26,CUST-1614,Varun Jain,Electronics,Accessories,Keyboard,East,Odisha,Cuttack,4920.0,2,0.0,2983.18,UPI,Delivered
ORD-12095,2025-08-28,CUST-1005,Anil Agarwal,Office Supplies,Equipment,Paper Shredder,East,Bihar,Gaya,26676.0,5,0.05,21446.66,UPI,Delivered
ORD-12096,2025-09-28,CUST-1106,Rohit Verma,Electronics,Laptops,Lenovo Laptop,East,West Bengal,Siliguri,197353.0,5,0.05,163897.41,Debit Card,Delivered
ORD-12097,2025-05-31,CUST-1089,Neha Mishra,Furniture,Office Furniture,Office Chair,East,Jharkhand,Jamshedpur,39856.0,5,0.2,31191.42,Debit Card,Delivered
ORD-12098,2025-03-24,CUST-1235,Shweta Verma,Furniture,Storage,Filing Cabinet,East,West Bengal,Kolkata,5316.3,1,0.1,4010.07,Cash on Delivery,Shipped
ORD-12099,2025-04-03,CUST-1394,Pooja Mishra,Home Appliances,Cooling,Air Cooler,South,Kerala,Kochi,13090.0,2,0.15,8562.35,Cash on Delivery,Returned
ORD-12100,2025-06-05,CUST-1782,Anjali Singh,Furniture,Lighting,LED Desk Lamp,West,Madhya Pradesh,Bhopal,11430.0,5,0.1,9629.06,Credit Card,Returned
ORD-12101,2025-11-15,CUST-1158,Sneha Yadav,Electronics,Smartphones,iPhone,East,West Bengal,Siliguri,340780.0,5,0.0,280678.87,Net Banking,Shipped
ORD-12102,2025-07-19,CUST-1451,Rahul Yadav,Electronics,Accessories,Keyboard,North,Punjab,Amritsar,6465.6,3,0.2,4081.89,UPI,Delivered
ORD-12103,2025-03-11,CUST-1348,Amit Yadav,Home Appliances,Cleaning,Vacuum Cleaner,South,Telangana,Warangal,23532.8,2,0.2,18202.4,Net Banking,Delivered
ORD-12104,2025-02-22,CUST-1304,Priya Mishra,Furniture,Storage,Filing Cabinet,East,West Bengal,Kolkata,21190.4,4,0.2,17935.37,Net Banking,Cancelled
ORD-12105,2025-10-26,CUST-1155,Neha Mishra,Office Supplies,Stationery,Stapler,South,Andhra Pradesh,Vijayawada,1096.0,2,0.0,659.54,UPI,Returned
ORD-12106,2025-02-26,CUST-1684,Rahul Verma,Home Appliances,Kitchen,Electric Kettle,West,Madhya Pradesh,Bhopal,5721.6,4,0.2,3801.89,Debit Card,Returned
ORD-12107,2025-11-16,CUST-1642,Ritu Verma,Electronics,Laptops,Dell Laptop,South,Karnataka,Bengaluru,152622.0,2,0.1,116985.12,Net Banking,Returned
ORD-12108,2025-10-21,CUST-1640,Rahul Jain,Furniture,Lighting,Table Lamp,East,Jharkhand,Ranchi,945.9,1,0.1,724.87,Cash on Delivery,Delivered
ORD-12109,2025-09-10,CUST-1693,Kavita Gupta,Home Appliances,Kitchen,Electric Kettle,East,Odisha,Cuttack,3034.0,2,0.0,2406.04,Cash on Delivery,Shipped
ORD-12110,2025-03-11,CUST-1144,Amit Yadav,Home Appliances,Cleaning,Vacuum Cleaner,South,Karnataka,Mangaluru,45192.0,4,0.0,34324.17,Credit Card,Returned
ORD-12111,2025-01-15,CUST-1160,Manish Yadav,Furniture,Storage,Filing Cabinet,West,Maharashtra,Nashik,36602.4,3,0.2,27369.95,Net Banking,Returned
ORD-12112,2025-08-25,CUST-1445,Arjun Sharma,Electronics,Smartphones,OnePlus Phone,South,Tamil Nadu,Chennai,82005.6,3,0.2,52261.86,Net Banking,Returned
ORD-12113,2025-08-21,CUST-1105,Sanjay Yadav,Office Supplies,Stationery,Notebook,South,Kerala,Thiruvananthapuram,465.6,3,0.2,327.6,Debit Card,Delivered
ORD-12114,2025-06-04,CUST-1701,Ritu Kumar,Electronics,Laptops,HP Laptop,South,Kerala,Thiruvananthapuram,201386.7,3,0.05,131947.88,Net Banking,Delivered
ORD-12115,2025-01-13,CUST-1620,Ritu Sharma,Electronics,Monitors,LG Monitor,West,Madhya Pradesh,Indore,27611.4,3,0.15,21389.17,Credit Card,Returned
ORD-12116,2025-09-04,CUST-1544,Sneha Patel,Electronics,Smartphones,Samsung Galaxy,North,Delhi,Delhi,124174.5,3,0.05,89031.94,UPI,Delivered
ORD-12117,2025-04-02,CUST-1742,Pooja Yadav,Furniture,Storage,Storage Cabinet,North,Delhi,New Delhi,14768.0,1,0.0,9507.67,Debit Card,Delivered
ORD-12118,2025-12-03,CUST-1635,Shweta Patel,Home Appliances,Cooling,Air Cooler,East,Jharkhand,Ranchi,50494.25,5,0.15,41060.85,Debit Card,Returned
ORD-12119,2025-06-27,CUST-1070,Shweta Singh,Electronics,Laptops,HP Laptop,West,Madhya Pradesh,Indore,255097.8,4,0.05,216044.81,Net Banking,Delivered
ORD-12120,2025-04-22,CUST-1728,Ritu Yadav,Home Appliances,Cleaning,Vacuum Cleaner,South,Telangana,Warangal,6863.4,1,0.1,5744.79,Debit Card,Cancelled
ORD-12121,2025-03-24,CUST-1211,Manish Sharma,Office Supplies,Paper,Printer Paper,North,Rajasthan,Jaipur,504.0,1,0.2,390.53,Cash on Delivery,Delivered
ORD-12122,2025-11-18,CUST-1259,Nisha Singh,Electronics,Laptops,ASUS Laptop,East,Bihar,Patna,377102.5,5,0.05,234107.55,Net Banking,Delivered
ORD-12123,2025-08-07,CUST-1362,Varun Jain,Electronics,Accessories,Keyboard,West,Gujarat,Ahmedabad,849.6,1,0.2,605.17,UPI,Shipped
ORD-12124,2025-06-01,CUST-1142,Nisha Agarwal,Furniture,Storage,Storage Cabinet,West,Maharashtra,Nashik,27725.3,2,0.15,18896.5,Credit Card,Shipped
ORD-12125,2025-06-17,CUST-1362,Priya Verma,Electronics,Laptops,HP Laptop,North,Uttar Pradesh,Varanasi,219788.0,5,0.2,174104.16,Credit Card,Delivered
ORD-12126,2025-08-08,CUST-1178,Manish Sharma,Electronics,Accessories,Keyboard,North,Delhi,Delhi,3213.0,2,0.1,1958.55,Cash on Delivery,Delivered
ORD-12127,2025-01-02,CUST-1723,Manish Kumar,Home Appliances,Cleaning,Vacuum Cleaner,South,Telangana,Hyderabad,29235.75,5,0.15,23151.21,Credit Card,Returned
ORD-12128,2025-10-14,CUST-1031,Meena Verma,Electronics,Accessories,Mouse,East,Jharkhand,Ranchi,8316.0,5,0.2,5969.32,Debit Card,Delivered
ORD-12129,2025-05-08,CUST-1212,Amit Kumar,Electronics,Laptops,ASUS Laptop,West,Goa,Margao,62531.1,1,0.15,41644.2,Net Banking,Delivered
ORD-12130,2025-01-16,CUST-1703,Nisha Kumar,Electronics,Monitors,Samsung Monitor,West,Goa,Panaji,22141.65,1,0.15,14941.87,Cash on Delivery,Delivered
ORD-12131,2025-12-21,CUST-1175,Ritu Sharma,Electronics,Monitors,Dell Monitor,South,Telangana,Hyderabad,25428.0,3,0.2,21387.01,Net Banking,Shipped
ORD-12132,2025-10-21,CUST-1723,Anjali Verma,Furniture,Lighting,LED Desk Lamp,South,Karnataka,Mysuru,4713.9,3,0.05,3648.93,Credit Card,Cancelled
ORD-12133,2025-10-10,CUST-1050,Priya Jain,Office Supplies,Stationery,Pen Set,South,Kerala,Thiruvananthapuram,426.6,3,0.1,308.96,Net Banking,Delivered
ORD-12134,2025-06-24,CUST-1765,Manish Patel,Electronics,Laptops,Lenovo Laptop,West,Maharashtra,Mumbai,110293.2,2,0.1,80142.96,Net Banking,Returned
ORD-12135,2025-04-03,CUST-1475,Kavita Jain,Furniture,Office Furniture,Office Desk,South,Kerala,Kochi,24544.2,3,0.05,14848.46,Debit Card,Returned
ORD-12136,2025-10-01,CUST-1520,Amit Patel,Electronics,Monitors,Dell Monitor,East,West Bengal,Siliguri,56924.0,2,0.05,39391.07,Debit Card,Cancelled
ORD-12137,2025-06-01,CUST-1677,Neha Patel,Office Supplies,Equipment,Paper Shredder,South,Karnataka,Mysuru,22545.4,4,0.15,16322.45,Cash on Delivery,Returned
ORD-12138,2025-02-15,CUST-1110,Manish Agarwal,Office Supplies,Paper,Copy Paper,South,Karnataka,Mangaluru,1098.2,4,0.15,898.89,Debit Card,Returned
ORD-12139,2025-12-16,CUST-1107,Anil Yadav,Office Supplies,Equipment,Paper Shredder,North,Rajasthan,Kota,10537.0,1,0.0,8635.58,Credit Card,Delivered
ORD-12140,2025-03-01,CUST-1796,Manish Gupta,Electronics,Smartphones,iPhone,East,Jharkhand,Ranchi,333408.0,4,0.0,210872.62,Cash on Delivery,Cancelled
ORD-12141,2025-10-23,CUST-1529,Shweta Patel,Home Appliances,Cleaning,Vacuum Cleaner,South,Karnataka,Mangaluru,6568.3,1,0.05,5140.55,Cash on Delivery,Shipped
ORD-12142,2025-11-24,CUST-1491,Shweta Patel,Office Supplies,Equipment,Paper Shredder,South,Kerala,Kochi,10900.3,1,0.05,7115.83,Net Banking,Cancelled
ORD-12143,2025-10-04,CUST-1532,Neha Singh,Office Supplies,Stationery,Stapler,West,Madhya Pradesh,Bhopal,2109.0,4,0.05,1292.37,Cash on Delivery,Delivered
ORD-12144,2025-11-27,CUST-1005,Sneha Gupta,Office Supplies,Paper,Copy Paper,East,Odisha,Cuttack,1101.6,3,0.1,691.34,UPI,Delivered
ORD-12145,2025-07-26,CUST-1596,Sanjay Yadav,Office Supplies,Equipment,Calculator,South,Kerala,Thiruvananthapuram,5288.7,3,0.15,4271.08,Cash on Delivery,Delivered
ORD-12146,2025-12-19,CUST-1401,Amit Kumar,Office Supplies,Equipment,Calculator,South,Telangana,Hyderabad,6921.6,4,0.2,5371.24,Cash on Delivery,Delivered
ORD-12147,2025-07-06,CUST-1519,Priya Agarwal,Home Appliances,Cooling,Air Cooler,South,Kerala,Thiruvananthapuram,44204.8,4,0.2,29942.45,Credit Card,Delivered
ORD-12148,2025-12-13,CUST-1040,Sneha Gupta,Electronics,Accessories,Mouse,North,Haryana,Panipat,3359.2,4,0.05,2281.15,UPI,Cancelled
ORD-12149,2025-11-17,CUST-1003,Sneha Jain,Furniture,Office Furniture,Office Chair,South,Kerala,Kochi,46206.0,5,0.1,27881.32,Credit Card,Delivered
ORD-12150,2025-10-25,CUST-1602,Meena Mishra,Electronics,Smartphones,OnePlus Phone,South,Andhra Pradesh,Visakhapatnam,28950.15,1,0.15,19650.36,Credit Card,Delivered
ORD-12151,2025-05-02,CUST-1322,Priya Verma,Office Supplies,Equipment,Calculator,West,Madhya Pradesh,Bhopal,1493.4,2,0.05,987.76,Net Banking,Delivered
ORD-12152,2025-02-08,CUST-1300,Anjali Patel,Office Supplies,Paper,Copy Paper,West,Maharashtra,Pune,1542.75,3,0.15,1306.21,UPI,Delivered
ORD-12153,2025-01-19,CUST-1042,Anjali Verma,Furniture,Storage,Storage Cabinet,East,Odisha,Bhubaneswar,28572.0,3,0.2,19101.06,Net Banking,Returned
ORD-12154,2025-07-20,CUST-1114,Sanjay Verma,Furniture,Storage,Filing Cabinet,South,Andhra Pradesh,Vijayawada,41292.0,4,0.0,29292.54,Net Banking,Delivered
ORD-12155,2025-03-20,CUST-1173,Vikas Jain,Home Appliances,Cleaning,Vacuum Cleaner,South,Karnataka,Mysuru,50878.8,4,0.1,33685.99,UPI,Delivered
ORD-12156,2025-07-09,CUST-1379,Priya Mishra,Home Appliances,Kitchen,Electric Kettle,West,Maharashtra,Pune,8265.0,3,0.0,5991.55,Net Banking,Returned
ORD-12157,2025-10-03,CUST-1621,Varun Gupta,Home Appliances,Kitchen,Electric Kettle,South,Tamil Nadu,Coimbatore,5634.0,5,0.1,4335.89,Net Banking,Delivered
ORD-12158,2025-01-15,CUST-1533,Sanjay Gupta,Home Appliances,Cooling,Air Cooler,East,Jharkhand,Ranchi,32742.7,2,0.05,20870.74,Cash on Delivery,Delivered
ORD-12159,2025-07-11,CUST-1346,Amit Yadav,Electronics,Accessories,Headphones,North,Haryana,Panipat,4776.0,4,0.0,4007.29,UPI,Delivered
ORD-12160,2025-01-20,CUST-1058,Manish Patel,Electronics,Accessories,Mouse,South,Telangana,Warangal,11628.0,5,0.05,9629.04,Net Banking,Delivered
ORD-12161,2025-02-07,CUST-1565,Manish Gupta,Furniture,Lighting,LED Desk Lamp,South,Andhra Pradesh,Vijayawada,8000.0,5,0.0,4804.89,Debit Card,Delivered
ORD-12162,2025-01-13,CUST-1492,Anil Singh,Electronics,Smartphones,OnePlus Phone,South,Kerala,Kochi,171194.25,5,0.15,121739.29,Debit Card,Delivered
ORD-12163,2025-08-21,CUST-1799,Rahul Mishra,Home Appliances,Kitchen,Electric Kettle,West,Goa,Margao,2131.8,2,0.15,1382.21,Credit Card,Cancelled
ORD-12164,2025-12-05,CUST-1531,Amit Verma,Office Supplies,Paper,Copy Paper,South,Kerala,Kochi,1398.4,4,0.2,1041.66,Credit Card,Cancelled
ORD-12165,2025-05-19,CUST-1503,Anjali Sharma,Office Supplies,Paper,Printer Paper,East,West Bengal,Siliguri,1803.6,3,0.1,1161.92,Net Banking,Delivered
ORD-12166,2025-08-20,CUST-1564,Kavita Kumar,Electronics,Accessories,Keyboard,East,Jharkhand,Jamshedpur,8143.0,5,0.15,5533.33,Net Banking,Delivered
ORD-12167,2025-01-28,CUST-1445,Anil Singh,Furniture,Storage,Filing Cabinet,East,Bihar,Gaya,28932.0,5,0.2,23121.36,Credit Card,Delivered
ORD-12168,2025-12-18,CUST-1737,Anil Yadav,Electronics,Laptops,Lenovo Laptop,West,Maharashtra,Nashik,144578.0,2,0.0,110077.13,Net Banking,Delivered
ORD-12169,2025-06-21,CUST-1397,Pooja Jain,Home Appliances,Cleaning,Vacuum Cleaner,North,Delhi,New Delhi,52045.2,4,0.1,39502.01,Credit Card,Delivered
ORD-12170,2025-10-26,CUST-1537,Manish Verma,Office Supplies,Stationery,Pen Set,South,Telangana,Hyderabad,471.75,3,0.15,376.43,UPI,Shipped
ORD-12171,2025-11-06,CUST-1088,Meena Jain,Electronics,Laptops,ASUS Laptop,West,Maharashtra,Nashik,66906.9,1,0.15,48271.64,UPI,Delivered
ORD-12172,2025-03-29,CUST-1041,Sneha Agarwal,Office Supplies,Stationery,Pen Set,North,Uttar Pradesh,Noida,561.0,2,0.15,473.35,Cash on Delivery,Delivered
ORD-12173,2025-08-15,CUST-1612,Pooja Agarwal,Electronics,Laptops,Lenovo Laptop,South,Telangana,Warangal,46002.0,1,0.0,38254.95,Cash on Delivery,Delivered
ORD-12174,2025-01-27,CUST-1693,Sneha Sharma,Office Supplies,Stationery,Stapler,North,Haryana,Panipat,291.6,2,0.1,178.46,Debit Card,Cancelled
ORD-12175,2025-05-28,CUST-1579,Sneha Singh,Electronics,Laptops,HP Laptop,South,Andhra Pradesh,Vijayawada,111042.3,2,0.15,76743.4,Cash on Delivery,Returned
ORD-12176,2025-11-05,CUST-1485,Arjun Agarwal,Home Appliances,Cleaning,Vacuum Cleaner,West,Gujarat,Vadodara,26128.8,3,0.05,17941.0,Net Banking,Cancelled
ORD-12177,2025-12-14,CUST-1697,Meena Kumar,Electronics,Accessories,Mouse,South,Karnataka,Mysuru,1833.5,1,0.05,1302.16,UPI,Returned
ORD-12178,2025-12-15,CUST-1376,Anil Gupta,Home Appliances,Cleaning,Vacuum Cleaner,South,Kerala,Kochi,63580.0,5,0.15,44177.3,UPI,Cancelled
ORD-12179,2025-12-13,CUST-1386,Amit Jain,Electronics,Accessories,Mouse,West,Goa,Margao,3105.0,5,0.1,2267.4,Cash on Delivery,Cancelled
ORD-12180,2025-07-20,CUST-1529,Ritu Verma,Electronics,Smartphones,iPhone,West,Goa,Panaji,386004.0,5,0.05,258935.48,UPI,Cancelled
ORD-12181,2025-07-02,CUST-1455,Arjun Kumar,Furniture,Office Furniture,Office Desk,West,Maharashtra,Nashik,43140.6,3,0.1,27452.06,Net Banking,Cancelled
ORD-12182,2025-10-30,CUST-1112,Rohit Verma,Office Supplies,Equipment,Calculator,North,Uttar Pradesh,Prayagraj,4301.0,5,0.15,3309.0,Cash on Delivery,Shipped
ORD-12183,2025-10-11,CUST-1685,Priya Patel,Furniture,Storage,Storage Cabinet,South,Tamil Nadu,Chennai,13483.35,1,0.05,8266.36,Net Banking,Cancelled
ORD-12184,2025-12-22,CUST-1204,Arjun Jain,Furniture,Lighting,LED Desk Lamp,North,Uttar Pradesh,Kanpur,4411.8,3,0.1,3326.72,Net Banking,Cancelled
ORD-12185,2025-03-10,CUST-1009,Priya Mishra,Home Appliances,Cooling,Air Cooler,West,Gujarat,Vadodara,41540.0,5,0.0,33791.39,Debit Card,Delivered
ORD-12186,2025-12-16,CUST-1262,Meena Jain,Home Appliances,Kitchen,Microwave,West,Madhya Pradesh,Indore,31475.4,2,0.05,26246.36,UPI,Delivered
ORD-12187,2025-10-08,CUST-1259,Sneha Singh,Electronics,Accessories,Keyboard,North,Punjab,Amritsar,6963.2,4,0.2,4260.47,Debit Card,Delivered
ORD-12188,2025-03-15,CUST-1637,Sanjay Yadav,Home Appliances,Cleaning,Vacuum Cleaner,East,Jharkhand,Jamshedpur,25830.9,3,0.1,18809.55,Net Banking,Returned
ORD-12189,2025-05-31,CUST-1071,Deepak Kumar,Furniture,Lighting,Table Lamp,North,Uttar Pradesh,Prayagraj,2926.8,4,0.1,2460.39,Net Banking,Delivered
ORD-12190,2025-12-23,CUST-1465,Priya Verma,Furniture,Lighting,Table Lamp,South,Telangana,Warangal,1284.3,1,0.1,1040.76,Cash on Delivery,Delivered
ORD-12191,2025-05-31,CUST-1491,Meena Gupta,Electronics,Laptops,Lenovo Laptop,East,Odisha,Cuttack,252126.2,4,0.05,195728.78,Credit Card,Returned
ORD-12192,2025-02-01,CUST-1477,Amit Yadav,Office Supplies,Stationery,Notebook,West,Goa,Panaji,444.6,4,0.05,345.29,Net Banking,Cancelled
ORD-12193,2025-06-03,CUST-1248,Deepak Sharma,Home Appliances,Kitchen,Electric Kettle,South,Kerala,Kochi,5986.8,4,0.1,4038.47,Debit Card,Delivered
ORD-12194,2025-04-07,CUST-1065,Rohit Singh,Home Appliances,Cooling,Air Cooler,North,Delhi,New Delhi,55996.0,5,0.2,44212.99,UPI,Delivered
ORD-12195,2025-08-02,CUST-1080,Priya Kumar,Home Appliances,Kitchen,Microwave,West,Goa,Margao,44431.2,4,0.1,27546.29,UPI,Delivered
ORD-12196,2025-11-18,CUST-1565,Ritu Singh,Furniture,Lighting,LED Desk Lamp,West,Gujarat,Ahmedabad,13568.0,4,0.0,11232.04,Debit Card,Returned
ORD-12197,2025-11-11,CUST-1280,Pooja Patel,Furniture,Lighting,LED Desk Lamp,West,Gujarat,Vadodara,4129.2,4,0.1,2636.61,Credit Card,Delivered
ORD-12198,2025-12-09,CUST-1226,Sanjay Patel,Furniture,Lighting,Table Lamp,East,West Bengal,Kolkata,1403.35,1,0.15,1173.43,Cash on Delivery,Delivered
ORD-12199,2025-05-31,CUST-1130,Kavita Agarwal,Office Supplies,Stationery,Pen Set,East,Bihar,Gaya,1089.7,2,0.15,855.08,UPI,Cancelled
ORD-12200,2025-05-05,CUST-1154,Amit Jain,Office Supplies,Paper,Printer Paper,East,Jharkhand,Ranchi,435.1,1,0.05,333.49,Credit Card,Returned
ORD-12201,2025-04-24,CUST-1273,Neha Mishra,Home Appliances,Kitchen,Mixer Grinder,East,Bihar,Gaya,10557.0,2,0.15,8034.71,UPI,Delivered
ORD-12202,2025-05-11,CUST-1339,Manish Mishra,Electronics,Smartphones,Redmi Phone,West,Madhya Pradesh,Bhopal,26879.3,2,0.05,19828.53,Net Banking,Delivered
ORD-12203,2025-06-09,CUST-1727,Sanjay Kumar,Office Supplies,Paper,Copy Paper,North,Delhi,Delhi,1651.2,4,0.2,1290.6,Credit Card,Shipped
ORD-12204,2025-08-19,CUST-1470,Rahul Kumar,Home Appliances,Cooling,Air Cooler,North,Uttar Pradesh,Noida,39688.2,3,0.15,30139.53,Debit Card,Delivered
ORD-12205,2025-11-27,CUST-1472,Deepak Jain,Electronics,Monitors,LG Monitor,East,Odisha,Cuttack,75089.0,5,0.15,54429.41,Credit Card,Delivered
ORD-12206,2025-04-06,CUST-1729,Sanjay Patel,Office Supplies,Paper,Copy Paper,North,Delhi,Delhi,1056.0,4,0.0,807.64,Net Banking,Delivered
ORD-12207,2025-05-03,CUST-1694,Meena Kumar,Home Appliances,Cleaning,Vacuum Cleaner,West,Goa,Panaji,47036.0,4,0.0,35702.44,Cash on Delivery,Delivered
ORD-12208,2025-04-16,CUST-1061,Anil Singh,Electronics,Laptops,Dell Laptop,North,Delhi,New Delhi,413445.0,5,0.0,337696.21,Net Banking,Delivered
ORD-12209,2025-10-06,CUST-1230,Deepak Mishra,Electronics,Laptops,HP Laptop,East,West Bengal,Siliguri,54142.4,1,0.05,35283.33,Debit Card,Returned
ORD-12210,2025-04-12,CUST-1334,Pooja Agarwal,Home Appliances,Kitchen,Electric Kettle,North,Delhi,Delhi,4644.0,4,0.1,3861.49,Debit Card,Shipped
ORD-12211,2025-08-09,CUST-1676,Meena Mishra,Home Appliances,Cleaning,Vacuum Cleaner,East,Odisha,Cuttack,64525.5,5,0.1,54463.76,UPI,Delivered
ORD-12212,2025-06-15,CUST-1665,Deepak Yadav,Home Appliances,Kitchen,Microwave,South,Andhra Pradesh,Vijayawada,58374.0,5,0.1,48123.1,Cash on Delivery,Delivered
ORD-12213,2025-11-16,CUST-1354,Sanjay Mishra,Electronics,Accessories,Headphones,South,Telangana,Hyderabad,25140.0,5,0.2,16114.9,UPI,Delivered
ORD-12214,2025-11-29,CUST-1321,Rohit Verma,Office Supplies,Paper,Copy Paper,South,Karnataka,Mysuru,1177.05,3,0.05,723.9,Credit Card,Delivered
ORD-12215,2025-12-07,CUST-1139,Sneha Yadav,Electronics,Smartphones,iPhone,West,Madhya Pradesh,Bhopal,60620.4,1,0.1,46726.23,Credit Card,Delivered
ORD-12216,2025-02-16,CUST-1173,Varun Kumar,Home Appliances,Kitchen,Microwave,North,Delhi,New Delhi,14791.5,1,0.1,9208.65,UPI,Returned
ORD-12217,2025-10-10,CUST-1040,Neha Singh,Electronics,Laptops,Lenovo Laptop,West,Madhya Pradesh,Indore,226288.0,4,0.0,143483.31,Credit Card,Delivered
ORD-12218,2025-06-16,CUST-1310,Anjali Sharma,Electronics,Laptops,Dell Laptop,North,Rajasthan,Kota,176266.8,3,0.1,141059.47,Debit Card,Delivered
ORD-12219,2025-02-05,CUST-1207,Manish Patel,Home Appliances,Cooling,Air Cooler,East,Bihar,Gaya,7684.85,1,0.15,5070.5,Credit Card,Delivered
ORD-12220,2025-03-01,CUST-1155,Amit Singh,Furniture,Office Furniture,Office Chair,North,Delhi,New Delhi,39690.0,3,0.1,29375.4,Credit Card,Shipped
ORD-12221,2025-09-27,CUST-1617,Rahul Jain,Home Appliances,Cleaning,Vacuum Cleaner,North,Rajasthan,Jodhpur,16168.0,2,0.0,13033.44,UPI,Cancelled
ORD-12222,2025-10-22,CUST-1605,Rahul Jain,Furniture,Office Furniture,Office Desk,South,Karnataka,Mangaluru,59116.0,4,0.0,42005.89,Credit Card,Delivered
ORD-12223,2025-08-09,CUST-1642,Pooja Agarwal,Electronics,Accessories,Keyboard,North,Punjab,Jalandhar,3308.85,1,0.05,2556.73,Cash on Delivery,Delivered
ORD-12224,2025-11-13,CUST-1118,Ritu Agarwal,Electronics,Laptops,Dell Laptop,West,Maharashtra,Nagpur,120824.0,2,0.0,95554.94,Credit Card,Delivered
ORD-12225,2025-05-15,CUST-1607,Neha Yadav,Office Supplies,Equipment,Paper Shredder,North,Haryana,Gurugram,27300.0,4,0.0,22020.02,Net Banking,Delivered
ORD-12226,2025-06-27,CUST-1770,Vikas Mishra,Electronics,Accessories,Headphones,East,Bihar,Patna,3337.1,2,0.15,2024.03,Credit Card,Cancelled
ORD-12227,2025-09-12,CUST-1658,Ritu Verma,Home Appliances,Kitchen,Mixer Grinder,North,Uttar Pradesh,Varanasi,26623.75,5,0.05,16376.45,Net Banking,Returned
ORD-12228,2025-08-25,CUST-1024,Amit Mishra,Home Appliances,Cooling,Air Cooler,West,Madhya Pradesh,Indore,19114.0,2,0.05,14765.67,UPI,Delivered
ORD-12229,2025-09-10,CUST-1111,Priya Jain,Home Appliances,Kitchen,Microwave,North,Uttar Pradesh,Prayagraj,13740.25,1,0.15,8923.95,Credit Card,Delivered
ORD-12230,2025-06-02,CUST-1221,Amit Yadav,Office Supplies,Equipment,Calculator,West,Madhya Pradesh,Indore,10887.0,5,0.05,7194.69,Debit Card,Shipped
ORD-12231,2025-01-03,CUST-1592,Sneha Singh,Furniture,Lighting,LED Desk Lamp,South,Andhra Pradesh,Visakhapatnam,10723.5,5,0.1,7388.68,UPI,Delivered
ORD-12232,2025-11-14,CUST-1788,Rohit Patel,Office Supplies,Equipment,Calculator,East,West Bengal,Kolkata,2340.9,2,0.15,1722.12,Credit Card,Shipped
ORD-12233,2025-12-30,CUST-1501,Manish Yadav,Electronics,Laptops,Lenovo Laptop,South,Tamil Nadu,Chennai,120506.4,2,0.1,85528.69,Cash on Delivery,Delivered
ORD-12234,2025-07-31,CUST-1432,Arjun Jain,Electronics,Accessories,Keyboard,East,Jharkhand,Jamshedpur,15760.0,4,0.0,9969.26,Net Banking,Delivered
ORD-12235,2025-02-24,CUST-1469,Priya Mishra,Home Appliances,Cleaning,Vacuum Cleaner,South,Andhra Pradesh,Visakhapatnam,8335.8,1,0.1,6071.35,UPI,Shipped
ORD-12236,2025-02-22,CUST-1114,Arjun Kumar,Furniture,Lighting,Table Lamp,North,Punjab,Amritsar,4276.35,3,0.15,3519.04,UPI,Delivered
ORD-12237,2025-10-03,CUST-1391,Rohit Verma,Furniture,Storage,Filing Cabinet,West,Madhya Pradesh,Bhopal,10768.0,1,0.2,6908.71,UPI,Returned
ORD-12238,2025-06-20,CUST-1350,Priya Kumar,Furniture,Lighting,LED Desk Lamp,East,Odisha,Cuttack,8542.5,5,0.15,6207.32,Debit Card,Returned
ORD-12239,2025-04-29,CUST-1512,Kavita Verma,Office Supplies,Equipment,Paper Shredder,West,Maharashtra,Pune,17010.0,3,0.1,13810.42,Debit Card,Cancelled
ORD-12240,2025-07-30,CUST-1435,Amit Sharma,Electronics,Accessories,Headphones,South,Karnataka,Bengaluru,3818.2,2,0.15,3031.11,Credit Card,Shipped
ORD-12241,2025-07-12,CUST-1602,Sneha Kumar,Home Appliances,Cooling,Air Cooler,South,Karnataka,Mangaluru,55818.2,4,0.05,40957.71,UPI,Shipped
ORD-12242,2025-06-16,CUST-1696,Kavita Sharma,Electronics,Accessories,Headphones,South,Telangana,Hyderabad,3050.4,3,0.2,1916.8,Credit Card,Delivered
ORD-12243,2025-12-21,CUST-1266,Amit Gupta,Furniture,Lighting,LED Desk Lamp,West,Goa,Margao,4552.0,4,0.0,3517.59,Credit Card,Returned
ORD-12244,2025-09-07,CUST-1585,Priya Patel,Furniture,Lighting,LED Desk Lamp,West,Maharashtra,Nagpur,5200.8,3,0.2,4094.13,Net Banking,Shipped
ORD-12245,2025-06-18,CUST-1301,Vikas Verma,Furniture,Storage,Storage Cabinet,East,Odisha,Cuttack,28400.0,2,0.0,23907.33,UPI,Delivered
ORD-12246,2025-02-04,CUST-1664,Kavita Gupta,Office Supplies,Equipment,Paper Shredder,West,Goa,Margao,26163.0,5,0.05,17745.35,UPI,Returned
ORD-12247,2025-07-29,CUST-1729,Manish Jain,Office Supplies,Equipment,Paper Shredder,South,Tamil Nadu,Coimbatore,9626.0,1,0.0,5903.19,Net Banking,Delivered
ORD-12248,2025-08-27,CUST-1570,Rohit Singh,Home Appliances,Kitchen,Electric Kettle,West,Goa,Margao,2100.6,2,0.1,1719.32,Cash on Delivery,Delivered
ORD-12249,2025-10-14,CUST-1289,Anil Kumar,Office Supplies,Stationery,Stapler,South,Tamil Nadu,Coimbatore,625.6,2,0.15,401.79,Cash on Delivery,Returned
ORD-12250,2025-08-30,CUST-1731,Neha Yadav,Electronics,Smartphones,Redmi Phone,East,West Bengal,Kolkata,60474.6,3,0.1,45918.57,Net Banking,Delivered
ORD-12251,2025-02-12,CUST-1350,Ritu Jain,Home Appliances,Kitchen,Electric Kettle,South,Karnataka,Mangaluru,15457.5,5,0.1,9556.54,UPI,Delivered
ORD-12252,2025-10-23,CUST-1124,Rohit Yadav,Home Appliances,Cleaning,Vacuum Cleaner,North,Uttar Pradesh,Varanasi,25352.0,4,0.0,21545.13,Cash on Delivery,Delivered
ORD-12253,2025-01-31,CUST-1777,Shweta Agarwal,Office Supplies,Paper,Printer Paper,West,Goa,Panaji,2380.5,5,0.1,2005.61,Credit Card,Delivered
ORD-12254,2025-09-12,CUST-1739,Sneha Kumar,Electronics,Accessories,Headphones,East,Jharkhand,Ranchi,9457.25,5,0.05,6479.72,Credit Card,Delivered
ORD-12255,2025-02-18,CUST-1161,Anil Jain,Furniture,Storage,Storage Cabinet,North,Rajasthan,Jaipur,77965.0,5,0.0,58756.47,Net Banking,Delivered
ORD-12256,2025-01-10,CUST-1152,Nisha Yadav,Furniture,Lighting,LED Desk Lamp,West,Gujarat,Vadodara,4277.2,4,0.15,2895.06,Cash on Delivery,Delivered
ORD-12257,2025-02-25,CUST-1787,Amit Sharma,Electronics,Accessories,Keyboard,South,Kerala,Kochi,4473.6,2,0.2,3552.83,Cash on Delivery,Cancelled
ORD-12258,2025-09-20,CUST-1770,Anjali Yadav,Home Appliances,Cooling,Air Cooler,South,Tamil Nadu,Chennai,68566.25,5,0.05,45818.75,Debit Card,Shipped
ORD-12259,2025-03-21,CUST-1689,Anjali Agarwal,Furniture,Lighting,LED Desk Lamp,West,Madhya Pradesh,Indore,3167.1,3,0.15,2532.45,Debit Card,Returned
ORD-12260,2025-06-24,CUST-1405,Priya Agarwal,Home Appliances,Cleaning,Vacuum Cleaner,South,Kerala,Thiruvananthapuram,11838.4,1,0.2,7577.05,UPI,Delivered
ORD-12261,2025-10-28,CUST-1278,Sneha Agarwal,Furniture,Storage,Storage Cabinet,West,Maharashtra,Mumbai,16886.0,2,0.0,10916.39,Credit Card,Delivered
ORD-12262,2025-11-10,CUST-1232,Rahul Gupta,Office Supplies,Stationery,Pen Set,South,Kerala,Thiruvananthapuram,1246.4,4,0.05,750.99,UPI,Delivered
ORD-12263,2025-05-13,CUST-1795,Rahul Yadav,Home Appliances,Cooling,Air Cooler,South,Telangana,Hyderabad,31549.5,2,0.05,21073.2,Net Banking,Cancelled
ORD-12264,2025-09-03,CUST-1377,Rohit Singh,Electronics,Laptops,Lenovo Laptop,West,Gujarat,Surat,112500.9,2,0.15,84389.15,Credit Card,Delivered
ORD-12265,2025-03-11,CUST-1505,Anjali Gupta,Furniture,Lighting,LED Desk Lamp,South,Telangana,Hyderabad,5286.4,4,0.2,3476.97,Credit Card,Returned
ORD-12266,2025-04-23,CUST-1510,Sanjay Singh,Electronics,Smartphones,OnePlus Phone,West,Gujarat,Ahmedabad,113944.0,4,0.0,83840.52,Cash on Delivery,Delivered
ORD-12267,2025-03-14,CUST-1671,Manish Kumar,Electronics,Monitors,Dell Monitor,North,Delhi,Delhi,33519.8,2,0.05,25833.71,Cash on Delivery,Returned
ORD-12268,2025-09-21,CUST-1216,Nisha Kumar,Furniture,Storage,Storage Cabinet,West,Madhya Pradesh,Bhopal,81275.0,5,0.0,54238.51,Credit Card,Delivered
ORD-12269,2025-02-21,CUST-1607,Ritu Mishra,Home Appliances,Cooling,Air Cooler,North,Haryana,Faridabad,39045.6,4,0.1,31667.45,Debit Card,Delivered
ORD-12270,2025-06-04,CUST-1746,Vikas Verma,Home Appliances,Cooling,Air Cooler,West,Madhya Pradesh,Bhopal,42960.0,4,0.0,29247.26,Credit Card,Cancelled
ORD-12271,2025-08-19,CUST-1203,Meena Yadav,Furniture,Lighting,Table Lamp,West,Gujarat,Surat,4536.25,5,0.05,3405.85,Cash on Delivery,Shipped
ORD-12272,2025-08-28,CUST-1694,Ritu Gupta,Office Supplies,Stationery,Notebook,South,Karnataka,Mangaluru,236.8,2,0.2,172.26,Cash on Delivery,Returned
ORD-12273,2025-12-12,CUST-1431,Neha Mishra,Office Supplies,Stationery,Pen Set,North,Uttar Pradesh,Kanpur,1740.8,4,0.2,1220.64,UPI,Delivered
ORD-12274,2025-11-27,CUST-1469,Deepak Kumar,Electronics,Monitors,Samsung Monitor,East,Jharkhand,Jamshedpur,128936.0,5,0.2,91175.87,Credit Card,Shipped
ORD-12275,2025-10-26,CUST-1367,Meena Verma,Furniture,Storage,Filing Cabinet,North,Delhi,Delhi,42727.2,4,0.05,27267.47,Debit Card,Delivered
ORD-12276,2025-10-17,CUST-1778,Pooja Gupta,Home Appliances,Kitchen,Electric Kettle,East,Odisha,Bhubaneswar,8212.0,5,0.2,5618.69,Cash on Delivery,Delivered
ORD-12277,2025-01-04,CUST-1206,Nisha Patel,Home Appliances,Cleaning,Vacuum Cleaner,West,Goa,Margao,24750.0,3,0.0,17757.69,Cash on Delivery,Delivered
ORD-12278,2025-04-22,CUST-1033,Rahul Singh,Home Appliances,Kitchen,Microwave,North,Uttar Pradesh,Kanpur,40386.4,4,0.05,27774.98,Net Banking,Cancelled
ORD-12279,2025-08-25,CUST-1210,Sanjay Singh,Office Supplies,Equipment,Calculator,South,Telangana,Warangal,2690.25,5,0.15,2063.11,UPI,Returned
ORD-12280,2025-02-19,CUST-1595,Rohit Sharma,Home Appliances,Cleaning,Vacuum Cleaner,North,Punjab,Jalandhar,31939.0,4,0.05,22463.9,Debit Card,Returned
ORD-12281,2025-08-18,CUST-1793,Nisha Patel,Office Supplies,Equipment,Paper Shredder,South,Kerala,Thiruvananthapuram,6771.95,1,0.15,5409.03,Cash on Delivery,Cancelled
ORD-12282,2025-01-12,CUST-1614,Manish Agarwal,Office Supplies,Equipment,Calculator,North,Haryana,Faridabad,975.6,1,0.1,768.58,Credit Card,Cancelled
ORD-12283,2025-05-20,CUST-1429,Anjali Patel,Furniture,Lighting,Table Lamp,West,Goa,Margao,10416.0,5,0.2,8546.8,Debit Card,Delivered
ORD-12284,2025-09-14,CUST-1587,Amit Mishra,Electronics,Smartphones,Redmi Phone,East,Jharkhand,Jamshedpur,84685.5,5,0.15,60180.54,Cash on Delivery,Shipped
ORD-12285,2025-10-04,CUST-1515,Deepak Agarwal,Office Supplies,Stationery,Stapler,West,Gujarat,Surat,2412.0,4,0.1,1820.44,Cash on Delivery,Delivered
ORD-12286,2025-07-22,CUST-1162,Priya Sharma,Home Appliances,Cleaning,Vacuum Cleaner,South,Tamil Nadu,Chennai,34690.5,5,0.1,28882.78,Debit Card,Returned
ORD-12287,2025-04-29,CUST-1367,Arjun Jain,Electronics,Smartphones,Samsung Galaxy,East,Odisha,Bhubaneswar,130455.0,3,0.0,105099.26,Cash on Delivery,Delivered
ORD-12288,2025-02-02,CUST-1006,Ritu Jain,Office Supplies,Paper,Copy Paper,North,Delhi,Delhi,1872.0,4,0.0,1546.6,Cash on Delivery,Returned
ORD-12289,2025-01-31,CUST-1218,Sneha Yadav,Home Appliances,Cleaning,Vacuum Cleaner,West,Madhya Pradesh,Indore,11980.0,1,0.0,7745.86,UPI,Returned
ORD-12290,2025-06-23,CUST-1046,Deepak Patel,Home Appliances,Cooling,Air Cooler,East,Odisha,Cuttack,82330.0,5,0.0,50270.8,Debit Card,Delivered
ORD-12291,2025-06-10,CUST-1534,Meena Gupta,Furniture,Lighting,LED Desk Lamp,South,Tamil Nadu,Coimbatore,4020.0,4,0.0,3231.0,Cash on Delivery,Delivered
ORD-12292,2025-06-11,CUST-1768,Amit Sharma,Home Appliances,Kitchen,Electric Kettle,South,Andhra Pradesh,Visakhapatnam,1433.0,1,0.0,884.37,Debit Card,Returned
ORD-12293,2025-07-01,CUST-1477,Rohit Jain,Electronics,Accessories,Headphones,North,Punjab,Jalandhar,5306.4,1,0.1,3989.86,Cash on Delivery,Delivered
ORD-12294,2025-04-08,CUST-1411,Neha Sharma,Electronics,Smartphones,Redmi Phone,West,Goa,Panaji,121765.0,5,0.0,88330.35,Net Banking,Delivered
ORD-12295,2025-09-05,CUST-1008,Nisha Sharma,Furniture,Lighting,Table Lamp,West,Gujarat,Vadodara,11485.0,5,0.0,8299.05,UPI,Shipped
ORD-12296,2025-08-05,CUST-1086,Vikas Patel,Electronics,Smartphones,iPhone,South,Tamil Nadu,Chennai,371141.25,5,0.05,311918.29,UPI,Shipped
ORD-12297,2025-05-16,CUST-1043,Rahul Gupta,Home Appliances,Cleaning,Vacuum Cleaner,East,West Bengal,Siliguri,25605.4,4,0.15,16994.86,UPI,Delivered
ORD-12298,2025-07-24,CUST-1109,Anil Singh,Furniture,Office Furniture,Office Desk,East,Bihar,Patna,100715.0,5,0.0,71238.9,Net Banking,Cancelled
ORD-12299,2025-02-17,CUST-1173,Rohit Verma,Electronics,Laptops,Dell Laptop,East,West Bengal,Kolkata,122599.4,2,0.05,75376.79,Debit Card,Delivered
ORD-12300,2025-10-26,CUST-1764,Ritu Agarwal,Furniture,Office Furniture,Office Chair,South,Karnataka,Mysuru,42816.6,3,0.1,32112.8,Cash on Delivery,Cancelled
ORD-12301,2025-12-19,CUST-1518,Meena Verma,Home Appliances,Cooling,Air Cooler,North,Rajasthan,Kota,50512.0,5,0.2,30918.42,Debit Card,Delivered
ORD-12302,2025-01-16,CUST-1353,Sanjay Verma,Furniture,Storage,Filing Cabinet,North,Delhi,New Delhi,29775.5,5,0.15,23716.36,UPI,Cancelled
ORD-12303,2025-10-13,CUST-1788,Amit Kumar,Electronics,Accessories,Keyboard,West,Madhya Pradesh,Bhopal,2294.4,3,0.2,1858.91,Debit Card,Delivered
ORD-12304,2025-10-16,CUST-1334,Arjun Kumar,Electronics,Monitors,Samsung Monitor,West,Maharashtra,Nashik,22385.8,1,0.05,17305.96,Net Banking,Delivered
ORD-12305,2025-06-24,CUST-1408,Anjali Patel,Electronics,Accessories,Mouse,South,Andhra Pradesh,Visakhapatnam,5383.8,2,0.1,3335.5,Credit Card,Cancelled
ORD-12306,2025-11-13,CUST-1674,Amit Kumar,Home Appliances,Kitchen,Microwave,West,Madhya Pradesh,Indore,27638.4,2,0.2,18570.62,Net Banking,Returned
ORD-12307,2025-07-19,CUST-1620,Anil Patel,Electronics,Accessories,Mouse,West,Gujarat,Ahmedabad,3420.8,4,0.2,2890.93,Net Banking,Delivered
ORD-12308,2025-08-29,CUST-1301,Pooja Jain,Home Appliances,Kitchen,Electric Kettle,West,Maharashtra,Pune,10356.0,4,0.0,6526.76,Net Banking,Delivered
ORD-12309,2025-03-12,CUST-1788,Nisha Yadav,Office Supplies,Equipment,Calculator,East,West Bengal,Kolkata,5492.7,3,0.15,4498.7,Cash on Delivery,Cancelled
ORD-12310,2025-12-12,CUST-1423,Sneha Sharma,Home Appliances,Kitchen,Microwave,North,Haryana,Faridabad,47356.0,4,0.0,30285.78,Debit Card,Returned
ORD-12311,2025-09-12,CUST-1136,Manish Verma,Office Supplies,Stationery,Notebook,South,Telangana,Hyderabad,477.9,3,0.1,385.64,Net Banking,Returned
ORD-12312,2025-01-18,CUST-1001,Ritu Mishra,Home Appliances,Kitchen,Mixer Grinder,West,Madhya Pradesh,Bhopal,8000.1,3,0.1,6345.51,UPI,Cancelled
ORD-12313,2025-07-04,CUST-1750,Deepak Mishra,Electronics,Monitors,LG Monitor,South,Karnataka,Bengaluru,34362.0,4,0.1,25879.91,Cash on Delivery,Delivered
ORD-12314,2025-05-28,CUST-1680,Vikas Gupta,Electronics,Laptops,HP Laptop,South,Tamil Nadu,Madurai,118041.6,2,0.2,78818.37,Debit Card,Cancelled
ORD-12315,2025-04-26,CUST-1743,Rohit Kumar,Home Appliances,Cooling,Air Cooler,North,Punjab,Ludhiana,49535.85,3,0.05,38153.92,Net Banking,Returned
ORD-12316,2025-09-04,CUST-1606,Nisha Singh,Electronics,Laptops,ASUS Laptop,West,Maharashtra,Pune,259592.25,5,0.05,161773.32,Net Banking,Shipped
ORD-12317,2025-10-17,CUST-1698,Ritu Verma,Home Appliances,Kitchen,Microwave,North,Uttar Pradesh,Lucknow,24643.8,2,0.1,20906.44,Cash on Delivery,Returned
ORD-12318,2025-11-12,CUST-1773,Anjali Gupta,Home Appliances,Cleaning,Vacuum Cleaner,West,Goa,Margao,22480.8,2,0.05,17800.55,Debit Card,Shipped
ORD-12319,2025-09-25,CUST-1546,Vikas Gupta,Office Supplies,Paper,Printer Paper,East,Bihar,Gaya,1038.6,2,0.1,675.76,UPI,Delivered
ORD-12320,2025-08-27,CUST-1540,Nisha Singh,Furniture,Storage,Storage Cabinet,North,Punjab,Ludhiana,23457.6,3,0.2,18392.03,Credit Card,Shipped
ORD-12321,2025-08-30,CUST-1163,Amit Kumar,Home Appliances,Cleaning,Vacuum Cleaner,East,Jharkhand,Jamshedpur,13034.0,1,0.05,9581.08,Net Banking,Delivered
ORD-12322,2025-06-14,CUST-1724,Ritu Agarwal,Home Appliances,Cleaning,Vacuum Cleaner,North,Delhi,New Delhi,7245.4,1,0.15,5353.35,Cash on Delivery,Delivered
ORD-12323,2025-02-22,CUST-1381,Vikas Yadav,Electronics,Accessories,Mouse,South,Karnataka,Mangaluru,1396.8,1,0.1,914.86,UPI,Delivered
ORD-12324,2025-07-18,CUST-1084,Arjun Kumar,Home Appliances,Cleaning,Vacuum Cleaner,West,Gujarat,Vadodara,36392.4,4,0.1,30310.99,Credit Card,Delivered
ORD-12325,2025-11-01,CUST-1628,Sneha Verma,Furniture,Office Furniture,Office Desk,North,Punjab,Ludhiana,108181.25,5,0.05,81736.92,Cash on Delivery,Delivered
ORD-12326,2025-01-15,CUST-1095,Amit Sharma,Office Supplies,Paper,Copy Paper,South,Telangana,Hyderabad,1507.2,3,0.2,1168.46,Cash on Delivery,Cancelled
ORD-12327,2025-07-31,CUST-1642,Anil Jain,Home Appliances,Kitchen,Electric Kettle,North,Haryana,Panipat,2651.4,2,0.1,1970.45,Credit Card,Delivered
ORD-12328,2025-11-07,CUST-1262,Manish Agarwal,Home Appliances,Cleaning,Vacuum Cleaner,East,Bihar,Patna,17024.0,2,0.0,10896.12,Credit Card,Delivered
ORD-12329,2025-11-05,CUST-1330,Arjun Jain,Office Supplies,Paper,Printer Paper,North,Haryana,Gurugram,327.2,1,0.2,214.18,Net Banking,Shipped
ORD-12330,2025-08-26,CUST-1318,Kavita Agarwal,Home Appliances,Kitchen,Mixer Grinder,East,Odisha,Bhubaneswar,19220.2,4,0.15,15662.68,Debit Card,Delivered
ORD-12331,2025-01-07,CUST-1004,Kavita Yadav,Furniture,Office Furniture,Office Chair,South,Tamil Nadu,Madurai,35405.0,5,0.0,26385.83,Credit Card,Returned
ORD-12332,2025-09-15,CUST-1426,Nisha Singh,Furniture,Storage,Storage Cabinet,East,Odisha,Cuttack,30037.1,2,0.05,19505.8,UPI,Delivered
ORD-12333,2025-07-04,CUST-1660,Shweta Yadav,Home Appliances,Cooling,Air Cooler,South,Karnataka,Mysuru,8380.0,1,0.2,5766.1,Credit Card,Delivered
ORD-12334,2025-04-04,CUST-1208,Arjun Kumar,Electronics,Laptops,Lenovo Laptop,South,Telangana,Warangal,252136.0,4,0.0,160990.11,Debit Card,Delivered
ORD-12335,2025-03-02,CUST-1030,Pooja Gupta,Electronics,Monitors,Samsung Monitor,East,West Bengal,Siliguri,40192.2,2,0.1,30404.59,Cash on Delivery,Delivered
ORD-12336,2025-02-12,CUST-1706,Anjali Mishra,Office Supplies,Stationery,Notebook,West,Goa,Margao,960.5,5,0.15,714.09,Credit Card,Delivered
ORD-12337,2025-04-17,CUST-1782,Anjali Gupta,Furniture,Storage,Storage Cabinet,East,Odisha,Cuttack,41619.2,4,0.2,30094.54,Net Banking,Delivered
ORD-12338,2025-10-18,CUST-1215,Neha Jain,Office Supplies,Stationery,Pen Set,East,West Bengal,Kolkata,2127.0,3,0.0,1587.18,Credit Card,Returned
ORD-12339,2025-10-12,CUST-1025,Nisha Jain,Home Appliances,Kitchen,Mixer Grinder,West,Gujarat,Surat,4430.2,2,0.15,3599.01,UPI,Delivered
ORD-12340,2025-01-15,CUST-1034,Rohit Verma,Office Supplies,Paper,Printer Paper,North,Delhi,New Delhi,1122.9,3,0.05,884.11,Net Banking,Delivered
ORD-12341,2025-09-13,CUST-1634,Sanjay Verma,Electronics,Accessories,Keyboard,West,Maharashtra,Mumbai,14338.8,4,0.1,11562.52,Cash on Delivery,Delivered
ORD-12342,2025-06-09,CUST-1644,Meena Patel,Furniture,Lighting,Table Lamp,North,Punjab,Amritsar,8512.0,4,0.2,7104.55,Net Banking,Delivered
ORD-12343,2025-12-08,CUST-1237,Pooja Agarwal,Home Appliances,Kitchen,Mixer Grinder,South,Karnataka,Mangaluru,6946.2,2,0.15,4482.39,Debit Card,Delivered
ORD-12344,2025-12-12,CUST-1178,Rahul Mishra,Office Supplies,Paper,Copy Paper,East,Jharkhand,Ranchi,531.0,1,0.1,366.64,Net Banking,Shipped
ORD-12345,2025-04-11,CUST-1161,Sneha Agarwal,Office Supplies,Paper,Printer Paper,North,Uttar Pradesh,Lucknow,2026.4,4,0.15,1320.0,Credit Card,Cancelled
ORD-12346,2025-07-31,CUST-1005,Shweta Yadav,Electronics,Laptops,Lenovo Laptop,West,Madhya Pradesh,Indore,337639.5,5,0.05,282077.88,Cash on Delivery,Delivered
ORD-12347,2025-09-03,CUST-1606,Varun Gupta,Office Supplies,Paper,Printer Paper,South,Kerala,Thiruvananthapuram,845.5,2,0.05,539.09,Net Banking,Returned
ORD-12348,2025-09-10,CUST-1674,Anjali Mishra,Home Appliances,Cooling,Air Cooler,East,Odisha,Cuttack,58111.2,4,0.1,46768.83,Debit Card,Delivered
ORD-12349,2025-02-10,CUST-1358,Neha Gupta,Office Supplies,Equipment,Calculator,West,Madhya Pradesh,Indore,2036.0,2,0.0,1615.9,Credit Card,Delivered
ORD-12350,2025-09-11,CUST-1174,Meena Sharma,Furniture,Lighting,LED Desk Lamp,West,Madhya Pradesh,Indore,3163.5,3,0.05,2246.82,Debit Card,Delivered
ORD-12351,2025-10-11,CUST-1034,Sneha Jain,Furniture,Office Furniture,Bookshelf,North,Punjab,Ludhiana,42891.0,5,0.15,31957.5,Credit Card,Cancelled
ORD-12352,2025-11-07,CUST-1124,Deepak Yadav,Office Supplies,Stationery,Pen Set,East,Odisha,Bhubaneswar,1081.1,2,0.05,663.62,Debit Card,Delivered
ORD-12353,2025-06-30,CUST-1002,Pooja Gupta,Office Supplies,Stationery,Notebook,South,Telangana,Hyderabad,554.4,2,0.1,404.23,Cash on Delivery,Delivered
ORD-12354,2025-11-20,CUST-1596,Anjali Gupta,Home Appliances,Cleaning,Vacuum Cleaner,South,Telangana,Warangal,29212.8,3,0.15,22972.7,Credit Card,Delivered
ORD-12355,2025-03-11,CUST-1498,Manish Patel,Office Supplies,Equipment,Calculator,East,Odisha,Bhubaneswar,1560.8,1,0.2,1047.17,UPI,Delivered
ORD-12356,2025-02-15,CUST-1022,Sanjay Agarwal,Electronics,Monitors,Dell Monitor,East,West Bengal,Siliguri,63353.6,4,0.2,42167.69,Net Banking,Delivered
ORD-12357,2025-10-17,CUST-1650,Sneha Gupta,Home Appliances,Kitchen,Microwave,South,Tamil Nadu,Chennai,28406.7,3,0.1,20219.8,Debit Card,Delivered
ORD-12358,2025-12-28,CUST-1485,Ritu Patel,Office Supplies,Equipment,Calculator,South,Telangana,Hyderabad,2143.2,4,0.05,1693.41,UPI,Cancelled
ORD-12359,2025-07-26,CUST-1541,Sneha Mishra,Home Appliances,Kitchen,Electric Kettle,East,Jharkhand,Ranchi,7077.5,5,0.05,5307.62,Credit Card,Cancelled
ORD-12360,2025-07-24,CUST-1098,Manish Patel,Home Appliances,Cleaning,Vacuum Cleaner,North,Delhi,New Delhi,35522.4,3,0.2,25939.5,Debit Card,Cancelled
ORD-12361,2025-02-22,CUST-1717,Manish Gupta,Electronics,Monitors,Samsung Monitor,East,Jharkhand,Jamshedpur,44127.75,5,0.15,32861.71,UPI,Cancelled
ORD-12362,2025-07-27,CUST-1657,Neha Verma,Electronics,Accessories,Keyboard,North,Haryana,Faridabad,11251.8,4,0.05,8892.72,Debit Card,Delivered
ORD-12363,2025-09-29,CUST-1749,Arjun Jain,Office Supplies,Equipment,Paper Shredder,South,Karnataka,Bengaluru,19533.0,4,0.15,16259.74,Debit Card,Cancelled
ORD-12364,2025-05-26,CUST-1707,Amit Kumar,Furniture,Lighting,Table Lamp,West,Gujarat,Surat,3990.0,5,0.05,2511.39,Net Banking,Shipped
ORD-12365,2025-09-17,CUST-1251,Pooja Kumar,Home Appliances,Cooling,Air Cooler,South,Karnataka,Mysuru,64053.0,5,0.1,53615.01,Debit Card,Delivered
ORD-12366,2025-10-10,CUST-1576,Shweta Mishra,Furniture,Lighting,Table Lamp,South,Karnataka,Bengaluru,7894.8,4,0.15,4746.9,Debit Card,Delivered
ORD-12367,2025-08-05,CUST-1635,Meena Sharma,Furniture,Lighting,Table Lamp,North,Punjab,Unknown,4159.9,2,0.15,2699.6,UPI,Shipped
ORD-12368,2025-03-26,CUST-1252,Neha Yadav,Furniture,Office Furniture,Office Desk,West,Goa,Panaji,53298.0,5,0.1,35645.42,UPI,Returned
ORD-12369,2025-04-03,CUST-1700,Kavita Gupta,Furniture,Lighting,LED Desk Lamp,South,Karnataka,Bengaluru,2211.2,2,0.2,1866.47,Debit Card,Delivered
ORD-12370,2025-01-12,CUST-1300,Vikas Gupta,Electronics,Accessories,Headphones,North,Rajasthan,Jaipur,15234.0,2,0.0,10286.59,UPI,Returned
ORD-12371,2025-12-21,CUST-1034,Shweta Gupta,Office Supplies,Equipment,Paper Shredder,North,Punjab,Amritsar,18395.2,2,0.2,12687.7,Net Banking,Shipped
ORD-12372,2025-08-17,CUST-1210,Shweta Jain,Office Supplies,Stationery,Stapler,South,Telangana,Warangal,533.0,1,0.0,391.19,Net Banking,Delivered
ORD-12373,2025-12-14,CUST-1193,Ritu Singh,Office Supplies,Stationery,Stapler,East,Odisha,Bhubaneswar,915.3,3,0.1,632.73,Net Banking,Cancelled
ORD-12374,2025-08-03,CUST-1793,Ritu Jain,Electronics,Smartphones,Samsung Galaxy,North,Punjab,Amritsar,104488.0,5,0.2,73748.2,Cash on Delivery,Delivered
ORD-12375,2025-06-05,CUST-1269,Ritu Agarwal,Electronics,Monitors,Samsung Monitor,East,West Bengal,Siliguri,76924.0,5,0.2,60374.78,Debit Card,Cancelled
ORD-12376,2025-01-16,CUST-1523,Shweta Singh,Office Supplies,Stationery,Notebook,West,Goa,Margao,288.15,3,0.15,240.08,Net Banking,Shipped
ORD-12377,2025-07-04,CUST-1355,Neha Patel,Electronics,Laptops,Dell Laptop,South,Telangana,Warangal,134759.0,2,0.15,106997.44,Debit Card,Delivered
ORD-12378,2025-08-20,CUST-1643,Sneha Agarwal,Office Supplies,Paper,Printer Paper,West,Goa,Panaji,577.6,2,0.2,411.16,Debit Card,Cancelled
ORD-12379,2025-10-28,CUST-1255,Sneha Patel,Home Appliances,Kitchen,Electric Kettle,East,West Bengal,Kolkata,6358.5,3,0.1,4768.63,Debit Card,Shipped
ORD-12380,2025-06-08,CUST-1583,Anjali Agarwal,Home Appliances,Kitchen,Mixer Grinder,West,Maharashtra,Nashik,22491.0,5,0.15,17199.94,Net Banking,Delivered
ORD-12381,2025-03-20,CUST-1338,Neha Patel,Furniture,Storage,Storage Cabinet,South,Telangana,Hyderabad,33014.4,4,0.2,25868.74,UPI,Delivered
ORD-12382,2025-06-04,CUST-1127,Vikas Singh,Home Appliances,Cleaning,Vacuum Cleaner,East,Bihar,Gaya,8673.3,1,0.1,7260.5,Credit Card,Delivered
ORD-12383,2025-02-22,CUST-1509,Rahul Sharma,Office Supplies,Equipment,Calculator,West,Goa,Margao,3302.1,3,0.1,2495.14,Debit Card,Returned
ORD-12384,2025-07-06,CUST-1446,Sanjay Verma,Office Supplies,Equipment,Paper Shredder,East,Bihar,Patna,23670.4,4,0.2,14521.6,Cash on Delivery,Delivered
ORD-12385,2025-01-04,CUST-1309,Shweta Verma,Electronics,Monitors,Dell Monitor,North,Rajasthan,Jodhpur,25520.0,1,0.0,17676.15,Debit Card,Cancelled
ORD-12386,2025-08-30,CUST-1573,Priya Singh,Furniture,Office Furniture,Office Desk,North,Rajasthan,Jodhpur,102865.0,5,0.0,81737.46,Cash on Delivery,Cancelled
ORD-12387,2025-05-05,CUST-1071,Anjali Sharma,Electronics,Monitors,LG Monitor,West,Maharashtra,Mumbai,61808.0,5,0.2,38294.37,UPI,Delivered
ORD-12388,2025-04-15,CUST-1178,Rahul Singh,Electronics,Smartphones,OnePlus Phone,East,Odisha,Bhubaneswar,101469.5,2,0.05,73559.66,UPI,Delivered
ORD-12389,2025-01-02,CUST-1682,Deepak Jain,Furniture,Lighting,LED Desk Lamp,East,Bihar,Patna,6820.8,3,0.2,4261.87,Net Banking,Returned
ORD-12390,2025-08-20,CUST-1443,Pooja Gupta,Electronics,Smartphones,iPhone,West,Gujarat,Vadodara,504165.0,5,0.0,325891.52,Credit Card,Cancelled
ORD-12391,2025-07-27,CUST-1446,Varun Agarwal,Home Appliances,Cleaning,Vacuum Cleaner,West,Gujarat,Vadodara,7837.85,1,0.15,5972.92,Credit Card,Returned
ORD-12392,2025-12-17,CUST-1784,Sanjay Agarwal,Home Appliances,Cooling,Air Cooler,East,Jharkhand,Ranchi,30088.0,5,0.2,21621.02,Debit Card,Delivered
ORD-12393,2025-11-09,CUST-1581,Sanjay Kumar,Office Supplies,Paper,Copy Paper,East,Jharkhand,Ranchi,1444.0,5,0.2,1088.99,Debit Card,Delivered
ORD-12394,2025-02-17,CUST-1335,Priya Yadav,Furniture,Lighting,LED Desk Lamp,East,Odisha,Bhubaneswar,1381.25,1,0.15,1102.32,Cash on Delivery,Returned
ORD-12395,2025-01-06,CUST-1569,Shweta Yadav,Home Appliances,Cooling,Air Cooler,West,Madhya Pradesh,Indore,13467.2,1,0.2,8693.29,Credit Card,Shipped
ORD-12396,2025-03-16,CUST-1249,Vikas Kumar,Furniture,Office Furniture,Office Chair,East,Jharkhand,Ranchi,31935.2,4,0.05,23041.01,Cash on Delivery,Returned
ORD-12397,2025-05-19,CUST-1055,Pooja Verma,Home Appliances,Cleaning,Vacuum Cleaner,South,Andhra Pradesh,Visakhapatnam,50217.0,4,0.05,30776.21,Debit Card,Returned
ORD-12398,2025-06-18,CUST-1336,Shweta Yadav,Office Supplies,Paper,Copy Paper,West,Madhya Pradesh,Indore,2980.0,5,0.0,1828.31,Debit Card,Delivered
ORD-12399,2025-02-04,CUST-1753,Vikas Yadav,Office Supplies,Equipment,Paper Shredder,East,Jharkhand,Jamshedpur,20281.0,2,0.15,16810.36,Credit Card,Delivered
ORD-12400,2025-01-19,CUST-1377,Anjali Verma,Furniture,Storage,Storage Cabinet,West,Madhya Pradesh,Indore,13386.0,2,0.0,9008.24,UPI,Cancelled
ORD-12401,2025-09-19,CUST-1442,Kavita Kumar,Furniture,Office Furniture,Office Chair,East,West Bengal,Siliguri,15254.4,3,0.2,9506.12,Cash on Delivery,Delivered
ORD-12402,2025-12-10,CUST-1674,Amit Mishra,Furniture,Office Furniture,Office Desk,East,Odisha,Bhubaneswar,92345.0,5,0.0,67952.6,Debit Card,Delivered
ORD-12403,2025-04-06,CUST-1191,Shweta Jain,Furniture,Office Furniture,Office Desk,East,Jharkhand,Jamshedpur,43020.0,5,0.1,27197.85,Credit Card,Shipped
ORD-12404,2025-02-19,CUST-1002,Pooja Sharma,Electronics,Monitors,Dell Monitor,North,Haryana,Gurugram,59526.0,2,0.0,43584.12,Debit Card,Delivered
ORD-12405,2025-12-02,CUST-1798,Varun Patel,Office Supplies,Stationery,Pen Set,East,Odisha,Bhubaneswar,255.6,1,0.1,192.75,Net Banking,Delivered
ORD-12406,2025-02-27,CUST-1297,Manish Mishra,Electronics,Accessories,Mouse,South,Karnataka,Mysuru,2864.25,3,0.05,1747.3,UPI,Delivered
ORD-12407,2025-11-01,CUST-1770,Vikas Singh,Home Appliances,Cleaning,Vacuum Cleaner,North,Haryana,Panipat,25070.0,2,0.0,16812.67,Net Banking,Delivered
ORD-12408,2025-03-21,CUST-1045,Varun Gupta,Home Appliances,Cleaning,Vacuum Cleaner,North,Rajasthan,Jaipur,6750.7,1,0.15,4767.66,Debit Card,Delivered
ORD-12409,2025-01-23,CUST-1180,Deepak Gupta,Office Supplies,Paper,Printer Paper,East,West Bengal,Siliguri,2432.0,4,0.05,1611.53,Debit Card,Delivered
ORD-12410,2025-06-23,CUST-1154,Anjali Agarwal,Furniture,Storage,Storage Cabinet,South,Karnataka,Mangaluru,7104.3,1,0.15,5548.5,UPI,Delivered
ORD-12411,2025-01-04,CUST-1365,Anjali Jain,Electronics,Monitors,LG Monitor,East,West Bengal,Siliguri,10759.7,1,0.05,6679.7,Cash on Delivery,Delivered
ORD-12412,2025-07-16,CUST-1465,Meena Gupta,Furniture,Lighting,Table Lamp,South,Tamil Nadu,Coimbatore,1562.4,2,0.1,1043.93,Debit Card,Cancelled
ORD-12413,2025-10-26,CUST-1718,Priya Verma,Electronics,Accessories,Headphones,East,Odisha,Cuttack,7244.7,3,0.05,5905.67,Cash on Delivery,Delivered
ORD-12414,2025-01-17,CUST-1152,Arjun Singh,Office Supplies,Equipment,Paper Shredder,East,Odisha,Cuttack,8698.0,1,0.0,5529.07,UPI,Delivered
ORD-12415,2025-02-05,CUST-1794,Anil Mishra,Electronics,Laptops,Dell Laptop,West,Maharashtra,Nagpur,116688.0,2,0.15,92612.04,Credit Card,Delivered
ORD-12416,2025-08-02,CUST-1208,Deepak Sharma,Office Supplies,Stationery,Pen Set,West,Madhya Pradesh,Indore,81.6,1,0.2,65.68,Debit Card,Delivered
ORD-12417,2025-07-27,CUST-1790,Arjun Gupta,Furniture,Office Furniture,Office Desk,East,Jharkhand,Ranchi,14307.2,1,0.15,8804.25,Credit Card,Delivered
ORD-12418,2025-12-27,CUST-1717,Meena Singh,Home Appliances,Kitchen,Microwave,South,Tamil Nadu,Madurai,55798.25,5,0.15,40860.86,Net Banking,Delivered
ORD-12419,2025-11-06,CUST-1456,Neha Sharma,Furniture,Lighting,Table Lamp,West,Maharashtra,Nashik,1083.0,1,0.0,835.43,Debit Card,Returned
ORD-12420,2025-10-29,CUST-1086,Pooja Patel,Electronics,Accessories,Headphones,South,Tamil Nadu,Madurai,7340.4,2,0.1,5585.28,UPI,Shipped
ORD-12421,2025-11-05,CUST-1731,Arjun Kumar,Office Supplies,Paper,Printer Paper,North,Haryana,Faridabad,1544.7,3,0.05,1286.5,Debit Card,Delivered
ORD-12422,2025-01-11,CUST-1680,Sneha Yadav,Home Appliances,Kitchen,Mixer Grinder,West,Maharashtra,Nagpur,24865.2,4,0.1,17563.4,Credit Card,Delivered
ORD-12423,2025-02-26,CUST-1595,Sanjay Yadav,Electronics,Laptops,ASUS Laptop,North,Delhi,Delhi,231540.0,5,0.0,140451.56,Cash on Delivery,Returned
ORD-12424,2025-04-23,CUST-1447,Amit Patel,Electronics,Laptops,ASUS Laptop,North,Rajasthan,Jodhpur,45799.5,1,0.05,38868.47,Net Banking,Cancelled
ORD-12425,2025-07-27,CUST-1683,Sanjay Jain,Home Appliances,Cleaning,Vacuum Cleaner,North,Punjab,Jalandhar,23260.0,4,0.0,15569.84,Cash on Delivery,Delivered
ORD-12426,2025-03-10,CUST-1715,Pooja Jain,Office Supplies,Paper,Copy Paper,South,Karnataka,Bengaluru,1416.0,3,0.0,1190.91,Net Banking,Delivered
ORD-12427,2025-11-22,CUST-1326,Meena Mishra,Furniture,Office Furniture,Office Desk,East,West Bengal,Kolkata,13235.4,1,0.1,9268.98,Cash on Delivery,Cancelled
ORD-12428,2025-12-06,CUST-1471,Varun Jain,Electronics,Accessories,Mouse,South,Telangana,Hyderabad,1902.3,1,0.15,1496.64,Cash on Delivery,Delivered
ORD-12429,2025-11-24,CUST-1485,Manish Mishra,Electronics,Accessories,Headphones,North,Rajasthan,Jaipur,10070.4,4,0.2,7173.33,Debit Card,Delivered
ORD-12430,2025-08-19,CUST-1622,Deepak Mishra,Furniture,Storage,Storage Cabinet,West,Goa,Panaji,61924.0,5,0.2,44425.45,UPI,Delivered
ORD-12431,2025-06-29,CUST-1149,Rahul Verma,Home Appliances,Cleaning,Vacuum Cleaner,South,Karnataka,Mangaluru,33326.0,5,0.05,23174.26,Net Banking,Delivered
ORD-12432,2025-10-23,CUST-1092,Shweta Yadav,Furniture,Lighting,Table Lamp,South,Tamil Nadu,Unknown,2112.8,2,0.05,1671.57,Net Banking,Shipped
ORD-12433,2025-04-21,CUST-1041,Priya Yadav,Office Supplies,Stationery,Notebook,South,Andhra Pradesh,Visakhapatnam,766.65,3,0.05,541.16,Credit Card,Delivered
ORD-12434,2025-03-11,CUST-1613,Arjun Jain,Electronics,Laptops,Dell Laptop,East,Odisha,Cuttack,256406.75,5,0.15,191721.11,Cash on Delivery,Delivered
ORD-12435,2025-05-29,CUST-1764,Neha Verma,Furniture,Office Furniture,Bookshelf,East,Bihar,Patna,9103.5,2,0.15,6929.56,Cash on Delivery,Delivered
ORD-12436,2025-06-21,CUST-1009,Deepak Patel,Electronics,Monitors,LG Monitor,West,Madhya Pradesh,Indore,85741.2,4,0.15,68185.15,Cash on Delivery,Delivered
ORD-12437,2025-08-23,CUST-1308,Manish Verma,Office Supplies,Equipment,Paper Shredder,South,Telangana,Hyderabad,13043.5,2,0.05,9466.01,UPI,Delivered
ORD-12438,2025-12-20,CUST-1339,Sneha Mishra,Home Appliances,Kitchen,Mixer Grinder,North,Rajasthan,Jaipur,18900.0,5,0.2,11503.67,Credit Card,Delivered
ORD-12439,2025-10-30,CUST-1719,Neha Agarwal,Office Supplies,Stationery,Notebook,West,Madhya Pradesh,Bhopal,641.75,5,0.15,471.02,Net Banking,Delivered
ORD-12440,2025-09-24,CUST-1550,Priya Mishra,Office Supplies,Stationery,Stapler,North,Haryana,Panipat,1266.0,3,0.0,778.73,UPI,Delivered
ORD-12441,2025-06-03,CUST-1150,Sneha Patel,Office Supplies,Paper,Printer Paper,East,Odisha,Bhubaneswar,250.0,1,0.0,203.18,UPI,Shipped
ORD-12442,2025-10-07,CUST-1656,Meena Yadav,Furniture,Storage,Storage Cabinet,North,Delhi,New Delhi,22660.8,3,0.2,15333.92,Cash on Delivery,Cancelled
ORD-12443,2025-02-09,CUST-1104,Anil Mishra,Office Supplies,Paper,Copy Paper,East,West Bengal,Kolkata,1108.0,4,0.0,905.97,Net Banking,Delivered
ORD-12444,2025-12-18,CUST-1166,Pooja Singh,Office Supplies,Paper,Printer Paper,West,Goa,Margao,341.0,1,0.0,275.4,Debit Card,Cancelled
ORD-12445,2025-05-09,CUST-1399,Meena Singh,Office Supplies,Stationery,Pen Set,South,Tamil Nadu,Madurai,527.25,1,0.05,404.19,Credit Card,Delivered
ORD-12446,2025-07-17,CUST-1393,Rahul Patel,Electronics,Laptops,ASUS Laptop,West,Goa,Margao,49098.4,1,0.2,35909.21,UPI,Delivered
ORD-12447,2025-08-15,CUST-1592,Neha Verma,Furniture,Office Furniture,Office Desk,East,Bihar,Gaya,13810.0,1,0.0,11436.86,Credit Card,Delivered
ORD-12448,2025-11-21,CUST-1110,Sneha Mishra,Electronics,Monitors,LG Monitor,East,West Bengal,Siliguri,28353.6,3,0.2,22200.39,Debit Card,Delivered
ORD-12449,2025-03-04,CUST-1197,Manish Gupta,Electronics,Smartphones,iPhone,East,Jharkhand,Jamshedpur,537180.0,5,0.0,366456.03,Net Banking,Cancelled
ORD-12450,2025-06-13,CUST-1566,Rohit Agarwal,Home Appliances,Cooling,Air Cooler,North,Punjab,Jalandhar,31387.5,5,0.1,20226.73,Debit Card,Shipped
ORD-12451,2025-04-02,CUST-1175,Anil Patel,Furniture,Lighting,LED Desk Lamp,North,Uttar Pradesh,Varanasi,6579.0,5,0.1,4128.58,UPI,Returned
ORD-12452,2025-02-13,CUST-1222,Ritu Mishra,Office Supplies,Stationery,Pen Set,East,Bihar,Patna,771.0,3,0.0,637.19,Credit Card,Returned
ORD-12453,2025-12-30,CUST-1032,Rohit Agarwal,Electronics,Monitors,Samsung Monitor,West,Maharashtra,Pune,58274.4,3,0.2,49237.39,Cash on Delivery,Shipped
ORD-12454,2025-07-20,CUST-1413,Neha Patel,Home Appliances,Kitchen,Electric Kettle,West,Maharashtra,Pune,1710.2,1,0.15,1221.54,Debit Card,Shipped
ORD-12455,2025-02-22,CUST-1427,Varun Kumar,Furniture,Lighting,Table Lamp,North,Punjab,Ludhiana,4520.0,5,0.0,2823.16,UPI,Shipped
ORD-12456,2025-06-11,CUST-1141,Manish Verma,Furniture,Storage,Filing Cabinet,West,Madhya Pradesh,Bhopal,45535.0,5,0.0,35600.02,Credit Card,Cancelled
ORD-12457,2025-05-09,CUST-1405,Sanjay Yadav,Furniture,Office Furniture,Office Chair,East,West Bengal,Kolkata,24421.5,3,0.1,15623.2,Cash on Delivery,Delivered
ORD-12458,2025-08-14,CUST-1041,Kavita Agarwal,Furniture,Lighting,Table Lamp,East,West Bengal,Siliguri,12716.0,5,0.15,9663.5,Net Banking,Cancelled
ORD-12459,2025-07-22,CUST-1482,Varun Sharma,Electronics,Laptops,ASUS Laptop,East,Jharkhand,Ranchi,153079.2,3,0.1,124102.75,UPI,Delivered
ORD-12460,2025-05-04,CUST-1224,Rahul Mishra,Home Appliances,Kitchen,Microwave,North,Uttar Pradesh,Prayagraj,33310.8,4,0.1,22289.17,Net Banking,Delivered
ORD-12461,2025-05-29,CUST-1067,Anjali Jain,Home Appliances,Cleaning,Vacuum Cleaner,South,Andhra Pradesh,Vijayawada,63117.0,5,0.1,48904.88,Credit Card,Shipped
ORD-12462,2025-12-03,CUST-1106,Nisha Singh,Furniture,Storage,Storage Cabinet,South,Kerala,Kochi,26983.25,5,0.15,22157.56,UPI,Delivered
ORD-12463,2025-04-03,CUST-1667,Deepak Mishra,Office Supplies,Equipment,Calculator,East,Bihar,Patna,2180.0,1,0.0,1703.38,Cash on Delivery,Shipped
ORD-12464,2025-04-06,CUST-1691,Anil Gupta,Home Appliances,Cooling,Air Cooler,West,Gujarat,Surat,15585.6,3,0.15,13183.1,UPI,Delivered
ORD-12465,2025-09-03,CUST-1384,Amit Jain,Furniture,Storage,Storage Cabinet,West,Goa,Margao,48504.4,4,0.15,37643.65,Net Banking,Delivered
ORD-12466,2025-02-06,CUST-1244,Nisha Sharma,Office Supplies,Equipment,Paper Shredder,West,Goa,Panaji,17886.6,3,0.05,11460.32,Debit Card,Shipped
ORD-12467,2025-06-20,CUST-1345,Rohit Gupta,Office Supplies,Equipment,Calculator,South,Karnataka,Mangaluru,3306.0,3,0.0,2464.49,Credit Card,Cancelled
ORD-12468,2025-12-19,CUST-1363,Rohit Verma,Home Appliances,Cleaning,Vacuum Cleaner,North,Rajasthan,Jodhpur,7457.9,1,0.15,4902.41,Debit Card,Cancelled
ORD-12469,2025-11-06,CUST-1011,Priya Sharma,Furniture,Storage,Filing Cabinet,West,Maharashtra,Nashik,15996.6,2,0.1,10135.08,Net Banking,Returned
ORD-12470,2025-09-15,CUST-1478,Rahul Gupta,Electronics,Smartphones,Samsung Galaxy,South,Tamil Nadu,Madurai,70838.4,4,0.2,56954.21,Cash on Delivery,Returned
ORD-12471,2025-04-28,CUST-1362,Varun Agarwal,Electronics,Smartphones,Redmi Phone,West,Gujarat,Ahmedabad,74074.95,3,0.15,48966.66,Net Banking,Returned
ORD-12472,2025-04-22,CUST-1073,Anil Kumar,Electronics,Accessories,Keyboard,South,Tamil Nadu,Chennai,1734.0,2,0.15,1357.72,Debit Card,Returned
ORD-12473,2025-10-25,CUST-1266,Amit Sharma,Electronics,Smartphones,Redmi Phone,South,Andhra Pradesh,Vijayawada,75405.6,3,0.1,58727.08,UPI,Delivered
ORD-12474,2025-03-08,CUST-1070,Ritu Singh,Electronics,Laptops,ASUS Laptop,West,Maharashtra,Nagpur,43062.4,1,0.2,28655.77,Net Banking,Delivered
ORD-12475,2025-08-06,CUST-1650,Nisha Agarwal,Electronics,Monitors,Samsung Monitor,East,Bihar,Patna,122425.5,5,0.15,99834.29,UPI,Delivered
ORD-12476,2025-12-07,CUST-1132,Amit Kumar,Office Supplies,Stationery,Stapler,South,Telangana,Warangal,835.2,2,0.1,528.2,UPI,Delivered
ORD-12477,2025-07-04,CUST-1068,Rahul Sharma,Electronics,Laptops,Lenovo Laptop,West,Madhya Pradesh,Bhopal,53059.0,1,0.0,34944.83,Debit Card,Delivered
ORD-12478,2025-08-22,CUST-1585,Varun Singh,Furniture,Lighting,Table Lamp,North,Haryana,Gurugram,9617.75,5,0.15,7586.05,Net Banking,Delivered
ORD-12479,2025-12-03,CUST-1088,Sneha Yadav,Home Appliances,Cooling,Air Cooler,North,Rajasthan,Kota,43989.2,4,0.15,34482.58,Debit Card,Returned
ORD-12480,2025-02-02,CUST-1223,Ritu Agarwal,Furniture,Lighting,Table Lamp,East,West Bengal,Kolkata,6856.0,5,0.2,4895.99,Credit Card,Delivered
ORD-12481,2025-05-23,CUST-1519,Sneha Gupta,Electronics,Monitors,LG Monitor,North,Punjab,Amritsar,64836.3,3,0.15,53966.38,UPI,Cancelled
ORD-12482,2025-08-22,CUST-1742,Deepak Kumar,Electronics,Accessories,Headphones,North,Rajasthan,Kota,26568.0,4,0.1,20775.61,UPI,Delivered
ORD-12483,2025-11-17,CUST-1649,Rohit Mishra,Furniture,Lighting,Table Lamp,East,Odisha,Cuttack,10127.0,5,0.05,7751.4,Credit Card,Delivered
ORD-12484,2025-07-05,CUST-1286,Varun Patel,Furniture,Storage,Filing Cabinet,South,Tamil Nadu,Madurai,45810.0,5,0.1,27842.14,Net Banking,Delivered
ORD-12485,2025-09-22,CUST-1322,Anjali Agarwal,Home Appliances,Cooling,Air Cooler,North,Delhi,New Delhi,23539.05,3,0.15,17412.55,Debit Card,Delivered
ORD-12486,2025-01-29,CUST-1704,Neha Mishra,Office Supplies,Paper,Copy Paper,West,Goa,Panaji,384.0,1,0.2,298.39,Net Banking,Delivered
ORD-12487,2025-08-28,CUST-1716,Ritu Jain,Electronics,Laptops,ASUS Laptop,South,Tamil Nadu,Chennai,82078.2,2,0.1,49691.46,Cash on Delivery,Delivered
ORD-12488,2025-09-11,CUST-1779,Anil Verma,Electronics,Accessories,Mouse,South,Telangana,Warangal,10804.0,4,0.0,8893.06,Debit Card,Delivered
ORD-12489,2025-01-12,CUST-1711,Varun Jain,Electronics,Accessories,Mouse,East,Jharkhand,Jamshedpur,2830.5,3,0.15,1787.52,Debit Card,Delivered
ORD-12490,2025-09-12,CUST-1061,Arjun Patel,Electronics,Laptops,HP Laptop,East,Jharkhand,Ranchi,255752.25,5,0.15,203232.77,Credit Card,Delivered
ORD-12491,2025-03-22,CUST-1335,Kavita Sharma,Electronics,Accessories,Keyboard,West,Goa,Panaji,3503.7,2,0.15,2679.81,Cash on Delivery,Shipped
ORD-12492,2025-11-11,CUST-1495,Arjun Patel,Office Supplies,Stationery,Stapler,North,Delhi,New Delhi,531.25,1,0.15,401.67,Cash on Delivery,Shipped
ORD-12493,2025-10-21,CUST-1147,Arjun Yadav,Electronics,Monitors,Samsung Monitor,South,Telangana,Warangal,12776.55,1,0.05,7854.98,Cash on Delivery,Delivered
ORD-12494,2025-05-28,CUST-1251,Vikas Gupta,Home Appliances,Cleaning,Vacuum Cleaner,North,Punjab,Amritsar,33454.25,5,0.05,23950.87,Cash on Delivery,Delivered
ORD-12495,2025-09-01,CUST-1059,Amit Gupta,Office Supplies,Stationery,Stapler,West,Gujarat,Surat,870.4,2,0.15,697.64,Net Banking,Delivered
ORD-12496,2025-01-15,CUST-1706,Priya Gupta,Electronics,Smartphones,OnePlus Phone,East,Bihar,Gaya,26807.4,1,0.1,17812.41,UPI,Delivered
ORD-12497,2025-10-31,CUST-1028,Vikas Sharma,Electronics,Smartphones,Redmi Phone,East,West Bengal,Siliguri,83405.0,5,0.0,66391.62,Debit Card,Returned
ORD-12498,2025-03-07,CUST-1181,Anil Kumar,Home Appliances,Cleaning,Vacuum Cleaner,West,Gujarat,Vadodara,19869.6,3,0.2,13240.68,Credit Card,Delivered
ORD-12499,2025-08-06,CUST-1123,Rohit Yadav,Office Supplies,Paper,Printer Paper,North,Punjab,Jalandhar,2620.0,4,0.0,1921.73,Debit Card,Delivered
ORD-12500,2025-04-18,CUST-1450,Priya Jain,Office Supplies,Stationery,Stapler,South,Kerala,Kochi,340.8,1,0.2,253.94,Debit Card,Delivered
ORD-12501,2025-04-04,CUST-1197,Vikas Gupta,Office Supplies,Equipment,Calculator,West,Goa,Panaji,4397.4,2,0.1,3601.36,Credit Card,Shipped
ORD-12502,2025-09-23,CUST-1031,Priya Sharma,Home Appliances,Cooling,Air Cooler,East,Odisha,Bhubaneswar,73274.25,5,0.15,58771.36,Debit Card,Delivered
ORD-12503,2025-05-31,CUST-1135,Neha Singh,Home Appliances,Cleaning,Vacuum Cleaner,West,Madhya Pradesh,Indore,22752.0,3,0.2,15872.47,Cash on Delivery,Delivered
ORD-12504,2025-01-18,CUST-1314,Anjali Kumar,Electronics,Accessories,Headphones,North,Uttar Pradesh,Noida,24633.5,5,0.05,17182.94,Cash on Delivery,Delivered
ORD-12505,2025-03-06,CUST-1760,Kavita Mishra,Home Appliances,Cooling,Air Cooler,West,Gujarat,Surat,52924.5,5,0.1,40397.6,Net Banking,Delivered
ORD-12506,2025-10-26,CUST-1104,Vikas Verma,Home Appliances,Kitchen,Microwave,North,Punjab,Ludhiana,36488.55,3,0.05,27394.26,UPI,Delivered
ORD-12507,2025-08-11,CUST-1062,Shweta Patel,Office Supplies,Paper,Printer Paper,South,Tamil Nadu,Madurai,2044.4,4,0.05,1429.62,Credit Card,Delivered
ORD-12508,2025-12-09,CUST-1107,Sneha Kumar,Home Appliances,Kitchen,Mixer Grinder,South,Karnataka,Mangaluru,11090.0,2,0.0,8453.59,Credit Card,Cancelled
ORD-12509,2025-12-15,CUST-1710,Shweta Kumar,Office Supplies,Stationery,Pen Set,South,Andhra Pradesh,Visakhapatnam,3087.0,5,0.1,1972.05,Credit Card,Delivered
ORD-12510,2025-02-16,CUST-1512,Shweta Kumar,Office Supplies,Equipment,Paper Shredder,East,Odisha,Cuttack,29325.0,5,0.15,22969.14,UPI,Delivered
ORD-12511,2025-08-18,CUST-1743,Manish Verma,Home Appliances,Cooling,Air Cooler,East,Odisha,Bhubaneswar,46288.75,5,0.05,37609.68,Debit Card,Delivered
ORD-12512,2025-03-24,CUST-1219,Meena Gupta,Home Appliances,Kitchen,Microwave,East,Bihar,Gaya,45732.0,4,0.0,36201.97,Debit Card,Delivered
ORD-12513,2025-05-23,CUST-1746,Pooja Mishra,Furniture,Lighting,LED Desk Lamp,West,Maharashtra,Mumbai,6134.0,2,0.0,5147.96,UPI,Delivered
ORD-12514,2025-01-04,CUST-1140,Vikas Jain,Office Supplies,Equipment,Paper Shredder,South,Karnataka,Mysuru,32870.0,5,0.05,26239.64,Cash on Delivery,Cancelled
ORD-12515,2025-03-11,CUST-1453,Anjali Agarwal,Furniture,Lighting,Table Lamp,East,Odisha,Bhubaneswar,5372.25,3,0.05,4446.41,Credit Card,Returned
ORD-12516,2025-11-24,CUST-1468,Manish Singh,Furniture,Office Furniture,Office Desk,East,Bihar,Gaya,9345.0,1,0.0,5929.29,UPI,Delivered
ORD-12517,2025-08-14,CUST-1775,Unknown Customer,Office Supplies,Equipment,Paper Shredder,West,Gujarat,Vadodara,40200.75,5,0.15,33881.7,Debit Card,Delivered
ORD-12518,2025-09-12,CUST-1070,Neha Mishra,Electronics,Monitors,Dell Monitor,East,Bihar,Patna,22688.0,1,0.2,16785.9,UPI,Shipped
ORD-12519,2025-08-21,CUST-1228,Amit Patel,Furniture,Office Furniture,Office Desk,West,Maharashtra,Nashik,61848.0,4,0.0,52298.75,Cash on Delivery,Delivered
ORD-12520,2025-04-09,CUST-1282,Anil Kumar,Home Appliances,Cooling,Air Cooler,West,Maharashtra,Pune,82335.0,5,0.0,60217.46,Net Banking,Shipped
ORD-12521,2025-01-10,CUST-1001,Meena Sharma,Electronics,Accessories,Keyboard,East,Bihar,Patna,7770.0,2,0.0,5676.85,Debit Card,Delivered
ORD-12522,2025-04-03,CUST-1252,Meena Mishra,Furniture,Office Furniture,Office Chair,East,West Bengal,Kolkata,36405.6,3,0.2,26540.54,Net Banking,Delivered
ORD-12523,2025-02-28,CUST-1472,Neha Agarwal,Furniture,Office Furniture,Bookshelf,North,Delhi,New Delhi,64105.0,5,0.0,51193.7,UPI,Shipped
ORD-12524,2025-05-25,CUST-1069,Kavita Mishra,Electronics,Smartphones,Samsung Galaxy,North,Delhi,Delhi,37662.4,1,0.2,28484.76,Net Banking,Delivered
ORD-12525,2025-11-29,CUST-1358,Ritu Agarwal,Electronics,Monitors,Samsung Monitor,West,Goa,Margao,17955.0,1,0.1,10966.44,Cash on Delivery,Returned
ORD-12526,2025-08-13,CUST-1181,Deepak Yadav,Furniture,Storage,Filing Cabinet,East,Odisha,Cuttack,54144.0,5,0.1,33899.34,UPI,Delivered
ORD-12527,2025-12-20,CUST-1138,Rahul Kumar,Office Supplies,Stationery,Stapler,South,Andhra Pradesh,Visakhapatnam,1596.0,3,0.05,999.91,Net Banking,Delivered
ORD-12528,2025-12-06,CUST-1199,Varun Patel,Electronics,Accessories,Headphones,South,Andhra Pradesh,Visakhapatnam,16844.4,4,0.1,14185.73,Net Banking,Shipped
ORD-12529,2025-12-14,CUST-1574,Anjali Patel,Office Supplies,Equipment,Calculator,West,Goa,Margao,519.35,1,0.15,395.44,Net Banking,Delivered
ORD-12530,2025-11-25,CUST-1155,Anjali Kumar,Furniture,Lighting,LED Desk Lamp,North,Rajasthan,Jodhpur,15763.5,5,0.1,10311.8,Net Banking,Delivered
ORD-12531,2025-02-07,CUST-1164,Arjun Patel,Office Supplies,Paper,Printer Paper,South,Karnataka,Mysuru,958.8,3,0.15,706.3,Debit Card,Delivered
ORD-12532,2025-01-02,CUST-1300,Rahul Agarwal,Electronics,Accessories,Mouse,South,Kerala,Thiruvananthapuram,10925.0,4,0.05,9247.33,Cash on Delivery,Delivered
ORD-12533,2025-01-26,CUST-1793,Deepak Singh,Home Appliances,Kitchen,Mixer Grinder,East,Bihar,Gaya,14506.95,3,0.15,12295.46,UPI,Delivered
ORD-12534,2025-05-08,CUST-1005,Amit Jain,Electronics,Monitors,Dell Monitor,West,Madhya Pradesh,Indore,37984.8,2,0.05,26023.57,Net Banking,Delivered
ORD-12535,2025-01-11,CUST-1008,Shweta Jain,Furniture,Storage,Filing Cabinet,North,Punjab,Amritsar,10459.5,2,0.05,8633.99,Debit Card,Delivered
ORD-12536,2025-05-06,CUST-1653,Pooja Mishra,Office Supplies,Paper,Copy Paper,South,Tamil Nadu,Madurai,2388.0,5,0.2,2028.59,Net Banking,Returned
ORD-12537,2025-08-14,CUST-1029,Sneha Sharma,Home Appliances,Cleaning,Vacuum Cleaner,East,West Bengal,Kolkata,9076.3,1,0.05,6007.42,Net Banking,Delivered
ORD-12538,2025-01-27,CUST-1285,Shweta Verma,Furniture,Storage,Storage Cabinet,East,Odisha,Cuttack,14295.3,1,0.15,9429.04,Net Banking,Delivered
ORD-12539,2025-04-06,CUST-1082,Neha Agarwal,Office Supplies,Paper,Copy Paper,East,Odisha,Bhubaneswar,2010.25,5,0.15,1267.43,Credit Card,Delivered
ORD-12540,2025-10-04,CUST-1742,Sneha Kumar,Home Appliances,Cooling,Air Cooler,North,Punjab,Ludhiana,32570.0,2,0.0,21583.26,Cash on Delivery,Shipped
ORD-12541,2025-09-14,CUST-1482,Sanjay Yadav,Electronics,Smartphones,OnePlus Phone,South,Telangana,Hyderabad,62942.4,2,0.2,51447.84,Cash on Delivery,Returned
ORD-12542,2025-03-23,CUST-1126,Priya Patel,Electronics,Smartphones,OnePlus Phone,North,Uttar Pradesh,Noida,39573.0,1,0.1,33123.35,Debit Card,Returned
ORD-12543,2025-06-29,CUST-1430,Kavita Agarwal,Office Supplies,Stationery,Stapler,North,Punjab,Jalandhar,1829.2,4,0.15,1100.75,Debit Card,Delivered
ORD-12544,2025-10-08,CUST-1604,Deepak Patel,Office Supplies,Paper,Copy Paper,North,Uttar Pradesh,Noida,1703.4,4,0.15,1342.21,Net Banking,Delivered
ORD-12545,2025-08-31,CUST-1737,Anjali Yadav,Home Appliances,Kitchen,Electric Kettle,East,Odisha,Cuttack,4542.0,3,0.0,3293.1,Debit Card,Returned
ORD-12546,2025-11-25,CUST-1144,Shweta Yadav,Furniture,Office Furniture,Office Desk,West,Goa,Margao,27086.4,3,0.1,20133.5,Cash on Delivery,Shipped
ORD-12547,2025-09-11,CUST-1542,Vikas Patel,Office Supplies,Paper,Copy Paper,East,Bihar,Gaya,670.0,2,0.0,474.21,Cash on Delivery,Delivered
ORD-12548,2025-12-21,CUST-1042,Anjali Patel,Furniture,Lighting,LED Desk Lamp,South,Andhra Pradesh,Visakhapatnam,3426.0,3,0.0,2380.99,Net Banking,Delivered
ORD-12549,2025-06-06,CUST-1425,Anjali Gupta,Electronics,Monitors,Dell Monitor,North,Delhi,New Delhi,16356.0,1,0.0,12037.96,Credit Card,Shipped
ORD-12550,2025-05-03,CUST-1248,Amit Verma,Office Supplies,Equipment,Calculator,North,Uttar Pradesh,Prayagraj,4406.4,4,0.1,3196.59,Debit Card,Delivered
ORD-12551,2025-09-25,CUST-1511,Priya Mishra,Furniture,Lighting,LED Desk Lamp,South,Telangana,Warangal,2407.0,1,0.0,1610.57,Net Banking,Shipped
ORD-12552,2025-08-23,CUST-1260,Neha Agarwal,Home Appliances,Cooling,Air Cooler,South,Telangana,Hyderabad,67375.0,5,0.0,51486.81,Debit Card,Delivered
ORD-12553,2025-07-23,CUST-1435,Meena Yadav,Office Supplies,Equipment,Paper Shredder,South,Tamil Nadu,Madurai,11625.45,3,0.15,8874.07,Credit Card,Delivered
ORD-12554,2025-12-16,CUST-1397,Rahul Verma,Office Supplies,Paper,Copy Paper,North,Haryana,Gurugram,1767.0,4,0.05,1321.68,Net Banking,Returned
ORD-12555,2025-12-17,CUST-1550,Varun Singh,Home Appliances,Cooling,Air Cooler,East,Odisha,Bhubaneswar,22290.4,2,0.15,16520.47,Cash on Delivery,Delivered
ORD-12556,2025-02-16,CUST-1005,Vikas Agarwal,Office Supplies,Equipment,Calculator,North,Rajasthan,Jaipur,707.2,1,0.2,593.18,Net Banking,Delivered
ORD-12557,2025-02-21,CUST-1132,Rohit Mishra,Office Supplies,Paper,Copy Paper,North,Rajasthan,Jaipur,730.8,2,0.1,514.68,Credit Card,Delivered
ORD-12558,2025-01-19,CUST-1097,Pooja Mishra,Furniture,Lighting,Table Lamp,East,Jharkhand,Ranchi,2277.6,3,0.2,1455.19,Credit Card,Cancelled
ORD-12559,2025-03-09,CUST-1393,Vikas Mishra,Office Supplies,Stationery,Notebook,South,Andhra Pradesh,Vijayawada,364.65,1,0.15,247.4,Cash on Delivery,Returned
ORD-12560,2025-09-27,CUST-1291,Anil Kumar,Office Supplies,Equipment,Paper Shredder,South,Karnataka,Bengaluru,18302.4,2,0.1,11206.88,Debit Card,Delivered
ORD-12561,2025-01-08,CUST-1779,Meena Gupta,Electronics,Accessories,Keyboard,South,Tamil Nadu,Madurai,3393.0,2,0.1,2039.12,Credit Card,Delivered
ORD-12562,2025-01-13,CUST-1635,Amit Agarwal,Furniture,Lighting,LED Desk Lamp,East,West Bengal,Kolkata,2599.3,2,0.15,1868.06,Credit Card,Delivered
ORD-12563,2025-08-12,CUST-1364,Priya Kumar,Home Appliances,Kitchen,Microwave,East,Jharkhand,Ranchi,42165.75,3,0.05,28857.75,Debit Card,Shipped
ORD-12564,2025-02-24,CUST-1296,Kavita Verma,Home Appliances,Kitchen,Microwave,South,Kerala,Thiruvananthapuram,31357.6,2,0.05,25075.4,Cash on Delivery,Cancelled
ORD-12565,2025-03-07,CUST-1622,Arjun Singh,Electronics,Monitors,Dell Monitor,East,West Bengal,Kolkata,15124.5,1,0.1,12214.95,Credit Card,Cancelled
ORD-12566,2025-05-08,CUST-1584,Rahul Yadav,Furniture,Storage,Storage Cabinet,South,Kerala,Thiruvananthapuram,34561.0,4,0.05,26826.73,Cash on Delivery,Delivered
ORD-12567,2025-03-09,CUST-1618,Meena Sharma,Electronics,Smartphones,Redmi Phone,South,Kerala,Kochi,84479.7,3,0.05,62670.41,Debit Card,Delivered
ORD-12568,2025-08-25,CUST-1684,Anil Kumar,Electronics,Accessories,Headphones,South,Karnataka,Mangaluru,4904.0,2,0.0,3963.94,Net Banking,Returned
ORD-12569,2025-12-01,CUST-1739,Priya Patel,Office Supplies,Paper,Printer Paper,North,Uttar Pradesh,Lucknow,1436.4,4,0.05,1002.71,Debit Card,Delivered
ORD-12570,2025-04-18,CUST-1165,Shweta Yadav,Furniture,Lighting,Table Lamp,North,Punjab,Ludhiana,2563.1,1,0.05,1643.68,Net Banking,Delivered
ORD-12571,2025-09-14,CUST-1245,Priya Singh,Office Supplies,Equipment,Paper Shredder,East,West Bengal,Siliguri,3568.8,1,0.2,2958.54,Credit Card,Shipped
ORD-12572,2025-07-10,CUST-1224,Rahul Sharma,Electronics,Accessories,Keyboard,North,Rajasthan,Jaipur,3521.6,2,0.2,2756.43,Net Banking,Cancelled
ORD-12573,2025-09-01,CUST-1457,Priya Kumar,Electronics,Accessories,Keyboard,East,Odisha,Cuttack,15727.5,5,0.1,13226.54,UPI,Delivered
ORD-12574,2025-05-29,CUST-1281,Anjali Gupta,Office Supplies,Paper,Copy Paper,South,Tamil Nadu,Madurai,1872.0,4,0.1,1562.31,UPI,Delivered
ORD-12575,2025-06-01,CUST-1767,Anjali Gupta,Office Supplies,Paper,Printer Paper,West,Maharashtra,Nashik,1911.0,3,0.0,1537.22,Cash on Delivery,Delivered
ORD-12576,2025-02-25,CUST-1747,Sneha Yadav,Home Appliances,Cleaning,Vacuum Cleaner,East,Odisha,Cuttack,5399.8,1,0.05,4192.05,Net Banking,Cancelled
ORD-12577,2025-06-11,CUST-1158,Sanjay Patel,Furniture,Office Furniture,Office Chair,East,Odisha,Cuttack,36180.75,5,0.05,30489.17,Credit Card,Delivered
ORD-12578,2025-02-17,CUST-1750,Arjun Mishra,Furniture,Storage,Filing Cabinet,West,Madhya Pradesh,Indore,21998.0,2,0.15,15471.26,Debit Card,Delivered
ORD-12579,2025-05-26,CUST-1148,Anjali Kumar,Home Appliances,Kitchen,Electric Kettle,South,Karnataka,Bengaluru,1617.55,1,0.15,1033.31,Cash on Delivery,Shipped
ORD-12580,2025-03-15,CUST-1125,Amit Patel,Office Supplies,Equipment,Calculator,South,Telangana,Hyderabad,3857.0,5,0.05,2899.84,Debit Card,Delivered
ORD-12581,2025-02-14,CUST-1734,Varun Patel,Electronics,Accessories,Mouse,East,Bihar,Gaya,8763.75,5,0.05,6580.39,Cash on Delivery,Delivered
ORD-12582,2025-10-03,CUST-1218,Varun Agarwal,Electronics,Accessories,Headphones,East,Jharkhand,Ranchi,6381.0,2,0.1,4465.49,Net Banking,Delivered
ORD-12583,2025-11-08,CUST-1317,Nisha Gupta,Furniture,Lighting,LED Desk Lamp,East,West Bengal,Siliguri,7425.0,5,0.1,6135.69,UPI,Shipped
ORD-12584,2025-06-17,CUST-1344,Shweta Singh,Home Appliances,Kitchen,Microwave,West,Madhya Pradesh,Bhopal,61810.8,4,0.05,40342.6,Credit Card,Delivered
ORD-12585,2025-08-18,CUST-1753,Sanjay Agarwal,Furniture,Storage,Filing Cabinet,South,Telangana,Warangal,36078.15,3,0.05,23382.58,Credit Card,Delivered
ORD-12586,2025-11-23,CUST-1258,Anjali Yadav,Office Supplies,Stationery,Pen Set,East,West Bengal,Kolkata,2475.0,5,0.0,1823.36,Net Banking,Returned
ORD-12587,2025-09-20,CUST-1406,Sanjay Jain,Office Supplies,Paper,Copy Paper,East,Jharkhand,Ranchi,604.2,1,0.05,465.26,Cash on Delivery,Delivered
ORD-12588,2025-02-12,CUST-1533,Anjali Patel,Furniture,Lighting,LED Desk Lamp,West,Madhya Pradesh,Bhopal,2860.8,3,0.2,2413.81,Credit Card,Cancelled
ORD-12589,2025-12-02,CUST-1241,Rohit Jain,Electronics,Accessories,Headphones,South,Andhra Pradesh,Vijayawada,5429.8,2,0.15,3829.13,UPI,Returned
ORD-12590,2025-03-11,CUST-1661,Manish Agarwal,Electronics,Smartphones,OnePlus Phone,East,Bihar,Patna,25526.35,1,0.15,16688.24,Cash on Delivery,Returned
ORD-12591,2025-07-07,CUST-1185,Amit Sharma,Electronics,Monitors,Dell Monitor,South,Tamil Nadu,Madurai,23556.2,2,0.05,15561.02,Net Banking,Cancelled
ORD-12592,2025-12-18,CUST-1223,Anil Kumar,Furniture,Office Furniture,Office Chair,North,Rajasthan,Kota,21831.0,4,0.05,14432.51,Cash on Delivery,Shipped
ORD-12593,2025-08-07,CUST-1496,Sanjay Sharma,Electronics,Smartphones,Samsung Galaxy,North,Delhi,Delhi,179449.2,4,0.1,125562.98,Cash on Delivery,Cancelled
ORD-12594,2025-12-19,CUST-1015,Amit Sharma,Electronics,Accessories,Mouse,North,Rajasthan,Kota,3904.5,3,0.05,3259.29,Debit Card,Shipped
ORD-12595,2025-05-03,CUST-1264,Manish Jain,Electronics,Monitors,LG Monitor,East,West Bengal,Siliguri,64518.4,4,0.15,48692.14,UPI,Delivered
ORD-12596,2025-11-17,CUST-1060,Nisha Agarwal,Furniture,Lighting,Table Lamp,North,Delhi,Delhi,1842.0,1,0.0,1126.65,Credit Card,Cancelled
ORD-12597,2025-09-24,CUST-1010,Nisha Gupta,Furniture,Office Furniture,Office Chair,West,Maharashtra,Pune,63648.0,4,0.0,38586.71,Cash on Delivery,Returned
ORD-12598,2025-12-30,CUST-1220,Sanjay Kumar,Furniture,Lighting,LED Desk Lamp,North,Rajasthan,Jaipur,6652.1,2,0.15,4630.49,Debit Card,Delivered
ORD-12599,2025-12-02,CUST-1044,Sanjay Verma,Home Appliances,Cleaning,Vacuum Cleaner,South,Karnataka,Bengaluru,18511.2,3,0.2,15524.27,Credit Card,Delivered
ORD-12600,2025-07-17,CUST-1506,Amit Verma,Electronics,Laptops,ASUS Laptop,North,Haryana,Faridabad,273459.4,4,0.05,229233.15,UPI,Delivered
ORD-12601,2025-06-13,CUST-1099,Priya Gupta,Home Appliances,Cleaning,Vacuum Cleaner,East,Odisha,Bhubaneswar,7405.25,1,0.05,4518.68,Cash on Delivery,Delivered
ORD-12602,2025-02-12,CUST-1495,Priya Gupta,Electronics,Monitors,Dell Monitor,North,Punjab,Jalandhar,23946.4,1,0.2,16050.15,UPI,Delivered
ORD-12603,2025-12-07,CUST-1351,Amit Agarwal,Office Supplies,Equipment,Paper Shredder,West,Goa,Panaji,15276.6,2,0.1,10742.74,Net Banking,Delivered
ORD-12604,2025-02-01,CUST-1239,Sneha Jain,Home Appliances,Kitchen,Electric Kettle,West,Madhya Pradesh,Indore,3125.5,1,0.05,2653.7,Net Banking,Delivered
ORD-12605,2025-05-20,CUST-1676,Varun Sharma,Office Supplies,Equipment,Calculator,West,Gujarat,Surat,1442.1,1,0.05,1024.56,Net Banking,Cancelled
ORD-12606,2025-11-01,CUST-1454,Deepak Singh,Electronics,Smartphones,OnePlus Phone,South,Andhra Pradesh,Vijayawada,48658.0,1,0.0,30289.49,Credit Card,Delivered
ORD-12607,2025-04-09,CUST-1262,Amit Yadav,Electronics,Laptops,Lenovo Laptop,South,Kerala,Kochi,46543.5,1,0.1,28408.49,Debit Card,Delivered
ORD-12608,2025-02-03,CUST-1691,Sneha Kumar,Home Appliances,Kitchen,Electric Kettle,East,West Bengal,Kolkata,6758.4,4,0.2,4649.18,Net Banking,Shipped
ORD-12609,2025-08-12,CUST-1523,Nisha Yadav,Office Supplies,Stationery,Pen Set,South,Karnataka,Bengaluru,562.5,5,0.1,426.76,Cash on Delivery,Cancelled
ORD-12610,2025-02-11,CUST-1253,Nisha Jain,Electronics,Laptops,Lenovo Laptop,North,Rajasthan,Jaipur,169993.2,3,0.15,135813.02,Net Banking,Delivered
ORD-12611,2025-08-13,CUST-1427,Anil Patel,Home Appliances,Cooling,Air Cooler,West,Gujarat,Surat,13928.0,1,0.0,10335.43,UPI,Delivered
ORD-12612,2025-08-05,CUST-1314,Priya Verma,Furniture,Office Furniture,Bookshelf,East,Jharkhand,Ranchi,26190.0,2,0.0,17361.24,Debit Card,Delivered
ORD-12613,2025-06-06,CUST-1463,Ritu Singh,Office Supplies,Stationery,Stapler,East,Jharkhand,Ranchi,336.0,2,0.2,278.66,Cash on Delivery,Cancelled
ORD-12614,2025-12-20,CUST-1187,Nisha Kumar,Home Appliances,Kitchen,Microwave,East,Bihar,Gaya,27436.8,2,0.2,22473.53,Credit Card,Delivered
ORD-12615,2025-11-18,CUST-1743,Priya Agarwal,Electronics,Smartphones,Redmi Phone,North,Delhi,Delhi,52492.8,4,0.2,41993.06,Debit Card,Returned
ORD-12616,2025-07-16,CUST-1294,Nisha Kumar,Home Appliances,Kitchen,Electric Kettle,West,Gujarat,Vadodara,8784.0,5,0.1,6857.75,Net Banking,Returned
ORD-12617,2025-12-13,CUST-1356,Vikas Gupta,Home Appliances,Cooling,Air Cooler,North,Rajasthan,Kota,33136.0,4,0.05,23802.59,Debit Card,Returned
ORD-12618,2025-04-26,CUST-1241,Varun Sharma,Electronics,Accessories,Mouse,East,Bihar,Patna,2710.8,2,0.1,2154.78,UPI,Delivered
ORD-12619,2025-12-20,CUST-1137,Anil Mishra,Office Supplies,Stationery,Pen Set,East,Bihar,Gaya,969.0,2,0.05,775.13,Cash on Delivery,Shipped
ORD-12620,2025-08-03,CUST-1187,Manish Gupta,Office Supplies,Paper,Copy Paper,West,Madhya Pradesh,Bhopal,1305.0,3,0.0,1024.49,Debit Card,Delivered
ORD-12621,2025-05-19,CUST-1298,Vikas Verma,Office Supplies,Paper,Copy Paper,North,Uttar Pradesh,Noida,1458.0,3,0.1,1049.05,Debit Card,Delivered
ORD-12622,2025-02-11,CUST-1647,Nisha Jain,Office Supplies,Paper,Printer Paper,West,Gujarat,Vadodara,1377.0,5,0.1,851.88,Cash on Delivery,Delivered
ORD-12623,2025-03-04,CUST-1418,Arjun Agarwal,Office Supplies,Stationery,Stapler,South,Telangana,Warangal,2817.75,5,0.15,1812.89,Net Banking,Cancelled
ORD-12624,2025-04-15,CUST-1331,Manish Patel,Office Supplies,Stationery,Notebook,East,Odisha,Bhubaneswar,303.3,1,0.1,243.36,Debit Card,Delivered
ORD-12625,2025-11-30,CUST-1078,Ritu Gupta,Furniture,Office Furniture,Office Desk,West,Madhya Pradesh,Bhopal,49032.0,4,0.1,33394.25,Credit Card,Delivered
ORD-12626,2025-01-14,CUST-1742,Ritu Verma,Office Supplies,Stationery,Stapler,South,Telangana,Warangal,2369.8,4,0.15,1978.65,Debit Card,Delivered
ORD-12627,2025-01-25,CUST-1651,Anil Kumar,Home Appliances,Cooling,Air Cooler,East,West Bengal,Siliguri,17884.0,1,0.0,12418.74,Cash on Delivery,Cancelled
ORD-12628,2025-07-31,CUST-1249,Kavita Kumar,Home Appliances,Cooling,Air Cooler,North,Delhi,New Delhi,46160.0,4,0.0,32597.51,Debit Card,Delivered
ORD-12629,2025-02-12,CUST-1359,Shweta Sharma,Office Supplies,Stationery,Notebook,North,Uttar Pradesh,Kanpur,239.7,2,0.15,146.46,Debit Card,Returned
ORD-12630,2025-01-27,CUST-1192,Sneha Singh,Electronics,Smartphones,Samsung Galaxy,East,Bihar,Patna,218155.0,5,0.0,145306.15,Cash on Delivery,Shipped
ORD-12631,2025-06-01,CUST-1145,Neha Sharma,Home Appliances,Cooling,Air Cooler,East,Jharkhand,Jamshedpur,13062.0,2,0.0,9951.06,Debit Card,Delivered
ORD-12632,2025-05-23,CUST-1277,Vikas Kumar,Furniture,Storage,Filing Cabinet,East,West Bengal,Siliguri,23351.2,2,0.15,14406.11,Debit Card,Shipped
ORD-12633,2025-07-08,CUST-1174,Ritu Mishra,Home Appliances,Cooling,Air Cooler,West,Madhya Pradesh,Indore,22438.4,2,0.2,16289.4,Cash on Delivery,Delivered
ORD-12634,2025-01-15,CUST-1349,Priya Agarwal,Home Appliances,Cleaning,Vacuum Cleaner,East,Jharkhand,Ranchi,11415.6,1,0.1,8903.86,UPI,Delivered
ORD-12635,2025-07-08,CUST-1601,Manish Patel,Electronics,Monitors,Dell Monitor,West,Maharashtra,Nagpur,56164.0,5,0.05,38486.38,Net Banking,Cancelled
ORD-12636,2025-01-14,CUST-1137,Ritu Mishra,Electronics,Accessories,Keyboard,East,Jharkhand,Jamshedpur,5247.9,3,0.15,4338.97,Net Banking,Delivered
ORD-12637,2025-09-06,CUST-1335,Anil Singh,Office Supplies,Stationery,Pen Set,North,Uttar Pradesh,Lucknow,1480.1,2,0.05,1028.55,Debit Card,Delivered
ORD-12638,2025-09-27,CUST-1024,Vikas Kumar,Office Supplies,Equipment,Calculator,West,Goa,Panaji,3591.0,3,0.1,2370.42,Credit Card,Returned
ORD-12639,2025-05-22,CUST-1657,Deepak Agarwal,Home Appliances,Cooling,Air Cooler,East,Odisha,Bhubaneswar,28781.85,3,0.15,23716.61,Net Banking,Returned
ORD-12640,2025-05-10,CUST-1574,Neha Singh,Furniture,Storage,Storage Cabinet,West,Maharashtra,Pune,43209.6,4,0.2,35061.37,UPI,Delivered
ORD-12641,2025-12-04,CUST-1504,Priya Singh,Office Supplies,Equipment,Paper Shredder,South,Kerala,Kochi,31882.95,3,0.05,20795.86,Cash on Delivery,Delivered
ORD-12642,2025-09-12,CUST-1261,Shweta Patel,Furniture,Lighting,LED Desk Lamp,North,Delhi,New Delhi,2945.25,3,0.15,1767.83,Cash on Delivery,Delivered
ORD-12643,2025-02-15,CUST-1351,Shweta Verma,Home Appliances,Cooling,Air Cooler,South,Telangana,Hyderabad,42731.0,4,0.05,34581.73,Cash on Delivery,Delivered
ORD-12644,2025-02-05,CUST-1725,Manish Patel,Office Supplies,Stationery,Stapler,East,Jharkhand,Ranchi,1731.0,3,0.0,1173.74,Net Banking,Cancelled
ORD-12645,2025-03-27,CUST-1023,Arjun Sharma,Home Appliances,Kitchen,Mixer Grinder,West,Gujarat,Ahmedabad,17517.0,3,0.0,10812.14,Cash on Delivery,Delivered
ORD-12646,2025-09-27,CUST-1508,Manish Agarwal,Home Appliances,Cleaning,Vacuum Cleaner,South,Andhra Pradesh,Vijayawada,26632.0,2,0.0,17889.08,Cash on Delivery,Delivered
ORD-12647,2025-09-04,CUST-1088,Pooja Sharma,Furniture,Office Furniture,Bookshelf,South,Tamil Nadu,Madurai,23711.4,3,0.1,14741.6,Debit Card,Delivered
ORD-12648,2025-08-03,CUST-1669,Anjali Sharma,Furniture,Office Furniture,Office Chair,South,Karnataka,Mangaluru,45008.0,4,0.2,27548.04,Credit Card,Cancelled
ORD-12649,2025-02-04,CUST-1033,Shweta Gupta,Home Appliances,Cleaning,Vacuum Cleaner,East,Jharkhand,Jamshedpur,30375.6,4,0.15,20822.99,Net Banking,Delivered
ORD-12650,2025-06-09,CUST-1366,Neha Kumar,Office Supplies,Equipment,Calculator,West,Maharashtra,Pune,5296.5,5,0.1,3445.43,UPI,Delivered
ORD-12651,2025-01-26,CUST-1144,Pooja Patel,Office Supplies,Stationery,Notebook,South,Andhra Pradesh,Visakhapatnam,300.0,1,0.2,234.87,Credit Card,Delivered
ORD-12652,2025-12-20,CUST-1256,Manish Verma,Office Supplies,Equipment,Paper Shredder,South,Telangana,Hyderabad,30351.0,3,0.0,21735.19,Credit Card,Delivered
ORD-12653,2025-05-09,CUST-1018,Anjali Singh,Home Appliances,Cleaning,Vacuum Cleaner,East,West Bengal,Siliguri,18954.0,3,0.1,12821.01,Cash on Delivery,Delivered
ORD-12654,2025-08-12,CUST-1161,Rohit Yadav,Office Supplies,Equipment,Calculator,West,Gujarat,Vadodara,6166.4,4,0.2,4399.13,UPI,Delivered
ORD-12655,2025-10-26,CUST-1289,Rahul Yadav,Office Supplies,Stationery,Stapler,West,Madhya Pradesh,Bhopal,295.45,1,0.05,231.97,Debit Card,Shipped
ORD-12656,2025-11-14,CUST-1212,Kavita Agarwal,Furniture,Lighting,LED Desk Lamp,North,Delhi,Delhi,13164.0,5,0.2,10840.59,Cash on Delivery,Cancelled
ORD-12657,2025-10-29,CUST-1308,Meena Mishra,Office Supplies,Equipment,Calculator,North,Haryana,Panipat,4792.5,5,0.1,3877.39,Net Banking,Cancelled
ORD-12658,2025-05-31,CUST-1306,Anjali Kumar,Electronics,Laptops,Lenovo Laptop,West,Gujarat,Ahmedabad,61060.3,1,0.05,41263.93,Credit Card,Returned
ORD-12659,2025-09-27,CUST-1385,Sneha Jain,Home Appliances,Kitchen,Mixer Grinder,West,Goa,Margao,26983.25,5,0.15,20231.48,Debit Card,Returned
ORD-12660,2025-01-24,CUST-1128,Varun Yadav,Home Appliances,Cleaning,Vacuum Cleaner,East,West Bengal,Kolkata,16324.8,3,0.05,13498.92,UPI,Delivered
ORD-12661,2025-12-20,CUST-1318,Anil Agarwal,Furniture,Storage,Storage Cabinet,East,West Bengal,Siliguri,16173.75,1,0.05,10132.23,UPI,Delivered
ORD-12662,2025-12-06,CUST-1306,Amit Agarwal,Office Supplies,Paper,Copy Paper,South,Karnataka,Mysuru,867.0,3,0.15,595.05,Credit Card,Cancelled
ORD-12663,2025-09-15,CUST-1729,Manish Singh,Electronics,Monitors,Samsung Monitor,East,Jharkhand,Jamshedpur,20278.45,1,0.15,14808.69,Cash on Delivery,Delivered
ORD-12664,2025-06-27,CUST-1368,Kavita Verma,Home Appliances,Kitchen,Microwave,West,Goa,Margao,51740.8,4,0.2,42576.04,UPI,Shipped
ORD-12665,2025-05-03,CUST-1431,Deepak Yadav,Office Supplies,Equipment,Paper Shredder,West,Madhya Pradesh,Bhopal,12693.9,3,0.15,7986.26,UPI,Delivered
ORD-12666,2025-04-17,CUST-1602,Priya Yadav,Office Supplies,Paper,Printer Paper,South,Tamil Nadu,Chennai,1467.0,5,0.1,1025.04,Net Banking,Delivered
ORD-12667,2025-10-31,CUST-1132,Anil Singh,Home Appliances,Cooling,Air Cooler,East,Jharkhand,Jamshedpur,43932.0,5,0.2,31650.09,Cash on Delivery,Cancelled
ORD-12668,2025-11-07,CUST-1419,Manish Verma,Office Supplies,Stationery,Pen Set,East,Bihar,Patna,347.7,1,0.05,242.41,Credit Card,Delivered
ORD-12669,2025-06-27,CUST-1577,Anil Yadav,Electronics,Laptops,Dell Laptop,West,Gujarat,Ahmedabad,232736.8,4,0.15,173761.88,UPI,Delivered
ORD-12670,2025-09-07,CUST-1400,Manish Verma,Home Appliances,Kitchen,Microwave,North,Rajasthan,Kota,14028.3,1,0.1,10757.45,Credit Card,Returned
ORD-12671,2025-07-18,CUST-1005,Anjali Singh,Home Appliances,Kitchen,Microwave,South,Tamil Nadu,Chennai,55886.6,4,0.05,42490.21,Debit Card,Delivered
ORD-12672,2025-08-21,CUST-1383,Pooja Patel,Office Supplies,Stationery,Notebook,West,Gujarat,Vadodara,312.0,3,0.0,204.13,Credit Card,Delivered
ORD-12673,2025-04-15,CUST-1019,Manish Singh,Home Appliances,Cleaning,Vacuum Cleaner,West,Gujarat,Vadodara,19611.8,2,0.05,15118.3,Credit Card,Returned
ORD-12674,2025-06-24,CUST-1424,Anil Verma,Electronics,Accessories,Headphones,South,Karnataka,Bengaluru,14796.0,5,0.2,11341.86,Net Banking,Delivered
ORD-12675,2025-12-05,CUST-1069,Nisha Mishra,Electronics,Laptops,Dell Laptop,South,Karnataka,Mangaluru,234391.75,5,0.15,169021.45,Cash on Delivery,Delivered
ORD-12676,2025-04-18,CUST-1653,Pooja Yadav,Home Appliances,Cooling,Air Cooler,East,Jharkhand,Ranchi,28384.0,4,0.2,17552.93,Credit Card,Delivered
ORD-12677,2025-08-01,CUST-1335,Shweta Jain,Furniture,Office Furniture,Bookshelf,West,Goa,Panaji,56048.0,4,0.0,43677.16,Cash on Delivery,Delivered
ORD-12678,2025-01-16,CUST-1231,Sneha Mishra,Electronics,Smartphones,OnePlus Phone,South,Telangana,Hyderabad,135303.75,3,0.05,109779.51,Net Banking,Cancelled
ORD-12679,2025-06-18,CUST-1425,Kavita Verma,Electronics,Monitors,LG Monitor,West,Maharashtra,Pune,95608.0,5,0.2,58836.87,UPI,Delivered
ORD-12680,2025-12-25,CUST-1792,Pooja Mishra,Electronics,Monitors,Dell Monitor,South,Telangana,Warangal,126150.5,5,0.05,91701.27,Credit Card,Delivered
ORD-12681,2025-02-07,CUST-1336,Rohit Kumar,Home Appliances,Cleaning,Vacuum Cleaner,East,Jharkhand,Jamshedpur,23104.0,2,0.0,16220.22,Debit Card,Delivered
ORD-12682,2025-07-31,CUST-1355,Vikas Jain,Home Appliances,Kitchen,Electric Kettle,South,Tamil Nadu,Madurai,5042.4,3,0.2,3865.52,UPI,Returned
ORD-12683,2025-03-09,CUST-1577,Varun Jain,Office Supplies,Equipment,Paper Shredder,West,Goa,Panaji,26975.6,4,0.15,22008.32,UPI,Cancelled
ORD-12684,2025-05-02,CUST-1556,Nisha Yadav,Electronics,Laptops,Lenovo Laptop,West,Goa,Panaji,266555.75,5,0.15,209567.08,Cash on Delivery,Delivered
ORD-12685,2025-03-14,CUST-1214,Shweta Mishra,Electronics,Monitors,Dell Monitor,South,Kerala,Kochi,50124.0,2,0.0,35275.62,UPI,Shipped
ORD-12686,2025-06-17,CUST-1688,Deepak Yadav,Electronics,Accessories,Keyboard,North,Rajasthan,Jodhpur,3362.05,1,0.05,2041.66,Credit Card,Cancelled
ORD-12687,2025-12-31,CUST-1220,Nisha Jain,Electronics,Accessories,Mouse,North,Uttar Pradesh,Kanpur,8569.0,4,0.05,6090.15,UPI,Delivered
ORD-12688,2025-11-28,CUST-1455,Deepak Kumar,Office Supplies,Paper,Copy Paper,West,Gujarat,Surat,485.0,1,0.0,361.24,UPI,Delivered
ORD-12689,2025-07-27,CUST-1676,Priya Agarwal,Home Appliances,Cleaning,Vacuum Cleaner,West,Gujarat,Vadodara,9183.6,1,0.1,6408.07,Net Banking,Delivered
ORD-12690,2025-11-04,CUST-1250,Anil Yadav,Office Supplies,Paper,Copy Paper,West,Maharashtra,Nagpur,1234.0,2,0.0,973.33,Cash on Delivery,Shipped
ORD-12691,2025-08-08,CUST-1547,Rohit Sharma,Electronics,Smartphones,OnePlus Phone,South,Telangana,Hyderabad,199488.6,4,0.05,135464.56,Net Banking,Returned
ORD-12692,2025-09-18,CUST-1050,Rahul Patel,Electronics,Laptops,Lenovo Laptop,West,Maharashtra,Nagpur,172818.0,4,0.1,129976.26,Net Banking,Returned
ORD-12693,2025-01-07,CUST-1042,Amit Verma,Furniture,Lighting,LED Desk Lamp,North,Uttar Pradesh,Noida,6647.85,3,0.15,5513.85,Credit Card,Cancelled
ORD-12694,2025-06-08,CUST-1746,Sneha Kumar,Electronics,Monitors,Dell Monitor,South,Kerala,Kochi,21625.6,2,0.2,15846.86,Cash on Delivery,Delivered
ORD-12695,2025-09-12,CUST-1070,Ritu Gupta,Electronics,Monitors,LG Monitor,South,Karnataka,Bengaluru,48141.0,2,0.1,36764.63,Credit Card,Delivered
ORD-12696,2025-11-19,CUST-1070,Rohit Verma,Office Supplies,Equipment,Calculator,North,Delhi,Delhi,5229.75,5,0.05,4003.15,Debit Card,Delivered
ORD-12697,2025-04-03,CUST-1322,Shweta Agarwal,Furniture,Lighting,LED Desk Lamp,North,Delhi,New Delhi,9917.8,4,0.15,8064.62,UPI,Cancelled
ORD-12698,2025-07-18,CUST-1170,Ritu Patel,Office Supplies,Stationery,Stapler,West,Maharashtra,Pune,1009.6,2,0.2,660.75,Net Banking,Delivered
ORD-12699,2025-05-29,CUST-1686,Manish Sharma,Home Appliances,Kitchen,Mixer Grinder,North,Rajasthan,Jaipur,16700.0,5,0.2,13663.1,Net Banking,Cancelled
ORD-12700,2025-01-05,CUST-1185,Pooja Yadav,Electronics,Accessories,Keyboard,South,Andhra Pradesh,Vijayawada,4956.0,3,0.2,3072.53,Debit Card,Delivered
ORD-12701,2025-04-24,CUST-1229,Rohit Verma,Office Supplies,Paper,Copy Paper,East,Jharkhand,Ranchi,1635.4,4,0.15,1010.46,Credit Card,Cancelled
ORD-12702,2025-12-07,CUST-1573,Nisha Patel,Electronics,Smartphones,Redmi Phone,South,Karnataka,Bengaluru,65736.9,3,0.1,39992.63,Cash on Delivery,Shipped
ORD-12703,2025-04-06,CUST-1244,Amit Gupta,Home Appliances,Cleaning,Vacuum Cleaner,East,West Bengal,Siliguri,14004.9,1,0.05,9335.28,Cash on Delivery,Delivered
ORD-12704,2025-12-06,CUST-1180,Pooja Mishra,Furniture,Storage,Storage Cabinet,West,Madhya Pradesh,Bhopal,54340.5,5,0.15,45483.34,Debit Card,Delivered
ORD-12705,2025-12-22,CUST-1763,Varun Mishra,Furniture,Storage,Storage Cabinet,South,Kerala,Thiruvananthapuram,26083.2,3,0.2,19117.97,Debit Card,Delivered
ORD-12706,2025-08-03,CUST-1671,Meena Patel,Office Supplies,Stationery,Notebook,North,Uttar Pradesh,Prayagraj,221.85,1,0.15,159.53,Credit Card,Returned
ORD-12707,2025-04-29,CUST-1557,Neha Verma,Office Supplies,Equipment,Paper Shredder,West,Madhya Pradesh,Indore,15490.8,4,0.1,9527.94,Net Banking,Returned
ORD-12708,2025-09-30,CUST-1010,Meena Jain,Electronics,Smartphones,iPhone,South,Andhra Pradesh,Vijayawada,304832.0,4,0.0,196424.4,Net Banking,Delivered
ORD-12709,2025-09-18,CUST-1439,Rahul Gupta,Furniture,Lighting,Table Lamp,West,Goa,Margao,2692.3,2,0.05,1817.74,Debit Card,Delivered
ORD-12710,2025-05-23,CUST-1788,Priya Agarwal,Office Supplies,Paper,Copy Paper,North,Punjab,Ludhiana,2736.0,5,0.05,1916.86,Cash on Delivery,Shipped
ORD-12711,2025-01-04,CUST-1656,Manish Singh,Electronics,Accessories,Keyboard,West,Gujarat,Surat,16409.25,5,0.15,13016.22,Cash on Delivery,Cancelled
ORD-12712,2025-07-13,CUST-1594,Kavita Kumar,Furniture,Lighting,LED Desk Lamp,East,Jharkhand,Ranchi,1484.8,1,0.2,1018.77,Debit Card,Delivered
ORD-12713,2025-10-14,CUST-1776,Kavita Singh,Electronics,Smartphones,OnePlus Phone,East,West Bengal,Kolkata,216920.0,5,0.0,172011.77,Credit Card,Cancelled
ORD-12714,2025-04-25,CUST-1143,Ritu Sharma,Furniture,Lighting,LED Desk Lamp,East,Bihar,Gaya,2749.5,1,0.1,1838.44,Debit Card,Delivered
ORD-12715,2025-02-02,CUST-1553,Meena Singh,Office Supplies,Stationery,Notebook,West,Gujarat,Ahmedabad,470.9,2,0.15,308.99,Credit Card,Delivered
ORD-12716,2025-09-16,CUST-1155,Anjali Agarwal,Electronics,Monitors,LG Monitor,South,Telangana,Warangal,114380.25,5,0.15,78930.65,UPI,Delivered
ORD-12717,2025-09-15,CUST-1599,Anjali Singh,Office Supplies,Stationery,Stapler,North,Delhi,New Delhi,1043.2,4,0.2,732.27,Cash on Delivery,Delivered
ORD-12718,2025-07-17,CUST-1300,Manish Kumar,Furniture,Office Furniture,Office Chair,East,Jharkhand,Ranchi,35032.5,5,0.1,25787.2,Credit Card,Shipped
ORD-12719,2025-11-03,CUST-1667,Varun Yadav,Furniture,Office Furniture,Office Desk,East,Bihar,Gaya,31996.0,2,0.0,26012.19,Debit Card,Delivered
ORD-12720,2025-01-22,CUST-1106,Sneha Singh,Furniture,Office Furniture,Bookshelf,East,Bihar,Patna,29136.0,4,0.2,17839.26,Debit Card,Returned
ORD-12721,2025-12-08,CUST-1512,Varun Patel,Furniture,Storage,Filing Cabinet,North,Uttar Pradesh,Noida,8747.0,1,0.0,5381.73,UPI,Delivered
ORD-12722,2025-07-30,CUST-1241,Pooja Yadav,Office Supplies,Paper,Copy Paper,South,Tamil Nadu,Unknown,774.9,3,0.1,610.26,Cash on Delivery,Cancelled
ORD-12723,2025-06-19,CUST-1465,Meena Yadav,Office Supplies,Stationery,Notebook,South,Tamil Nadu,Madurai,324.9,1,0.1,237.75,UPI,Delivered
ORD-12724,2025-07-15,CUST-1749,Anjali Sharma,Electronics,Monitors,LG Monitor,North,Delhi,Delhi,47880.0,5,0.0,34021.1,Cash on Delivery,Cancelled
ORD-12725,2025-06-21,CUST-1205,Ritu Patel,Office Supplies,Paper,Printer Paper,North,Haryana,Gurugram,393.55,1,0.15,297.77,Cash on Delivery,Shipped
ORD-12726,2025-05-28,CUST-1328,Sneha Gupta,Office Supplies,Stationery,Notebook,South,Karnataka,Mysuru,507.3,3,0.05,402.57,Cash on Delivery,Delivered
ORD-12727,2025-06-27,CUST-1273,Arjun Sharma,Electronics,Accessories,Keyboard,East,West Bengal,Kolkata,13104.0,5,0.1,7940.95,Credit Card,Cancelled
ORD-12728,2025-12-04,CUST-1027,Neha Sharma,Electronics,Monitors,Samsung Monitor,East,Jharkhand,Jamshedpur,50350.95,3,0.05,38481.45,UPI,Delivered
ORD-12729,2025-02-11,CUST-1261,Kavita Patel,Electronics,Smartphones,OnePlus Phone,West,Goa,Margao,104452.5,3,0.05,62822.6,Credit Card,Shipped
ORD-12730,2025-12-10,CUST-1563,Anil Mishra,Office Supplies,Stationery,Notebook,South,Karnataka,Mangaluru,960.0,4,0.2,576.86,Credit Card,Delivered
ORD-12731,2025-11-07,CUST-1441,Sanjay Mishra,Home Appliances,Cooling,Air Cooler,North,Punjab,Ludhiana,16900.8,2,0.2,10408.17,Cash on Delivery,Delivered
ORD-12732,2025-05-03,CUST-1056,Deepak Singh,Home Appliances,Cleaning,Vacuum Cleaner,West,Maharashtra,Pune,14283.2,2,0.2,9392.47,Debit Card,Delivered
ORD-12733,2025-01-25,CUST-1777,Deepak Agarwal,Furniture,Lighting,LED Desk Lamp,East,Odisha,Cuttack,6392.0,2,0.2,5045.71,Cash on Delivery,Delivered
ORD-12734,2025-04-08,CUST-1231,Amit Jain,Office Supplies,Equipment,Paper Shredder,East,Odisha,Bhubaneswar,20510.5,2,0.05,15335.61,UPI,Shipped
ORD-12735,2025-06-13,CUST-1021,Priya Sharma,Office Supplies,Equipment,Calculator,West,Madhya Pradesh,Bhopal,1778.4,3,0.2,1122.73,Credit Card,Delivered
ORD-12736,2025-09-07,CUST-1175,Rohit Sharma,Office Supplies,Paper,Copy Paper,North,Haryana,Faridabad,2864.25,5,0.05,2125.27,UPI,Delivered
ORD-12737,2025-03-05,CUST-1497,Arjun Sharma,Office Supplies,Paper,Copy Paper,North,Delhi,Delhi,2034.0,5,0.1,1563.23,Net Banking,Returned
ORD-12738,2025-04-17,CUST-1491,Varun Kumar,Electronics,Accessories,Keyboard,East,Jharkhand,Jamshedpur,4100.4,2,0.15,3208.16,Debit Card,Returned
ORD-12739,2025-08-29,CUST-1270,Rohit Singh,Electronics,Smartphones,Redmi Phone,North,Rajasthan,Jaipur,139987.25,5,0.05,101528.23,Credit Card,Delivered
ORD-12740,2025-03-09,CUST-1547,Shweta Kumar,Furniture,Storage,Filing Cabinet,North,Punjab,Ludhiana,20132.4,4,0.05,14072.16,Debit Card,Delivered
ORD-12741,2025-08-14,CUST-1383,Vikas Yadav,Furniture,Lighting,Table Lamp,East,Odisha,Bhubaneswar,5453.6,4,0.15,3912.79,UPI,Delivered
ORD-12742,2025-06-11,CUST-1154,Arjun Jain,Furniture,Storage,Storage Cabinet,North,Delhi,Delhi,20560.8,3,0.2,16602.66,Cash on Delivery,Delivered
ORD-12743,2025-11-10,CUST-1226,Amit Gupta,Office Supplies,Stationery,Stapler,West,Gujarat,Vadodara,614.4,4,0.2,469.01,Debit Card,Delivered
ORD-12744,2025-04-03,CUST-1615,Nisha Agarwal,Electronics,Laptops,Lenovo Laptop,South,Telangana,Hyderabad,324162.0,5,0.1,231394.71,Debit Card,Delivered
ORD-12745,2025-09-08,CUST-1207,Kavita Agarwal,Electronics,Accessories,Mouse,North,Punjab,Jalandhar,3108.0,5,0.2,2105.69,Net Banking,Returned
ORD-12746,2025-06-22,CUST-1589,Sneha Agarwal,Electronics,Laptops,Dell Laptop,South,Andhra Pradesh,Visakhapatnam,138755.7,3,0.1,99562.14,Net Banking,Shipped
ORD-12747,2025-10-25,CUST-1099,Rahul Jain,Home Appliances,Cleaning,Vacuum Cleaner,North,Punjab,Ludhiana,45376.75,5,,27585.63,Credit Card,Returned
ORD-12748,2025-02-23,CUST-1702,Ritu Jain,Home Appliances,Cooling,Air Cooler,East,Jharkhand,Ranchi,35990.4,4,0.2,25756.47,Credit Card,Delivered
ORD-12749,2025-05-07,CUST-1316,Anil Verma,Office Supplies,Paper,Copy Paper,North,Punjab,Jalandhar,1162.8,4,0.05,809.61,Net Banking,Cancelled
ORD-12750,2025-03-23,CUST-1563,Anil Jain,Furniture,Storage,Storage Cabinet,South,Andhra Pradesh,Vijayawada,16369.6,2,0.2,13731.16,Cash on Delivery,Delivered
ORD-12751,2025-11-16,CUST-1415,Amit Jain,Office Supplies,Paper,Printer Paper,West,Maharashtra,Nagpur,2337.0,4,0.05,1438.26,Debit Card,Delivered
ORD-12752,2025-08-22,CUST-1427,Manish Verma,Home Appliances,Kitchen,Microwave,West,Goa,Margao,11304.0,1,0.2,9141.01,Debit Card,Shipped
ORD-12753,2025-12-30,CUST-1098,Arjun Kumar,Office Supplies,Stationery,Pen Set,North,Uttar Pradesh,Lucknow,1560.0,3,0.0,994.11,UPI,Delivered
ORD-12754,2025-08-05,CUST-1320,Rahul Agarwal,Furniture,Office Furniture,Bookshelf,East,Bihar,Gaya,55107.0,5,0.1,43385.16,Debit Card,Delivered
ORD-12755,2025-08-21,CUST-1212,Arjun Kumar,Electronics,Accessories,Headphones,East,Bihar,Gaya,13013.5,2,0.15,9135.04,Debit Card,Delivered
ORD-12756,2025-08-17,CUST-1751,Neha Jain,Electronics,Laptops,Lenovo Laptop,East,Bihar,Gaya,88853.4,2,0.1,67696.5,Cash on Delivery,Delivered
ORD-12757,2025-08-09,CUST-1710,Sneha Agarwal,Furniture,Lighting,LED Desk Lamp,North,Rajasthan,Jodhpur,3601.0,1,0.0,2588.64,Credit Card,Cancelled
ORD-12758,2025-01-11,CUST-1264,Rahul Singh,Electronics,Monitors,Dell Monitor,West,Madhya Pradesh,Bhopal,22547.1,2,0.15,17372.98,Net Banking,Delivered
ORD-12759,2025-06-30,CUST-1152,Sneha Sharma,Home Appliances,Cooling,Air Cooler,East,West Bengal,Kolkata,11214.05,1,0.15,7325.55,Debit Card,Delivered
ORD-12760,2025-07-30,CUST-1780,Varun Singh,Office Supplies,Stationery,Stapler,East,Bihar,Patna,1075.25,5,0.15,889.35,Net Banking,Delivered
ORD-12761,2025-07-23,CUST-1139,Sanjay Agarwal,Office Supplies,Stationery,Notebook,North,Delhi,Delhi,1622.6,4,0.05,1206.63,Debit Card,Shipped
ORD-12762,2025-06-08,CUST-1432,Arjun Agarwal,Electronics,Monitors,LG Monitor,South,Telangana,Warangal,97998.2,4,0.05,82835.01,UPI,Cancelled
ORD-12763,2025-04-15,CUST-1447,Meena Sharma,Office Supplies,Stationery,Stapler,East,West Bengal,Siliguri,1104.0,2,0.0,727.97,UPI,Cancelled
ORD-12764,2025-11-16,CUST-1483,Deepak Verma,Electronics,Accessories,Mouse,South,Tamil Nadu,Madurai,7762.2,4,0.15,6539.93,Debit Card,Cancelled
ORD-12765,2025-01-03,CUST-1333,Deepak Singh,Electronics,Accessories,Headphones,West,Gujarat,Vadodara,7592.4,3,0.1,4979.98,Credit Card,Shipped
ORD-12766,2025-08-11,CUST-1076,Kavita Jain,Electronics,Smartphones,Samsung Galaxy,North,Punjab,Jalandhar,135925.05,3,0.05,87902.42,Credit Card,Delivered
ORD-12767,2025-08-16,CUST-1572,Nisha Yadav,Office Supplies,Stationery,Pen Set,West,Goa,Margao,422.0,1,0.0,256.38,UPI,Cancelled
ORD-12768,2025-06-28,CUST-1682,Neha Agarwal,Office Supplies,Stationery,Stapler,North,Punjab,Ludhiana,2359.6,4,0.15,1940.47,Debit Card,Delivered
ORD-12769,2025-02-17,CUST-1130,Manish Mishra,Home Appliances,Cooling,Air Cooler,East,Bihar,Gaya,36136.8,4,0.1,25574.79,UPI,Delivered
ORD-12770,2025-11-28,CUST-1192,Priya Mishra,Home Appliances,Cooling,Air Cooler,North,Punjab,Ludhiana,17368.8,3,0.2,11293.0,Cash on Delivery,Delivered
ORD-12771,2025-10-29,CUST-1343,Manish Verma,Office Supplies,Paper,Copy Paper,South,Kerala,Kochi,2900.0,5,0.0,2225.05,Cash on Delivery,Delivered
ORD-12772,2025-08-05,CUST-1705,Sanjay Verma,Electronics,Accessories,Mouse,South,Telangana,Warangal,2934.0,4,0.1,1869.47,Net Banking,Returned
ORD-12773,2025-06-21,CUST-1255,Vikas Singh,Electronics,Laptops,HP Laptop,South,Telangana,Warangal,43071.2,1,0.2,33283.14,Credit Card,Shipped
ORD-12774,2025-08-15,CUST-1075,Meena Jain,Furniture,Storage,Storage Cabinet,West,Maharashtra,Nagpur,84560.0,5,0.0,67848.77,Net Banking,Shipped
ORD-12775,2025-02-26,CUST-1500,Unknown Customer,Electronics,Monitors,Samsung Monitor,North,Uttar Pradesh,Prayagraj,117692.0,5,0.2,96290.39,Debit Card,Returned
ORD-12776,2025-12-02,CUST-1521,Rahul Jain,Furniture,Office Furniture,Office Desk,North,Punjab,Ludhiana,19138.0,1,0.0,14127.99,UPI,Cancelled
ORD-12777,2025-01-25,CUST-1348,Pooja Gupta,Furniture,Office Furniture,Office Chair,West,Madhya Pradesh,Bhopal,5603.2,1,0.15,4344.8,Cash on Delivery,Delivered
ORD-12778,2025-08-03,CUST-1023,Vikas Verma,Home Appliances,Cleaning,Vacuum Cleaner,South,Telangana,Warangal,26570.0,2,0.0,16931.95,Debit Card,Shipped
ORD-12779,2025-09-26,CUST-1195,Pooja Singh,Office Supplies,Equipment,Paper Shredder,North,Haryana,Faridabad,21911.75,5,0.05,15276.83,Cash on Delivery,Delivered
ORD-12780,2025-01-01,CUST-1251,Deepak Verma,Home Appliances,Cooling,Air Cooler,West,Madhya Pradesh,Indore,70884.0,4,0.0,55980.86,Net Banking,Delivered
ORD-12781,2025-09-09,CUST-1525,Rohit Gupta,Office Supplies,Stationery,Pen Set,North,Punjab,Jalandhar,980.8,2,0.2,754.09,Net Banking,Delivered
ORD-12782,2025-11-29,CUST-1103,Pooja Kumar,Furniture,Lighting,LED Desk Lamp,West,Maharashtra,Nashik,2912.7,2,0.05,2364.4,UPI,Delivered
ORD-12783,2025-03-17,CUST-1278,Nisha Agarwal,Furniture,Storage,Filing Cabinet,East,Odisha,Bhubaneswar,25550.4,2,0.2,17655.8,Debit Card,Delivered
ORD-12784,2025-05-09,CUST-1329,Nisha Yadav,Electronics,Monitors,Samsung Monitor,North,Rajasthan,Kota,54898.6,2,0.05,37225.26,UPI,Shipped
ORD-12785,2025-04-23,CUST-1378,Arjun Kumar,Electronics,Smartphones,Samsung Galaxy,South,Kerala,Thiruvananthapuram,197546.8,4,0.15,136943.88,Cash on Delivery,Delivered
ORD-12786,2025-04-02,CUST-1380,Meena Yadav,Furniture,Office Furniture,Office Chair,South,Kerala,Thiruvananthapuram,52546.4,4,0.05,32616.96,Credit Card,Delivered
ORD-12787,2025-06-24,CUST-1237,Arjun Verma,Office Supplies,Equipment,Paper Shredder,South,Andhra Pradesh,Visakhapatnam,53635.0,5,0.0,34339.8,Credit Card,Shipped
ORD-12788,2025-01-10,CUST-1091,Kavita Agarwal,Furniture,Lighting,LED Desk Lamp,North,Uttar Pradesh,Noida,3055.2,3,0.05,2405.13,Cash on Delivery,Delivered
ORD-12789,2025-05-17,CUST-1466,Deepak Mishra,Office Supplies,Equipment,Calculator,South,Telangana,Hyderabad,3245.0,5,0.0,2549.75,Credit Card,Delivered
ORD-12790,2025-12-25,CUST-1127,Ritu Yadav,Home Appliances,Cleaning,Vacuum Cleaner,East,Jharkhand,Ranchi,32413.05,3,0.15,24681.72,Credit Card,Returned
ORD-12791,2025-01-27,CUST-1730,Rohit Verma,Furniture,Lighting,LED Desk Lamp,North,Punjab,Ludhiana,4668.8,2,0.2,3003.69,UPI,Returned
ORD-12792,2025-02-13,CUST-1658,Nisha Agarwal,Furniture,Office Furniture,Bookshelf,East,Jharkhand,Jamshedpur,18051.9,3,0.05,12295.61,Cash on Delivery,Delivered
ORD-12793,2025-11-12,CUST-1133,Vikas Kumar,Home Appliances,Cleaning,Vacuum Cleaner,South,Telangana,Warangal,44906.4,4,0.1,31009.13,Debit Card,Delivered
ORD-12794,2025-03-26,CUST-1110,Ritu Jain,Electronics,Monitors,Samsung Monitor,West,Gujarat,Ahmedabad,72462.0,3,0.0,47594.39,Net Banking,Delivered
ORD-12795,2025-09-29,CUST-1236,Shweta Yadav,Electronics,Monitors,LG Monitor,East,Odisha,Bhubaneswar,77987.4,3,0.05,53977.15,Cash on Delivery,Returned
ORD-12796,2025-11-01,CUST-1319,Kavita Agarwal,Furniture,Lighting,Table Lamp,North,Haryana,Panipat,10421.5,5,0.05,6593.69,UPI,Delivered
ORD-12797,2025-06-12,CUST-1318,Anjali Verma,Home Appliances,Cooling,Air Cooler,East,Jharkhand,Jamshedpur,58428.0,4,0.0,42649.77,Cash on Delivery,Shipped
ORD-12798,2025-08-11,CUST-1221,Anjali Verma,Office Supplies,Equipment,Paper Shredder,South,Andhra Pradesh,Visakhapatnam,25530.0,5,0.0,16050.49,Cash on Delivery,Delivered
ORD-12799,2025-08-13,CUST-1178,Deepak Mishra,Office Supplies,Paper,Printer Paper,North,Uttar Pradesh,Prayagraj,1596.8,4,0.2,1126.75,Net Banking,Cancelled
ORD-12800,2025-04-11,CUST-1518,Shweta Yadav,Home Appliances,Cooling,Air Cooler,West,Goa,Margao,57288.8,4,0.05,45975.56,Credit Card,Delivered
ORD-12801,2025-01-23,CUST-1564,Rohit Sharma,Furniture,Lighting,LED Desk Lamp,North,Uttar Pradesh,Varanasi,13764.0,4,0.0,9617.98,Debit Card,Delivered
ORD-12802,2025-06-14,CUST-1501,Priya Patel,Electronics,Accessories,Mouse,West,Maharashtra,Nagpur,445.6,1,0.2,268.24,Debit Card,Cancelled
ORD-12803,2025-06-30,CUST-1528,Sneha Singh,Furniture,Storage,Storage Cabinet,West,Gujarat,Vadodara,52938.0,5,0.15,36389.2,Credit Card,Shipped
ORD-12804,2025-06-02,CUST-1529,Manish Sharma,Electronics,Accessories,Keyboard,West,Maharashtra,Nashik,3023.85,3,0.05,2307.6,Debit Card,Delivered
ORD-12805,2025-05-01,CUST-1336,Deepak Yadav,Home Appliances,Cleaning,Vacuum Cleaner,East,Odisha,Cuttack,17303.3,2,0.05,12060.41,Debit Card,Shipped
ORD-12806,2025-09-04,CUST-1331,Rahul Gupta,Home Appliances,Cooling,Air Cooler,North,Uttar Pradesh,Varanasi,15340.8,3,0.15,12703.95,UPI,Cancelled
ORD-12807,2025-12-18,CUST-1643,Sanjay Jain,Electronics,Accessories,Mouse,North,Haryana,Gurugram,7170.6,4,0.15,5385.56,Net Banking,Returned
ORD-12808,2025-12-09,CUST-1280,Sneha Singh,Furniture,Storage,Filing Cabinet,North,Haryana,Gurugram,29044.5,3,0.15,21060.54,Credit Card,Returned
ORD-12809,2025-01-26,CUST-1224,Vikas Mishra,Furniture,Storage,Storage Cabinet,South,Kerala,Thiruvananthapuram,56516.5,5,0.15,40827.81,Debit Card,Cancelled
ORD-12810,2025-01-06,CUST-1486,Nisha Verma,Furniture,Lighting,LED Desk Lamp,North,Haryana,Gurugram,9291.6,4,0.1,7775.41,Net Banking,Cancelled
ORD-12811,2025-12-14,CUST-1074,Sanjay Yadav,Furniture,Lighting,LED Desk Lamp,North,Punjab,Jalandhar,2302.4,2,0.2,1608.72,Net Banking,Delivered
ORD-12812,2025-07-21,CUST-1715,Varun Kumar,Office Supplies,Stationery,Stapler,South,Andhra Pradesh,Vijayawada,2099.5,5,0.15,1726.14,Net Banking,Delivered
ORD-12813,2025-01-09,CUST-1064,Pooja Gupta,Electronics,Monitors,Samsung Monitor,East,Bihar,Patna,20466.9,1,0.1,12569.17,Cash on Delivery,Delivered
ORD-12814,2025-12-31,CUST-1664,Rahul Kumar,Office Supplies,Stationery,Stapler,North,Uttar Pradesh,Kanpur,1286.4,4,0.2,905.5,Credit Card,Delivered
ORD-12815,2025-11-18,CUST-1168,Meena Mishra,Home Appliances,Cooling,Air Cooler,East,Jharkhand,Jamshedpur,32148.9,3,0.1,23443.21,Cash on Delivery,Cancelled
ORD-12816,2025-01-19,CUST-1486,Anil Singh,Office Supplies,Equipment,Calculator,East,West Bengal,Siliguri,2076.0,4,0.0,1586.51,Cash on Delivery,Delivered
ORD-12817,2025-04-22,CUST-1795,Rohit Gupta,Home Appliances,Cleaning,Vacuum Cleaner,South,Kerala,Kochi,7565.0,1,0.0,5011.27,Cash on Delivery,Returned
ORD-12818,2025-10-02,CUST-1295,Anil Mishra,Furniture,Lighting,Table Lamp,East,Jharkhand,Ranchi,8972.75,5,0.05,6954.74,Debit Card,Delivered
ORD-12819,2025-10-30,CUST-1362,Anjali Verma,Office Supplies,Equipment,Calculator,East,Jharkhand,Jamshedpur,1710.0,2,0.1,1180.55,Credit Card,Cancelled
ORD-12820,2025-10-07,CUST-1331,Nisha Agarwal,Electronics,Smartphones,OnePlus Phone,North,Haryana,Gurugram,146484.0,5,0.2,121888.84,Credit Card,Delivered
ORD-12821,2025-03-15,CUST-1557,Kavita Jain,Furniture,Storage,Storage Cabinet,East,West Bengal,Siliguri,39717.6,3,0.05,27906.96,Debit Card,Returned
ORD-12822,2025-09-13,CUST-1273,Anjali Kumar,Home Appliances,Cooling,Air Cooler,West,Goa,Panaji,50100.0,5,0.0,39556.34,UPI,Shipped
ORD-12823,2025-06-30,CUST-1744,Rahul Jain,Office Supplies,Paper,Copy Paper,North,Rajasthan,Jodhpur,1902.0,3,0.0,1496.48,Debit Card,Shipped
ORD-12824,2025-02-26,CUST-1667,Amit Mishra,Home Appliances,Cleaning,Vacuum Cleaner,North,Uttar Pradesh,Lucknow,23345.25,3,0.15,16547.36,Cash on Delivery,Delivered
ORD-12825,2025-08-17,CUST-1545,Nisha Yadav,Office Supplies,Paper,Copy Paper,East,Bihar,Gaya,687.8,2,0.05,464.32,Net Banking,Delivered
ORD-12826,2025-05-22,CUST-1762,Shweta Yadav,Furniture,Office Furniture,Bookshelf,South,Tamil Nadu,Coimbatore,21724.8,4,0.2,13656.44,UPI,Delivered
ORD-12827,2025-01-01,CUST-1186,Manish Agarwal,Home Appliances,Kitchen,Microwave,West,Gujarat,Vadodara,21122.1,3,0.1,17761.73,UPI,Shipped
ORD-12828,2025-05-29,CUST-1009,Priya Sharma,Home Appliances,Kitchen,Electric Kettle,West,Madhya Pradesh,Bhopal,11247.2,4,0.15,7209.02,UPI,Delivered
ORD-12829,2025-07-01,CUST-1602,Sneha Agarwal,Electronics,Monitors,Samsung Monitor,South,Kerala,Thiruvananthapuram,23898.4,1,0.2,14895.48,Debit Card,Delivered
ORD-12830,2025-04-29,CUST-1399,Anjali Mishra,Office Supplies,Equipment,Paper Shredder,South,Andhra Pradesh,Visakhapatnam,19545.6,3,0.2,15064.87,Debit Card,Cancelled
ORD-12831,2025-07-05,CUST-1464,Rohit Gupta,Office Supplies,Paper,Copy Paper,North,Rajasthan,Kota,2245.0,5,0.0,1862.69,Credit Card,Returned
ORD-12832,2025-10-17,CUST-1328,Sanjay Mishra,Home Appliances,Cleaning,Vacuum Cleaner,East,Odisha,Cuttack,23151.5,2,0.05,14350.22,Credit Card,Shipped
ORD-12833,2025-05-21,CUST-1528,Kavita Agarwal,Electronics,Accessories,Mouse,West,Madhya Pradesh,Bhopal,6043.2,3,0.2,4941.03,Cash on Delivery,Returned
ORD-12834,2025-04-24,CUST-1130,Sanjay Patel,Office Supplies,Equipment,Calculator,North,Uttar Pradesh,Lucknow,2934.9,3,0.1,2303.48,Net Banking,Delivered
ORD-12835,2025-07-14,CUST-1330,Nisha Mishra,Electronics,Smartphones,iPhone,West,Maharashtra,Nagpur,329622.45,3,0.05,221708.17,Credit Card,Returned
ORD-12836,2025-12-03,CUST-1758,Sneha Verma,Furniture,Office Furniture,Office Chair,South,Tamil Nadu,Madurai,39930.4,4,0.05,25976.51,Credit Card,Cancelled
ORD-12837,2025-07-08,CUST-1628,Sneha Mishra,Furniture,Lighting,Table Lamp,North,Rajasthan,Jodhpur,2452.0,1,0.0,1793.24,Cash on Delivery,Delivered
ORD-12838,2025-11-19,CUST-1334,Sneha Jain,Home Appliances,Cleaning,Vacuum Cleaner,South,Kerala,Kochi,12438.05,1,0.15,8879.7,Cash on Delivery,Cancelled
ORD-12839,2025-09-21,CUST-1743,Deepak Yadav,Home Appliances,Cooling,Air Cooler,East,Jharkhand,Ranchi,51025.5,5,0.1,43066.57,UPI,Cancelled
ORD-12840,2025-11-26,CUST-1300,Arjun Mishra,Furniture,Lighting,LED Desk Lamp,North,Haryana,Panipat,6994.0,2,0.0,5396.34,UPI,Delivered
ORD-12841,2025-11-10,CUST-1237,Sanjay Singh,Home Appliances,Cooling,Air Cooler,East,Odisha,Bhubaneswar,27399.75,3,0.15,18067.41,Debit Card,Shipped
ORD-12842,2025-06-05,CUST-1687,Anil Mishra,Electronics,Accessories,Mouse,East,Jharkhand,Ranchi,3196.8,3,0.2,2358.56,Net Banking,Delivered
ORD-12843,2025-05-23,CUST-1653,Priya Jain,Home Appliances,Cooling,Air Cooler,North,Rajasthan,Kota,67988.0,5,0.2,45962.58,Net Banking,Delivered
ORD-12844,2025-12-31,CUST-1323,Manish Jain,Home Appliances,Cleaning,Vacuum Cleaner,North,Punjab,Ludhiana,19465.6,2,0.2,12735.0,Cash on Delivery,Delivered
ORD-12845,2025-01-18,CUST-1788,Kavita Sharma,Electronics,Accessories,Headphones,West,Maharashtra,Pune,17757.4,4,0.05,10942.22,Credit Card,Shipped
ORD-12846,2025-02-24,CUST-1326,Pooja Jain,Electronics,Smartphones,Redmi Phone,South,Andhra Pradesh,Visakhapatnam,99422.25,5,0.05,70833.27,Cash on Delivery,Returned
ORD-12847,2025-03-21,CUST-1115,Varun Patel,Furniture,Storage,Filing Cabinet,South,Telangana,Hyderabad,35816.0,4,0.0,29286.71,Net Banking,Cancelled
ORD-12848,2025-04-09,CUST-1580,Rahul Jain,Home Appliances,Cooling,Air Cooler,West,Gujarat,Ahmedabad,39716.25,5,0.15,31558.17,Cash on Delivery,Delivered
ORD-12849,2025-08-05,CUST-1454,Sanjay Gupta,Home Appliances,Kitchen,Microwave,East,Jharkhand,Jamshedpur,53553.6,4,0.1,45462.75,Debit Card,Shipped
ORD-12850,2025-07-02,CUST-1460,Deepak Mishra,Office Supplies,Equipment,Paper Shredder,West,Maharashtra,Mumbai,43221.2,4,0.05,29755.54,UPI,Delivered
ORD-12851,2025-01-21,CUST-1184,Priya Jain,Office Supplies,Paper,Copy Paper,North,Uttar Pradesh,Prayagraj,644.4,2,0.1,464.68,Debit Card,Returned
ORD-12852,2025-07-04,CUST-1484,Vikas Sharma,Electronics,Laptops,Lenovo Laptop,North,Delhi,Delhi,64238.0,1,0.0,51217.11,Debit Card,Shipped
ORD-12853,2025-05-06,CUST-1120,Pooja Yadav,Electronics,Accessories,Headphones,North,Rajasthan,Kota,1533.6,1,0.1,1163.7,Net Banking,Delivered
ORD-12854,2025-02-15,CUST-1237,Varun Sharma,Electronics,Laptops,HP Laptop,West,Madhya Pradesh,Indore,134400.0,3,0.2,90749.2,Cash on Delivery,Shipped
ORD-12855,2025-03-12,CUST-1134,Sneha Sharma,Office Supplies,Equipment,Paper Shredder,East,West Bengal,Siliguri,26919.0,5,0.1,19092.94,Debit Card,Cancelled
ORD-12856,2025-12-23,CUST-1666,Ritu Sharma,Furniture,Storage,Storage Cabinet,South,Kerala,Kochi,31521.0,4,0.05,21311.36,Debit Card,Returned
ORD-12857,2025-09-19,CUST-1762,Rohit Agarwal,Furniture,Office Furniture,Office Desk,North,Rajasthan,Kota,16838.75,1,0.05,11200.44,Cash on Delivery,Cancelled
ORD-12858,2025-12-30,CUST-1417,Pooja Gupta,Office Supplies,Paper,Printer Paper,North,Uttar Pradesh,Lucknow,2452.0,5,0.2,1482.34,Cash on Delivery,Returned
ORD-12859,2025-10-06,CUST-1755,Anjali Agarwal,Office Supplies,Stationery,Stapler,South,Telangana,Hyderabad,2675.0,5,0.0,2099.03,UPI,Shipped
ORD-12860,2025-10-24,CUST-1515,Kavita Gupta,Electronics,Accessories,Mouse,North,Haryana,Gurugram,13985.0,5,0.0,9170.24,UPI,Delivered
ORD-12861,2025-11-17,CUST-1559,Varun Yadav,Office Supplies,Stationery,Notebook,North,Delhi,New Delhi,824.4,4,0.1,548.45,Net Banking,Delivered
ORD-12862,2025-03-20,CUST-1379,Kavita Gupta,Furniture,Storage,Filing Cabinet,North,Delhi,Delhi,20792.7,2,0.15,15560.76,Net Banking,Delivered
ORD-12863,2025-03-30,CUST-1789,Sanjay Patel,Home Appliances,Cleaning,Vacuum Cleaner,West,Madhya Pradesh,Indore,14099.0,1,0.0,10683.06,Cash on Delivery,Shipped
ORD-12864,2025-08-20,CUST-1123,Kavita Gupta,Home Appliances,Kitchen,Microwave,South,Karnataka,Mysuru,10972.5,1,0.05,7633.17,UPI,Delivered
ORD-12865,2025-05-10,CUST-1459,Anil Yadav,Office Supplies,Stationery,Pen Set,West,Maharashtra,Nagpur,972.0,2,0.1,652.19,Debit Card,Cancelled
ORD-12866,2025-12-04,CUST-1513,Vikas Patel,Office Supplies,Stationery,Stapler,East,Odisha,Cuttack,1268.25,5,0.05,1056.46,Net Banking,Shipped
ORD-12867,2025-01-23,CUST-1261,Meena Jain,Electronics,Smartphones,OnePlus Phone,East,Jharkhand,Ranchi,131699.2,4,0.2,91931.87,Debit Card,Cancelled
ORD-12868,2025-03-26,CUST-1320,Sanjay Agarwal,Office Supplies,Equipment,Calculator,East,West Bengal,Siliguri,3763.8,3,0.1,3053.25,Debit Card,Delivered
ORD-12869,2025-03-29,CUST-1446,Rohit Gupta,Furniture,Storage,Storage Cabinet,West,Gujarat,Surat,36942.0,3,0.0,27309.25,Credit Card,Returned
ORD-12870,2025-08-09,CUST-1738,Vikas Verma,Electronics,Monitors,LG Monitor,South,Andhra Pradesh,Visakhapatnam,7432.8,1,0.2,5699.12,Debit Card,Delivered
ORD-12871,2025-11-18,CUST-1371,Vikas Agarwal,Home Appliances,Cooling,Air Cooler,West,Maharashtra,Nagpur,41948.0,5,0.2,34844.74,UPI,Delivered
ORD-12872,2025-03-22,CUST-1483,Anil Singh,Office Supplies,Stationery,Stapler,East,Bihar,Patna,622.2,2,0.15,455.68,UPI,Cancelled
ORD-12873,2025-05-08,CUST-1156,Anjali Agarwal,Furniture,Office Furniture,Office Desk,South,Kerala,Kochi,38601.9,2,0.15,31999.91,Net Banking,Delivered
ORD-12874,2025-05-30,CUST-1445,Meena Mishra,Office Supplies,Paper,Copy Paper,North,Rajasthan,Kota,2286.0,4,0.1,1705.11,Credit Card,Shipped
ORD-12875,2025-05-29,CUST-1275,Meena Patel,Home Appliances,Cleaning,Vacuum Cleaner,South,Karnataka,Bengaluru,25744.8,4,0.15,18078.45,Debit Card,Cancelled
ORD-12876,2025-11-06,CUST-1005,Priya Gupta,Furniture,Office Furniture,Office Chair,East,Jharkhand,Jamshedpur,10606.3,2,0.15,6691.1,Credit Card,Returned
ORD-12877,2025-02-24,CUST-1496,Kavita Patel,Office Supplies,Stationery,Notebook,North,Punjab,Ludhiana,1792.0,5,0.2,1174.48,Credit Card,Delivered
ORD-12878,2025-12-01,CUST-1327,Rohit Jain,Home Appliances,Cleaning,Vacuum Cleaner,North,Uttar Pradesh,Noida,15449.6,2,0.15,9791.85,UPI,Returned
ORD-12879,2025-03-03,CUST-1612,Deepak Jain,Electronics,Monitors,LG Monitor,West,Gujarat,Ahmedabad,46682.0,2,0.15,34360.02,UPI,Delivered
ORD-12880,2025-09-06,CUST-1252,Arjun Verma,Home Appliances,Cleaning,Vacuum Cleaner,West,Maharashtra,Mumbai,56453.75,5,0.05,37198.51,Net Banking,Delivered
ORD-12881,2025-01-31,CUST-1297,Pooja Sharma,Furniture,Storage,Storage Cabinet,South,Kerala,Kochi,65880.0,5,0.2,41699.2,Debit Card,Delivered
ORD-12882,2025-11-23,CUST-1564,Vikas Yadav,Electronics,Accessories,Keyboard,North,Delhi,Delhi,837.6,1,0.2,563.1,UPI,Delivered
ORD-12883,2025-09-03,CUST-1629,Shweta Agarwal,Electronics,Laptops,ASUS Laptop,North,Haryana,Gurugram,145487.7,3,0.15,106605.2,Net Banking,Delivered
ORD-12884,2025-01-26,CUST-1547,Manish Yadav,Furniture,Office Furniture,Office Desk,North,Haryana,Panipat,21375.0,1,0.05,15342.14,Credit Card,Delivered
ORD-12885,2025-09-27,CUST-1703,Kavita Verma,Electronics,Smartphones,Samsung Galaxy,West,Gujarat,Vadodara,140805.0,5,0.0,116636.2,Debit Card,Returned
ORD-12886,2025-12-07,CUST-1401,Sanjay Yadav,Furniture,Lighting,LED Desk Lamp,North,Haryana,Gurugram,6940.8,4,0.2,5596.58,Net Banking,Shipped
ORD-12887,2025-09-25,CUST-1734,Nisha Jain,Furniture,Storage,Filing Cabinet,South,Karnataka,Bengaluru,31140.0,5,0.1,25996.33,Credit Card,Shipped
ORD-12888,2025-04-17,CUST-1178,Vikas Patel,Office Supplies,Stationery,Notebook,East,Bihar,Gaya,1148.55,3,0.05,847.25,Debit Card,Delivered
ORD-12889,2025-07-08,CUST-1299,Deepak Verma,Office Supplies,Paper,Printer Paper,East,Odisha,Cuttack,394.4,1,0.2,253.77,Debit Card,Returned
ORD-12890,2025-08-08,CUST-1222,Pooja Yadav,Office Supplies,Equipment,Paper Shredder,South,Kerala,Thiruvananthapuram,5664.6,1,0.1,4169.36,Cash on Delivery,Delivered
ORD-12891,2025-07-04,CUST-1040,Amit Agarwal,Furniture,Office Furniture,Office Desk,East,West Bengal,Kolkata,22224.0,2,0.0,17743.64,Debit Card,Shipped
ORD-12892,2025-12-28,CUST-1513,Amit Kumar,Electronics,Monitors,Samsung Monitor,South,Tamil Nadu,Chennai,98691.8,4,0.15,65744.58,UPI,Delivered
ORD-12893,2025-02-12,CUST-1320,Pooja Sharma,Furniture,Office Furniture,Office Desk,North,Rajasthan,Kota,13996.1,2,0.15,8979.83,Credit Card,Returned
ORD-12894,2025-07-16,CUST-1056,Shweta Gupta,Office Supplies,Stationery,Pen Set,North,Haryana,Panipat,1261.6,4,0.05,793.85,UPI,Delivered
ORD-12895,2025-01-27,CUST-1563,Vikas Gupta,Home Appliances,Kitchen,Electric Kettle,North,Uttar Pradesh,Lucknow,4784.0,4,0.2,3819.96,Debit Card,Delivered
ORD-12896,2025-08-27,CUST-1757,Arjun Sharma,Electronics,Laptops,HP Laptop,West,Maharashtra,Nagpur,65316.6,1,0.1,45935.03,Net Banking,Returned
ORD-12897,2025-04-30,CUST-1653,Neha Singh,Office Supplies,Stationery,Pen Set,East,Bihar,Gaya,1238.4,4,0.1,799.42,UPI,Delivered
ORD-12898,2025-11-30,CUST-1029,Vikas Singh,Electronics,Accessories,Mouse,East,Jharkhand,Ranchi,6702.0,3,0.0,4303.57,Cash on Delivery,Delivered
ORD-12899,2025-04-09,CUST-1376,Kavita Agarwal,Office Supplies,Equipment,Calculator,East,Odisha,Bhubaneswar,4392.0,3,0.0,3182.42,Credit Card,Delivered
ORD-12900,2025-03-07,CUST-1731,Sneha Patel,Home Appliances,Kitchen,Microwave,East,Odisha,Bhubaneswar,58444.0,5,0.2,44190.19,Cash on Delivery,Shipped
ORD-12901,2025-03-01,CUST-1411,Nisha Gupta,Office Supplies,Stationery,Notebook,North,Haryana,Gurugram,220.4,1,0.05,172.09,UPI,Delivered
ORD-12902,2025-05-30,CUST-1719,Ritu Kumar,Home Appliances,Kitchen,Mixer Grinder,West,Goa,Margao,12268.0,2,0.0,10191.91,Net Banking,Returned
ORD-12903,2025-05-16,CUST-1095,Shweta Sharma,Office Supplies,Paper,Printer Paper,East,Jharkhand,Jamshedpur,1827.5,5,0.15,1434.71,UPI,Delivered
ORD-12904,2025-05-11,CUST-1008,Rohit Verma,Home Appliances,Kitchen,Microwave,East,Jharkhand,Ranchi,10379.0,1,0.0,6521.53,Credit Card,Delivered
ORD-12905,2025-04-20,CUST-1546,Deepak Verma,Electronics,Smartphones,iPhone,North,Haryana,Gurugram,317825.2,4,0.15,219113.15,Net Banking,Delivered
ORD-12906,2025-01-07,CUST-1032,Anil Patel,Furniture,Storage,Filing Cabinet,North,Punjab,Amritsar,53424.2,4,0.05,43431.21,UPI,Delivered
ORD-12907,2025-08-04,CUST-1287,Manish Kumar,Electronics,Monitors,LG Monitor,South,Telangana,Hyderabad,47317.8,3,0.15,39541.46,Credit Card,Delivered
ORD-12908,2025-09-28,CUST-1150,Vikas Gupta,Furniture,Lighting,Table Lamp,North,Haryana,Faridabad,2024.8,1,0.2,1347.36,UPI,Delivered
ORD-12909,2025-09-23,CUST-1612,Neha Verma,Office Supplies,Equipment,Paper Shredder,West,Gujarat,Ahmedabad,25114.2,4,0.05,15474.3,Net Banking,Delivered
ORD-12910,2025-08-06,CUST-1264,Priya Gupta,Office Supplies,Equipment,Paper Shredder,South,Karnataka,Mysuru,7523.0,1,0.0,5979.15,Debit Card,Delivered
ORD-12911,2025-02-19,CUST-1708,Manish Agarwal,Home Appliances,Cooling,Air Cooler,North,Delhi,Delhi,17200.0,1,0.0,14389.86,Cash on Delivery,Shipped
ORD-12912,2025-12-17,CUST-1047,Sneha Jain,Home Appliances,Kitchen,Mixer Grinder,East,Odisha,Cuttack,32376.0,5,0.05,27389.5,Debit Card,Delivered
ORD-12913,2025-12-23,CUST-1690,Priya Kumar,Home Appliances,Kitchen,Mixer Grinder,West,Madhya Pradesh,Indore,11677.5,3,0.1,9884.21,Cash on Delivery,Delivered
ORD-12914,2025-05-08,CUST-1443,Meena Agarwal,Office Supplies,Stationery,Pen Set,North,Uttar Pradesh,Noida,302.6,2,0.15,241.85,Debit Card,Delivered
ORD-12915,2025-05-11,CUST-1005,Shweta Gupta,Electronics,Monitors,Samsung Monitor,East,West Bengal,Kolkata,90406.4,4,0.2,69986.56,Debit Card,Cancelled
ORD-12916,2025-01-10,CUST-1756,Meena Mishra,Office Supplies,Equipment,Paper Shredder,South,Andhra Pradesh,Vijayawada,8015.4,1,0.1,5777.29,Cash on Delivery,Delivered
ORD-12917,2025-09-15,CUST-1070,Ritu Kumar,Home Appliances,Cooling,Air Cooler,East,Bihar,Gaya,29971.2,4,0.2,22520.39,Credit Card,Delivered
ORD-12918,2025-02-09,CUST-1437,Rohit Verma,Home Appliances,Kitchen,Electric Kettle,West,Goa,Panaji,9920.0,4,0.2,6016.31,Cash on Delivery,Cancelled
ORD-12919,2025-12-02,CUST-1056,Pooja Jain,Furniture,Lighting,Table Lamp,South,Karnataka,Bengaluru,6912.0,4,0.2,4388.33,Cash on Delivery,Delivered
ORD-12920,2025-03-24,CUST-1215,Deepak Verma,Home Appliances,Cleaning,Vacuum Cleaner,South,Telangana,Warangal,14355.45,3,0.05,10476.26,Debit Card,Returned
ORD-12921,2025-08-08,CUST-1127,Anjali Singh,Electronics,Smartphones,iPhone,East,West Bengal,Siliguri,148848.6,2,0.15,96328.45,Credit Card,Delivered
ORD-12922,2025-11-30,CUST-1504,Deepak Agarwal,Office Supplies,Equipment,Calculator,West,Gujarat,Ahmedabad,1572.3,1,0.1,1016.15,Net Banking,Shipped
ORD-12923,2025-05-03,CUST-1493,Arjun Verma,Office Supplies,Stationery,Pen Set,West,Madhya Pradesh,Bhopal,700.2,1,0.1,594.54,Credit Card,Cancelled
ORD-12924,2025-06-18,CUST-1232,Amit Patel,Home Appliances,Cooling,Air Cooler,West,Goa,Margao,41188.2,4,0.05,29743.68,Net Banking,Shipped
ORD-12925,2025-06-28,CUST-1465,Vikas Gupta,Electronics,Smartphones,OnePlus Phone,North,Haryana,Panipat,36617.4,1,0.1,22919.46,UPI,Delivered
ORD-12926,2025-12-02,CUST-1213,Rahul Verma,Furniture,Storage,Filing Cabinet,North,Haryana,Faridabad,15745.4,2,0.15,13282.61,Debit Card,Shipped
ORD-12927,2025-05-28,CUST-1729,Rohit Singh,Furniture,Office Furniture,Office Chair,South,Tamil Nadu,Madurai,8873.6,2,0.2,6398.08,Credit Card,Shipped
ORD-12928,2025-06-14,CUST-1721,Sneha Sharma,Electronics,Smartphones,Redmi Phone,West,Gujarat,Vadodara,24534.9,1,0.1,18167.22,Net Banking,Shipped
ORD-12929,2025-04-16,CUST-1492,Meena Singh,Home Appliances,Cooling,Air Cooler,North,Delhi,New Delhi,24312.0,2,0.0,17722.62,Cash on Delivery,Returned
ORD-12930,2025-11-02,CUST-1215,Kavita Verma,Electronics,Accessories,Headphones,West,Maharashtra,Pune,7706.4,3,0.2,5672.81,Credit Card,Shipped
ORD-12931,2025-01-02,CUST-1203,Kavita Kumar,Electronics,Smartphones,OnePlus Phone,East,Bihar,Patna,104436.0,4,0.1,77670.7,Net Banking,Delivered
ORD-12932,2025-06-06,CUST-1376,Priya Kumar,Electronics,Laptops,Lenovo Laptop,North,Haryana,Faridabad,114003.0,2,0.1,86927.62,Cash on Delivery,Shipped
ORD-12933,2025-03-08,CUST-1210,Arjun Jain,Electronics,Smartphones,OnePlus Phone,North,Uttar Pradesh,Prayagraj,230515.0,5,0.0,184756.16,Credit Card,Cancelled
ORD-12934,2025-10-01,CUST-1288,Sneha Agarwal,Office Supplies,Stationery,Pen Set,South,Telangana,Warangal,408.0,1,0.15,323.35,UPI,Delivered
ORD-12935,2025-05-01,CUST-1222,Rahul Agarwal,Home Appliances,Cooling,Air Cooler,North,Haryana,Faridabad,14076.85,1,0.15,9196.28,Credit Card,Delivered
ORD-12936,2025-02-21,CUST-1587,Anil Yadav,Office Supplies,Paper,Printer Paper,North,Uttar Pradesh,Prayagraj,526.3,1,0.05,380.26,UPI,Returned
ORD-12937,2025-04-08,CUST-1262,Rahul Gupta,Home Appliances,Kitchen,Mixer Grinder,East,Jharkhand,Ranchi,16920.0,4,0.0,11903.93,Cash on Delivery,Shipped
ORD-12938,2025-03-12,CUST-1053,Amit Kumar,Home Appliances,Kitchen,Mixer Grinder,West,Gujarat,Ahmedabad,14382.0,4,0.1,10242.74,Debit Card,Delivered
ORD-12939,2025-06-02,CUST-1442,Nisha Kumar,Office Supplies,Paper,Printer Paper,East,Bihar,Patna,1588.4,4,0.05,1181.58,Cash on Delivery,Delivered
ORD-12940,2025-06-21,CUST-1734,Deepak Yadav,Electronics,Accessories,Keyboard,East,West Bengal,Kolkata,3010.5,1,0.1,2165.07,Cash on Delivery,Delivered
ORD-12941,2025-04-30,CUST-1322,Priya Sharma,Home Appliances,Cooling,Air Cooler,North,Rajasthan,Kota,28743.6,3,0.15,19593.38,Net Banking,Cancelled
ORD-12942,2025-12-23,CUST-1737,Nisha Verma,Furniture,Office Furniture,Office Desk,East,Odisha,Cuttack,26511.3,3,0.1,21899.55,Debit Card,Cancelled
ORD-12943,2025-12-07,CUST-1334,Anjali Agarwal,Electronics,Laptops,ASUS Laptop,West,Maharashtra,Pune,210259.2,4,0.2,164860.15,Credit Card,Delivered
ORD-12944,2025-01-13,CUST-1074,Deepak Kumar,Office Supplies,Equipment,Calculator,North,Punjab,Ludhiana,6086.0,4,0.15,3680.67,UPI,Returned
ORD-12945,2025-05-11,CUST-1279,Anjali Mishra,Electronics,Laptops,HP Laptop,West,Goa,Panaji,138675.0,3,0.0,93359.09,Net Banking,Delivered
ORD-12946,2025-07-03,CUST-1258,Meena Agarwal,Home Appliances,Cleaning,Vacuum Cleaner,East,Bihar,Gaya,34968.0,3,0.0,23446.52,Cash on Delivery,Shipped
ORD-12947,2025-11-06,CUST-1146,Varun Yadav,Home Appliances,Cleaning,Vacuum Cleaner,East,Bihar,Gaya,6521.6,1,0.2,3977.4,Net Banking,Shipped
ORD-12948,2025-06-19,CUST-1757,Anil Verma,Home Appliances,Cleaning,Vacuum Cleaner,North,Delhi,New Delhi,14354.4,3,0.2,11035.08,Debit Card,Shipped
ORD-12949,2025-06-18,CUST-1617,Amit Kumar,Electronics,Accessories,Keyboard,South,Karnataka,Mysuru,7404.0,4,0.0,5612.15,Debit Card,Delivered
ORD-12950,2025-09-05,CUST-1785,Pooja Gupta,Furniture,Lighting,Table Lamp,North,Uttar Pradesh,Kanpur,2276.3,1,0.15,1634.28,Credit Card,Delivered
ORD-12951,2025-06-07,CUST-1385,Rohit Yadav,Home Appliances,Cooling,Air Cooler,West,Goa,Margao,28768.8,3,0.2,21626.51,Credit Card,Delivered
ORD-12952,2025-12-16,CUST-1316,Anil Jain,Electronics,Laptops,Dell Laptop,South,Tamil Nadu,Madurai,209959.2,4,0.1,175406.54,Debit Card,Returned
ORD-12953,2025-09-10,CUST-1730,Meena Singh,Office Supplies,Paper,Copy Paper,East,Odisha,Bhubaneswar,201.6,1,0.2,154.25,Net Banking,Delivered
ORD-12954,2025-10-06,CUST-1262,Pooja Gupta,Electronics,Accessories,Keyboard,South,Telangana,Warangal,8251.8,4,0.15,5813.52,Debit Card,Returned
ORD-12955,2025-10-20,CUST-1482,Manish Agarwal,Office Supplies,Stationery,Pen Set,North,Punjab,Ludhiana,676.0,1,0.0,550.1,Net Banking,Delivered
ORD-12956,2025-08-05,CUST-1130,Nisha Patel,Home Appliances,Cleaning,Vacuum Cleaner,East,Odisha,Cuttack,46232.0,4,0.0,35738.17,UPI,Shipped
ORD-12957,2025-03-03,CUST-1616,Manish Mishra,Furniture,Storage,Filing Cabinet,South,Kerala,Thiruvananthapuram,10493.25,1,0.15,8564.25,Net Banking,Returned
ORD-12958,2025-01-08,CUST-1544,Neha Yadav,Electronics,Monitors,Samsung Monitor,East,Odisha,Bhubaneswar,129352.0,4,0.05,103368.53,Cash on Delivery,Cancelled
ORD-12959,2025-12-10,CUST-1426,Sneha Sharma,Home Appliances,Cleaning,Vacuum Cleaner,West,Goa,Margao,15003.9,3,0.1,12021.72,Net Banking,Delivered
ORD-12960,2025-03-11,CUST-1374,Amit Verma,Office Supplies,Equipment,Paper Shredder,West,Goa,Margao,7393.6,1,0.2,5715.2,Cash on Delivery,Delivered
ORD-12961,2025-08-23,CUST-1332,Vikas Mishra,Office Supplies,Paper,Copy Paper,East,Bihar,Gaya,1139.4,3,0.1,885.75,Net Banking,Delivered
ORD-12962,2025-12-11,CUST-1420,Manish Gupta,Electronics,Monitors,Dell Monitor,West,Goa,Panaji,100647.75,5,0.05,80023.69,Net Banking,Delivered
ORD-12963,2025-08-29,CUST-1752,Sneha Singh,Office Supplies,Equipment,Paper Shredder,South,Kerala,Thiruvananthapuram,9404.0,1,0.2,7008.49,Debit Card,Returned
ORD-12964,2025-03-22,CUST-1754,Anjali Yadav,Home Appliances,Cooling,Air Cooler,North,Delhi,Delhi,23142.1,2,0.15,17827.19,Debit Card,Delivered
ORD-12965,2025-10-04,CUST-1177,Meena Kumar,Electronics,Accessories,Headphones,South,Telangana,Hyderabad,30276.0,4,0.0,21438.07,Credit Card,Delivered
ORD-12966,2025-09-11,CUST-1800,Kavita Jain,Home Appliances,Kitchen,Microwave,West,Gujarat,Surat,48732.0,3,0.0,36383.54,Net Banking,Delivered
ORD-12967,2025-12-15,CUST-1439,Shweta Mishra,Office Supplies,Equipment,Calculator,North,Haryana,Gurugram,1719.0,3,0.0,1198.23,UPI,Delivered
ORD-12968,2025-08-07,CUST-1628,Sneha Jain,Furniture,Office Furniture,Office Chair,North,Haryana,Panipat,63900.0,4,0.0,38677.63,UPI,Delivered
ORD-12969,2025-04-21,CUST-1773,Varun Patel,Home Appliances,Cleaning,Vacuum Cleaner,North,Delhi,New Delhi,19329.6,2,0.2,15755.84,Credit Card,Returned
ORD-12970,2025-05-23,CUST-1639,Varun Verma,Office Supplies,Equipment,Calculator,North,Uttar Pradesh,Noida,1729.0,1,0.05,1284.8,Debit Card,Delivered
ORD-12971,2025-05-15,CUST-1041,Deepak Verma,Home Appliances,Cooling,Air Cooler,North,Rajasthan,Jaipur,35426.7,3,0.1,26482.55,UPI,Delivered
ORD-12972,2025-12-01,CUST-1149,Amit Gupta,Office Supplies,Equipment,Paper Shredder,South,Andhra Pradesh,Vijayawada,32538.0,4,0.15,24780.16,Debit Card,Delivered
ORD-12973,2025-04-22,CUST-1588,Varun Gupta,Office Supplies,Stationery,Stapler,South,Kerala,Thiruvananthapuram,1942.25,5,0.15,1283.02,Net Banking,Delivered
ORD-12974,2025-06-06,CUST-1643,Nisha Mishra,Furniture,Storage,Storage Cabinet,North,Delhi,New Delhi,34406.0,2,0.0,29205.91,Cash on Delivery,Delivered
ORD-12975,2025-02-08,CUST-1411,Sanjay Mishra,Furniture,Office Furniture,Office Desk,North,Punjab,Amritsar,45982.8,4,0.1,37498.0,Debit Card,Cancelled
ORD-12976,2025-12-26,CUST-1524,Deepak Agarwal,Home Appliances,Cooling,Air Cooler,South,Kerala,Thiruvananthapuram,67644.0,5,0.2,50215.45,Debit Card,Returned
ORD-12977,2025-11-01,CUST-1082,Sanjay Jain,Home Appliances,Cleaning,Vacuum Cleaner,East,Jharkhand,Ranchi,46988.0,4,0.15,38992.09,UPI,Delivered
ORD-12978,2025-05-31,CUST-1019,Kavita Yadav,Home Appliances,Cleaning,Vacuum Cleaner,South,Andhra Pradesh,Visakhapatnam,17936.1,3,0.1,12941.24,UPI,Cancelled
ORD-12979,2025-09-21,CUST-1052,Vikas Sharma,Electronics,Laptops,ASUS Laptop,West,Maharashtra,Nagpur,47049.7,1,0.05,35230.13,Debit Card,Delivered
ORD-12980,2025-12-19,CUST-1255,Kavita Sharma,Home Appliances,Cooling,Air Cooler,South,Kerala,Thiruvananthapuram,41215.65,3,0.15,27017.04,Debit Card,Delivered
ORD-12981,2025-01-16,CUST-1081,Shweta Gupta,Electronics,Laptops,HP Laptop,West,Gujarat,Ahmedabad,166722.3,3,0.1,115429.29,Net Banking,Returned
ORD-12982,2025-04-26,CUST-1094,Deepak Agarwal,Home Appliances,Cleaning,Vacuum Cleaner,North,Uttar Pradesh,Lucknow,11150.1,1,0.1,7846.47,UPI,Returned
ORD-12983,2025-09-13,CUST-1239,Amit Singh,Home Appliances,Kitchen,Mixer Grinder,North,Haryana,Gurugram,32200.0,5,0.0,19991.59,UPI,Delivered
ORD-12984,2025-12-05,CUST-1297,Shweta Singh,Furniture,Office Furniture,Bookshelf,East,Bihar,Patna,12762.0,3,0.0,8984.22,Credit Card,Shipped
ORD-12985,2025-07-15,CUST-1343,Arjun Patel,Furniture,Lighting,LED Desk Lamp,East,Jharkhand,Ranchi,2003.55,1,0.05,1373.13,UPI,Returned
ORD-12986,2025-05-22,CUST-1483,Anil Verma,Office Supplies,Stationery,Notebook,North,Uttar Pradesh,Varanasi,1373.7,3,0.05,1141.11,UPI,Shipped
ORD-12987,2025-06-17,CUST-1626,Anjali Sharma,Furniture,Lighting,LED Desk Lamp,South,Kerala,Thiruvananthapuram,9552.0,4,0.2,6774.81,UPI,Returned
ORD-12988,2025-06-17,CUST-1263,Ritu Mishra,Home Appliances,Cleaning,Vacuum Cleaner,East,Bihar,Gaya,22147.35,3,0.05,15002.7,Debit Card,Returned
ORD-12989,2025-01-30,CUST-1397,Shweta Kumar,Office Supplies,Paper,Printer Paper,East,West Bengal,Siliguri,1406.75,5,0.15,1117.37,UPI,Returned
ORD-12990,2025-03-01,CUST-1308,Nisha Jain,Office Supplies,Equipment,Calculator,North,Haryana,Gurugram,1412.7,1,0.15,1084.66,Debit Card,Delivered
ORD-12991,2025-09-08,CUST-1044,Nisha Singh,Office Supplies,Stationery,Pen Set,East,Jharkhand,Jamshedpur,1188.0,3,0.0,980.79,Debit Card,Cancelled
ORD-12992,2025-03-12,CUST-1640,Arjun Singh,Electronics,Monitors,Dell Monitor,East,Jharkhand,Ranchi,20761.0,1,0.0,13636.5,Cash on Delivery,Cancelled
ORD-12993,2025-08-01,CUST-1790,Sanjay Yadav,Office Supplies,Stationery,Pen Set,West,Madhya Pradesh,Bhopal,416.0,1,0.2,318.79,UPI,Delivered
ORD-12994,2025-03-18,CUST-1006,Kavita Yadav,Electronics,Laptops,ASUS Laptop,North,Haryana,Panipat,225445.5,5,0.1,147664.73,Debit Card,Shipped
ORD-12995,2025-08-30,CUST-1158,Deepak Patel,Electronics,Laptops,Lenovo Laptop,East,Jharkhand,Jamshedpur,122303.1,3,0.15,97335.78,Debit Card,Delivered
ORD-12996,2025-01-15,CUST-1507,Anjali Sharma,Electronics,Laptops,HP Laptop,North,Haryana,Faridabad,254670.2,4,0.15,188048.28,Credit Card,Shipped
ORD-12997,2025-05-26,CUST-1377,Neha Agarwal,Home Appliances,Cleaning,Vacuum Cleaner,East,West Bengal,Siliguri,40834.0,4,0.15,25840.03,UPI,Shipped
ORD-12998,2025-03-23,CUST-1182,Nisha Gupta,Furniture,Office Furniture,Bookshelf,West,Maharashtra,Nagpur,32370.0,5,0.0,22354.56,Net Banking,Delivered
ORD-12999,2025-07-06,CUST-1638,Sneha Jain,Home Appliances,Cleaning,Vacuum Cleaner,South,Tamil Nadu,Coimbatore,72200.0,5,0.0,46398.93,UPI,Delivered
ORD-13000,2025-10-31,CUST-1599,Arjun Kumar,Electronics,Smartphones,OnePlus Phone,East,Jharkhand,Ranchi,146894.7,3,0.05,90370.65,Credit Card,Delivered
ORD-13001,2025-02-19,CUST-1761,Amit Jain,Home Appliances,Cooling,Air Cooler,North,Delhi,Delhi,11978.55,1,0.05,9336.33,Net Banking,Cancelled
ORD-13002,2025-05-04,CUST-1469,Rahul Gupta,Electronics,Monitors,Dell Monitor,West,Goa,Margao,82810.4,4,0.15,65281.03,Net Banking,Cancelled
ORD-13003,2025-07-31,CUST-1156,Shweta Yadav,Home Appliances,Kitchen,Mixer Grinder,West,Madhya Pradesh,Bhopal,11459.7,3,0.15,8346.77,Credit Card,Delivered
ORD-13004,2025-02-01,CUST-1634,Vikas Singh,Electronics,Laptops,ASUS Laptop,West,Goa,Margao,312890.0,5,0.0,235647.78,Cash on Delivery,Returned
ORD-13005,2025-08-26,CUST-1210,Nisha Agarwal,Office Supplies,Stationery,Notebook,North,Rajasthan,Jaipur,427.0,1,0.0,302.85,Debit Card,Shipped
ORD-13006,2025-05-30,CUST-1528,Varun Gupta,Office Supplies,Paper,Printer Paper,South,Karnataka,Bengaluru,1096.2,2,0.1,886.97,Net Banking,Delivered
ORD-13007,2025-12-29,CUST-1547,Meena Agarwal,Furniture,Storage,Storage Cabinet,North,Haryana,Faridabad,27391.5,5,0.1,18370.47,Cash on Delivery,Delivered
ORD-13008,2025-11-22,CUST-1323,Nisha Gupta,Electronics,Smartphones,Redmi Phone,North,Punjab,Amritsar,144525.0,5,0.0,92488.98,Net Banking,Delivered
ORD-13009,2025-05-15,CUST-1378,Rohit Gupta,Electronics,Laptops,Lenovo Laptop,North,Uttar Pradesh,Varanasi,221479.2,4,0.1,159586.67,Cash on Delivery,Shipped
ORD-13010,2025-01-01,CUST-1555,Varun Singh,Home Appliances,Kitchen,Electric Kettle,East,Odisha,Bhubaneswar,5495.4,2,0.1,4374.42,Net Banking,Delivered
ORD-13011,2025-06-26,CUST-1323,Deepak Singh,Furniture,Lighting,LED Desk Lamp,North,Punjab,Jalandhar,2078.1,1,0.1,1713.58,UPI,Delivered
ORD-13012,2025-06-18,CUST-1161,Arjun Agarwal,Home Appliances,Cooling,Air Cooler,North,Uttar Pradesh,Noida,16010.1,1,0.1,10094.71,Cash on Delivery,Cancelled
ORD-13013,2025-12-21,CUST-1124,Ritu Kumar,Office Supplies,Equipment,Calculator,North,Rajasthan,Jaipur,2017.8,3,0.05,1221.81,UPI,Delivered
ORD-13014,2025-05-13,CUST-1648,Rahul Kumar,Home Appliances,Cooling,Air Cooler,West,Maharashtra,Nagpur,14489.1,2,0.15,10168.33,Cash on Delivery,Delivered
ORD-13015,2025-07-15,CUST-1576,Shweta Patel,Home Appliances,Cooling,Air Cooler,West,Madhya Pradesh,Bhopal,14530.25,1,0.05,11167.9,Credit Card,Returned
ORD-13016,2025-04-15,CUST-1618,Rahul Yadav,Furniture,Storage,Filing Cabinet,North,Punjab,Amritsar,24038.8,4,0.05,16236.22,UPI,Delivered
ORD-13017,2025-09-02,CUST-1211,Meena Kumar,Electronics,Smartphones,Redmi Phone,North,Delhi,Delhi,104252.4,4,0.1,85216.8,Net Banking,Delivered
ORD-13018,2025-04-17,CUST-1438,Neha Gupta,Office Supplies,Equipment,Paper Shredder,North,Punjab,Jalandhar,30092.55,3,0.15,22207.73,UPI,Delivered
ORD-13019,2025-01-17,CUST-1773,Nisha Patel,Home Appliances,Cooling,Air Cooler,West,Maharashtra,Nagpur,12537.5,1,0.15,9457.57,Cash on Delivery,Delivered
ORD-13020,2025-07-30,CUST-1800,Deepak Gupta,Electronics,Monitors,Dell Monitor,North,Delhi,New Delhi,33983.4,2,0.05,26264.94,Cash on Delivery,Cancelled
ORD-13021,2025-05-03,CUST-1107,Shweta Yadav,Electronics,Smartphones,Redmi Phone,North,Delhi,Delhi,18470.0,1,0.0,11193.98,Debit Card,Delivered
ORD-13022,2025-10-07,CUST-1446,Pooja Yadav,Home Appliances,Cooling,Air Cooler,West,Madhya Pradesh,Bhopal,25463.8,4,0.05,18232.77,Net Banking,Cancelled
ORD-13023,2025-09-17,CUST-1621,Anjali Yadav,Office Supplies,Stationery,Pen Set,South,Kerala,Kochi,1284.0,2,0.0,1041.05,Cash on Delivery,Delivered
ORD-13024,2025-04-14,CUST-1195,Rahul Patel,Furniture,Storage,Storage Cabinet,East,West Bengal,Kolkata,23205.0,4,0.15,16022.69,Cash on Delivery,Cancelled
ORD-13025,2025-07-22,CUST-1142,Rohit Sharma,Home Appliances,Cooling,Air Cooler,East,Bihar,Gaya,83155.0,5,0.0,68173.78,Cash on Delivery,Shipped
ORD-13026,2025-07-18,CUST-1012,Amit Yadav,Home Appliances,Cooling,Air Cooler,East,West Bengal,Kolkata,51040.65,3,0.05,35339.08,Cash on Delivery,Cancelled
ORD-13027,2025-05-17,CUST-1387,Priya Jain,Electronics,Accessories,Headphones,North,Haryana,Panipat,4111.2,2,0.1,2570.39,Cash on Delivery,Shipped
ORD-13028,2025-08-22,CUST-1620,Kavita Sharma,Electronics,Smartphones,iPhone,South,Karnataka,Bengaluru,512525.0,5,0.0,386674.68,Debit Card,Cancelled
ORD-13029,2025-05-13,CUST-1264,Ritu Agarwal,Furniture,Office Furniture,Office Desk,North,Punjab,Jalandhar,58976.0,4,0.2,40946.25,Net Banking,Cancelled
ORD-13030,2025-11-21,CUST-1139,Pooja Sharma,Electronics,Laptops,ASUS Laptop,South,Karnataka,Bengaluru,259912.8,4,0.1,159593.77,Cash on Delivery,Shipped
ORD-13031,2025-09-01,CUST-1651,Varun Gupta,Electronics,Smartphones,Redmi Phone,North,Rajasthan,Jodhpur,70506.0,5,0.1,54748.59,Credit Card,Delivered
ORD-13032,2025-02-24,CUST-1130,Anjali Jain,Electronics,Monitors,LG Monitor,East,West Bengal,Siliguri,106844.0,4,0.0,70381.75,Net Banking,Delivered
ORD-13033,2025-02-09,CUST-1291,Sanjay Verma,Furniture,Storage,Storage Cabinet,East,Odisha,Cuttack,71401.5,5,0.1,60075.04,Debit Card,Delivered
ORD-13034,2025-04-11,CUST-1114,Sneha Jain,Electronics,Monitors,Samsung Monitor,South,Kerala,Kochi,109008.25,5,0.15,77251.43,UPI,Shipped
ORD-13035,2025-06-08,CUST-1015,Kavita Jain,Electronics,Laptops,Lenovo Laptop,West,Madhya Pradesh,Indore,249937.2,4,0.1,175348.59,Net Banking,Delivered
ORD-13036,2025-03-01,CUST-1615,Meena Agarwal,Furniture,Storage,Storage Cabinet,West,Madhya Pradesh,Indore,22820.4,3,0.1,15598.32,Net Banking,Delivered
ORD-13037,2025-08-21,CUST-1179,Meena Singh,Furniture,Lighting,LED Desk Lamp,North,Haryana,Gurugram,12679.2,4,0.1,7745.95,UPI,Delivered
ORD-13038,2025-06-10,CUST-1793,Arjun Verma,Home Appliances,Cooling,Air Cooler,South,Andhra Pradesh,Vijayawada,50680.0,5,0.2,37067.53,Credit Card,Shipped
ORD-13039,2025-03-11,CUST-1208,Nisha Patel,Office Supplies,Equipment,Paper Shredder,East,Bihar,Patna,29817.6,4,0.2,23404.14,Credit Card,Shipped
ORD-13040,2025-07-31,CUST-1442,Anil Sharma,Office Supplies,Paper,Copy Paper,South,Telangana,Warangal,1104.0,5,0.2,914.64,Credit Card,Delivered
ORD-13041,2025-11-30,CUST-1082,Varun Patel,Home Appliances,Kitchen,Electric Kettle,South,Kerala,Kochi,2590.8,3,0.15,1574.85,UPI,Delivered
ORD-13042,2025-08-08,CUST-1423,Varun Yadav,Electronics,Monitors,Samsung Monitor,North,Rajasthan,Jodhpur,28565.0,1,0.0,17184.38,Cash on Delivery,Delivered
ORD-13043,2025-08-09,CUST-1402,Neha Patel,Office Supplies,Equipment,Calculator,West,Goa,Margao,611.0,1,0.0,439.09,Cash on Delivery,Returned
ORD-13044,2025-05-18,CUST-1410,Vikas Agarwal,Office Supplies,Stationery,Stapler,West,Gujarat,Ahmedabad,796.8,2,0.2,591.75,Net Banking,Cancelled
ORD-13045,2025-04-12,CUST-1058,Sneha Gupta,Home Appliances,Cleaning,Vacuum Cleaner,South,Karnataka,Mysuru,33680.0,5,0.0,26518.65,UPI,Cancelled
ORD-13046,2025-09-30,CUST-1696,Pooja Verma,Furniture,Lighting,LED Desk Lamp,North,Haryana,Gurugram,3437.1,1,0.05,2369.54,UPI,Delivered
ORD-13047,2025-05-19,CUST-1181,Vikas Agarwal,Office Supplies,Equipment,Paper Shredder,East,Odisha,Bhubaneswar,25733.6,4,0.05,21343.54,Debit Card,Delivered
ORD-13048,2025-06-13,CUST-1198,Varun Agarwal,Electronics,Accessories,Keyboard,East,Odisha,Bhubaneswar,5187.6,2,0.1,4021.84,Debit Card,Delivered
ORD-13049,2025-10-09,CUST-1551,Sneha Mishra,Furniture,Office Furniture,Office Desk,West,Madhya Pradesh,Indore,17352.0,1,0.1,11121.12,Cash on Delivery,Cancelled
ORD-13050,2025-03-26,CUST-1782,Deepak Sharma,Furniture,Office Furniture,Bookshelf,North,Haryana,Faridabad,27122.5,2,0.05,20362.86,Net Banking,Delivered
ORD-13051,2025-12-27,CUST-1286,Varun Kumar,Furniture,Lighting,LED Desk Lamp,South,Tamil Nadu,Madurai,9641.55,3,0.15,7051.11,Net Banking,Cancelled
ORD-13052,2025-11-26,CUST-1750,Varun Sharma,Furniture,Storage,Storage Cabinet,West,Madhya Pradesh,Indore,41215.65,3,0.15,26278.48,Cash on Delivery,Delivered
ORD-13053,2025-12-05,CUST-1793,Varun Verma,Electronics,Laptops,HP Laptop,North,Haryana,Faridabad,270950.25,5,0.15,200437.91,Debit Card,Delivered
ORD-13054,2025-11-11,CUST-1521,Sanjay Patel,Office Supplies,Stationery,Notebook,South,Karnataka,Mysuru,678.3,2,0.05,478.82,Cash on Delivery,Delivered
ORD-13055,2025-11-06,CUST-1482,Rahul Singh,Office Supplies,Equipment,Paper Shredder,West,Maharashtra,Mumbai,27577.6,4,0.2,20461.72,Debit Card,Returned
ORD-13056,2025-09-28,CUST-1762,Arjun Gupta,Office Supplies,Stationery,Stapler,West,Goa,Margao,680.4,2,0.1,443.04,Debit Card,Delivered
ORD-13057,2025-01-29,CUST-1734,Kavita Sharma,Furniture,Office Furniture,Bookshelf,North,Haryana,Panipat,24625.8,2,0.1,18533.08,Debit Card,Delivered
ORD-13058,2025-06-15,CUST-1461,Nisha Kumar,Furniture,Lighting,Table Lamp,West,Maharashtra,Nashik,5589.8,2,0.05,3456.35,UPI,Returned
ORD-13059,2025-02-06,CUST-1187,Pooja Kumar,Electronics,Monitors,LG Monitor,South,Karnataka,Mangaluru,60588.0,3,0.2,44005.37,Credit Card,Returned
ORD-13060,2025-08-26,CUST-1651,Kavita Sharma,Electronics,Accessories,Keyboard,East,West Bengal,Siliguri,11595.0,5,0.0,8807.74,Credit Card,Delivered
ORD-13061,2025-12-09,CUST-1223,Sanjay Agarwal,Furniture,Office Furniture,Office Desk,East,Bihar,Gaya,65105.4,3,0.05,39117.22,Net Banking,Shipped
ORD-13062,2025-09-26,CUST-1054,Arjun Agarwal,Furniture,Storage,Storage Cabinet,North,Haryana,Panipat,60735.6,4,0.1,38917.58,Credit Card,Shipped
ORD-13063,2025-10-29,CUST-1637,Anjali Gupta,Office Supplies,Paper,Copy Paper,East,West Bengal,Siliguri,477.6,1,0.2,351.67,Credit Card,Shipped
ORD-13064,2025-07-05,CUST-1464,Shweta Singh,Electronics,Laptops,ASUS Laptop,South,Kerala,Kochi,140016.6,3,0.1,105127.17,Cash on Delivery,Delivered
ORD-13065,2025-03-26,CUST-1494,Varun Agarwal,Office Supplies,Equipment,Calculator,East,West Bengal,Siliguri,4689.2,2,0.05,2896.37,Net Banking,Shipped
ORD-13066,2025-04-27,CUST-1073,Manish Kumar,Electronics,Accessories,Headphones,East,Odisha,Cuttack,4085.95,1,0.15,2820.1,UPI,Delivered
ORD-13067,2025-02-27,CUST-1021,Amit Sharma,Office Supplies,Equipment,Paper Shredder,South,Kerala,Thiruvananthapuram,40336.75,5,0.15,24770.81,UPI,Delivered
ORD-13068,2025-03-03,CUST-1652,Vikas Mishra,Home Appliances,Kitchen,Mixer Grinder,South,Andhra Pradesh,Vijayawada,11349.0,5,0.1,9363.89,Net Banking,Returned
ORD-13069,2025-07-16,CUST-1613,Manish Singh,Office Supplies,Equipment,Paper Shredder,East,Bihar,Gaya,9292.2,2,0.15,7691.22,Cash on Delivery,Delivered
ORD-13070,2025-06-12,CUST-1200,Anil Verma,Office Supplies,Stationery,Stapler,West,Gujarat,Vadodara,1148.0,4,0.0,816.36,Net Banking,Shipped
ORD-13071,2025-04-09,CUST-1751,Rohit Kumar,Electronics,Accessories,Headphones,West,Goa,Margao,8604.0,3,0.2,7251.45,Net Banking,Delivered
ORD-13072,2025-11-21,CUST-1270,Manish Jain,Home Appliances,Cleaning,Vacuum Cleaner,West,Maharashtra,Pune,35283.0,3,0.05,27042.34,Net Banking,Shipped
ORD-13073,2025-06-19,CUST-1006,Kavita Sharma,Office Supplies,Stationery,Stapler,West,Maharashtra,Pune,171.95,1,0.05,107.02,Cash on Delivery,Delivered
ORD-13074,2025-08-20,CUST-1134,Amit Agarwal,Office Supplies,Equipment,Paper Shredder,West,Maharashtra,Nagpur,30076.0,4,0.0,22701.67,Net Banking,Cancelled
ORD-13075,2025-08-24,CUST-1703,Pooja Sharma,Office Supplies,Stationery,Pen Set,North,Punjab,Ludhiana,183.0,1,0.0,154.97,Net Banking,Cancelled
ORD-13076,2025-07-10,CUST-1351,Kavita Yadav,Home Appliances,Cooling,Air Cooler,West,Madhya Pradesh,Indore,38483.55,3,0.05,30066.4,Cash on Delivery,Cancelled
ORD-13077,2025-09-02,CUST-1492,Varun Verma,Home Appliances,Cooling,Air Cooler,North,Punjab,Ludhiana,30134.0,5,0.05,19898.26,UPI,Shipped
ORD-13078,2025-06-02,CUST-1437,Sanjay Verma,Home Appliances,Kitchen,Microwave,West,Madhya Pradesh,Bhopal,27052.95,3,0.15,17717.84,UPI,Delivered
ORD-13079,2025-04-15,CUST-1795,Varun Singh,Electronics,Accessories,Keyboard,North,Haryana,Panipat,8145.0,5,0.0,6789.98,Net Banking,Delivered
ORD-13080,2025-06-30,CUST-1058,Sneha Verma,Electronics,Accessories,Headphones,North,Haryana,Faridabad,2383.4,1,0.15,1934.94,Net Banking,Delivered
ORD-13081,2025-06-19,CUST-1591,Rahul Kumar,Home Appliances,Cleaning,Vacuum Cleaner,North,Uttar Pradesh,Noida,10723.2,2,0.2,7976.07,Debit Card,Delivered
ORD-13082,2025-08-15,CUST-1034,Shweta Patel,Office Supplies,Equipment,Paper Shredder,East,West Bengal,Siliguri,10515.55,1,0.05,6702.54,Cash on Delivery,Delivered
ORD-13083,2025-01-10,CUST-1526,Sneha Jain,Furniture,Storage,Filing Cabinet,West,Madhya Pradesh,Indore,34256.0,4,0.2,24007.19,Cash on Delivery,Cancelled
ORD-13084,2025-07-20,CUST-1551,Anjali Singh,Furniture,Office Furniture,Office Chair,East,Odisha,Bhubaneswar,70898.5,5,0.15,43687.7,Debit Card,Delivered
ORD-13085,2025-09-07,CUST-1341,Shweta Mishra,Furniture,Storage,Storage Cabinet,North,Uttar Pradesh,Kanpur,35816.0,2,0.0,22077.31,Debit Card,Delivered
ORD-13086,2025-08-17,CUST-1784,Ritu Verma,Furniture,Storage,Storage Cabinet,West,Maharashtra,Pune,47937.0,3,0.0,36440.66,Net Banking,Delivered
ORD-13087,2025-08-04,CUST-1334,Rahul Patel,Furniture,Lighting,Table Lamp,West,Gujarat,Vadodara,7045.2,3,0.05,5053.49,Cash on Delivery,Delivered
ORD-13088,2025-04-25,CUST-1121,Meena Verma,Furniture,Storage,Filing Cabinet,West,Maharashtra,Mumbai,8090.3,1,0.15,6055.88,Debit Card,Delivered
ORD-13089,2025-06-06,CUST-1289,Meena Kumar,Electronics,Monitors,Dell Monitor,North,Punjab,Jalandhar,69192.0,5,0.2,45925.48,Credit Card,Delivered
ORD-13090,2025-10-14,CUST-1579,Anil Verma,Electronics,Accessories,Headphones,South,Kerala,Kochi,5309.1,1,0.15,4282.94,Cash on Delivery,Delivered
ORD-13091,2025-05-30,CUST-1316,Anil Yadav,Electronics,Accessories,Mouse,East,Jharkhand,Ranchi,5391.0,2,0.1,3454.54,UPI,Delivered
ORD-13092,2025-08-29,CUST-1052,Nisha Sharma,Office Supplies,Equipment,Calculator,West,Goa,Panaji,4528.8,3,0.15,3265.86,Cash on Delivery,Cancelled
ORD-13093,2025-06-15,CUST-1719,Sneha Singh,Furniture,Office Furniture,Office Chair,West,Maharashtra,Mumbai,10988.0,1,0.0,8643.2,Cash on Delivery,Returned
ORD-13094,2025-07-31,CUST-1095,Kavita Mishra,Office Supplies,Equipment,Paper Shredder,East,Bihar,Patna,26766.0,4,0.1,20377.41,UPI,Shipped
ORD-13095,2025-05-19,CUST-1604,Neha Jain,Electronics,Laptops,HP Laptop,South,Tamil Nadu,Coimbatore,42045.25,1,0.15,27670.04,Debit Card,Shipped
ORD-13096,2025-03-10,CUST-1149,Kavita Agarwal,Office Supplies,Equipment,Calculator,East,West Bengal,Siliguri,5836.8,4,0.05,3844.68,Debit Card,Cancelled
ORD-13097,2025-07-09,CUST-1271,Manish Kumar,Furniture,Lighting,Table Lamp,West,Gujarat,Ahmedabad,1164.6,1,0.1,887.41,Debit Card,Delivered
ORD-13098,2025-07-27,CUST-1617,Arjun Verma,Office Supplies,Paper,Printer Paper,West,Maharashtra,Pune,601.8,2,0.15,415.49,Cash on Delivery,Returned
ORD-13099,2025-04-21,CUST-1625,Sneha Gupta,Furniture,Storage,Filing Cabinet,North,Haryana,Faridabad,13339.8,2,0.1,8786.68,Credit Card,Delivered
ORD-13100,2025-04-15,CUST-1583,Neha Agarwal,Furniture,Lighting,Table Lamp,East,Odisha,Cuttack,6110.4,4,0.05,4237.24,UPI,Delivered
ORD-13101,2025-12-30,CUST-1266,Priya Mishra,Furniture,Lighting,LED Desk Lamp,North,Punjab,Jalandhar,2359.2,1,0.2,1509.44,Net Banking,Delivered
ORD-13102,2025-07-07,CUST-1753,Neha Jain,Home Appliances,Kitchen,Microwave,East,Bihar,Patna,31179.6,2,0.1,25481.01,Net Banking,Cancelled
ORD-13103,2025-04-22,CUST-1390,Amit Jain,Furniture,Lighting,Table Lamp,North,Punjab,Amritsar,5274.4,4,0.05,4400.27,UPI,Delivered
ORD-13104,2025-08-24,CUST-1383,Amit Verma,Furniture,Lighting,LED Desk Lamp,North,Punjab,Ludhiana,1692.0,1,0.1,1339.63,Debit Card,Delivered
ORD-13105,2025-09-02,CUST-1346,Pooja Jain,Electronics,Smartphones,Redmi Phone,East,Bihar,Gaya,117048.0,5,0.2,84056.25,Cash on Delivery,Delivered
ORD-13106,2025-12-20,CUST-1341,Deepak Jain,Furniture,Lighting,Table Lamp,South,Andhra Pradesh,Vijayawada,4316.4,2,0.1,3078.57,Debit Card,Returned
ORD-13107,2025-04-10,CUST-1778,Sneha Yadav,Electronics,Smartphones,iPhone,West,Goa,Margao,247520.6,4,0.05,157991.89,Cash on Delivery,Cancelled
ORD-13108,2025-04-16,CUST-1288,Anjali Kumar,Home Appliances,Kitchen,Mixer Grinder,West,Gujarat,Vadodara,12601.25,5,0.15,7797.56,Net Banking,Delivered
ORD-13109,2025-08-10,CUST-1584,Shweta Gupta,Electronics,Accessories,Headphones,West,Goa,Panaji,10540.0,5,0.2,8222.36,Cash on Delivery,Delivered
ORD-13110,2025-02-06,CUST-1391,Vikas Patel,Furniture,Storage,Storage Cabinet,East,West Bengal,Siliguri,30932.0,4,0.0,20457.39,Credit Card,Cancelled
ORD-13111,2025-01-07,CUST-1369,Pooja Patel,Office Supplies,Equipment,Calculator,West,Madhya Pradesh,Bhopal,5140.0,5,0.2,3469.61,Credit Card,Delivered
ORD-13112,2025-06-13,CUST-1173,Nisha Jain,Home Appliances,Kitchen,Electric Kettle,North,Rajasthan,Kota,1375.0,1,0.0,983.26,Debit Card,Shipped
ORD-13113,2025-03-31,CUST-1210,Pooja Sharma,Office Supplies,Equipment,Paper Shredder,South,Kerala,Kochi,28096.2,3,0.1,18328.7,Net Banking,Delivered
ORD-13114,2025-02-27,CUST-1204,Sanjay Yadav,Furniture,Lighting,Table Lamp,East,Jharkhand,Jamshedpur,888.0,1,0.2,544.97,Debit Card,Delivered
ORD-13115,2025-09-20,CUST-1305,Deepak Sharma,Home Appliances,Cooling,Air Cooler,East,Jharkhand,Jamshedpur,12672.0,2,0.2,7988.2,UPI,Delivered
ORD-13116,2025-09-27,CUST-1765,Sneha Kumar,Furniture,Office Furniture,Office Chair,East,Bihar,Patna,20395.8,2,0.1,15394.33,Net Banking,Delivered
ORD-13117,2025-07-18,CUST-1008,Manish Sharma,Furniture,Office Furniture,Office Desk,South,Tamil Nadu,Chennai,49780.25,5,0.15,39656.83,UPI,Delivered
ORD-13118,2025-04-01,CUST-1721,Deepak Singh,Electronics,Monitors,Samsung Monitor,East,Odisha,Bhubaneswar,18346.4,2,0.15,12010.68,Debit Card,Delivered
ORD-13119,2025-07-15,CUST-1353,Vikas Agarwal,Electronics,Laptops,Lenovo Laptop,South,Kerala,Kochi,92696.0,2,0.0,56048.7,UPI,Delivered
ORD-13120,2025-11-05,CUST-1675,Sanjay Mishra,Furniture,Office Furniture,Office Chair,North,Delhi,Delhi,78435.0,5,0.0,48534.82,Net Banking,Delivered
ORD-13121,2025-04-01,CUST-1031,Shweta Jain,Electronics,Laptops,Lenovo Laptop,North,Rajasthan,Jodhpur,261584.0,4,0.0,213537.96,Credit Card,Returned
ORD-13122,2025-07-26,CUST-1037,Kavita Agarwal,Electronics,Monitors,LG Monitor,South,Kerala,Kochi,22178.4,1,0.2,13346.96,Credit Card,Cancelled
ORD-13123,2025-12-17,CUST-1360,Deepak Gupta,Electronics,Accessories,Headphones,South,Telangana,Hyderabad,8455.0,2,0.05,5760.94,UPI,Delivered
ORD-13124,2025-06-09,CUST-1591,Arjun Yadav,Electronics,Monitors,Samsung Monitor,North,Haryana,Gurugram,30505.5,1,0.1,19069.71,Credit Card,Cancelled
ORD-13125,2025-03-06,CUST-1031,Shweta Yadav,Furniture,Storage,Filing Cabinet,East,Bihar,Patna,40276.0,4,0.0,30586.86,Credit Card,Delivered
ORD-13126,2025-10-18,CUST-1647,Anjali Yadav,Electronics,Smartphones,Redmi Phone,West,Gujarat,Ahmedabad,48520.8,2,0.1,34941.23,Credit Card,Delivered
ORD-13127,2025-11-06,CUST-1104,Shweta Mishra,Office Supplies,Stationery,Pen Set,North,Uttar Pradesh,Lucknow,1356.6,2,0.15,979.51,UPI,Delivered
ORD-13128,2025-06-08,CUST-1441,Ritu Gupta,Office Supplies,Stationery,Notebook,North,Punjab,Amritsar,711.0,2,0.1,563.21,Debit Card,Returned
ORD-13129,2025-07-04,CUST-1524,Varun Yadav,Electronics,Laptops,HP Laptop,West,Gujarat,Ahmedabad,98798.1,2,0.05,59332.97,Net Banking,Delivered
ORD-13130,2025-02-23,CUST-1615,Ritu Jain,Electronics,Laptops,ASUS Laptop,North,Haryana,Panipat,120153.45,3,0.15,101200.32,UPI,Cancelled
ORD-13131,2025-10-24,CUST-1166,Pooja Agarwal,Office Supplies,Paper,Printer Paper,East,Odisha,Bhubaneswar,2207.8,4,0.05,1690.0,Cash on Delivery,Cancelled
ORD-13132,2025-05-26,CUST-1201,Meena Yadav,Furniture,Office Furniture,Office Chair,West,Madhya Pradesh,Indore,7369.6,1,0.2,6225.62,UPI,Delivered
ORD-13133,2025-04-27,CUST-1393,Priya Gupta,Office Supplies,Stationery,Pen Set,West,Madhya Pradesh,Indore,627.3,3,0.15,394.41,Cash on Delivery,Delivered
ORD-13134,2025-06-01,CUST-1346,Manish Verma,Office Supplies,Stationery,Stapler,West,Goa,Margao,190.0,1,0.05,143.84,UPI,Delivered
ORD-13135,2025-10-26,CUST-1359,Varun Agarwal,Office Supplies,Stationery,Pen Set,South,Telangana,Warangal,1272.6,2,0.1,828.19,UPI,Delivered
ORD-13136,2025-11-09,CUST-1026,Shweta Jain,Electronics,Laptops,Lenovo Laptop,South,Telangana,Warangal,202204.8,4,0.15,123405.84,Credit Card,Delivered
ORD-13137,2025-01-04,CUST-1451,Varun Verma,Electronics,Smartphones,OnePlus Phone,East,West Bengal,Siliguri,97542.9,3,0.1,66402.33,Credit Card,Cancelled
ORD-13138,2025-12-04,CUST-1083,Manish Kumar,Furniture,Office Furniture,Bookshelf,North,Haryana,Faridabad,12093.3,1,0.1,8160.46,UPI,Delivered
ORD-13139,2025-07-09,CUST-1273,Rahul Verma,Electronics,Monitors,Samsung Monitor,East,Bihar,Gaya,80278.8,3,0.05,59280.06,Net Banking,Delivered
ORD-13140,2025-11-11,CUST-1210,Manish Patel,Furniture,Lighting,LED Desk Lamp,East,West Bengal,Kolkata,8331.0,3,0.0,5283.14,UPI,Returned
ORD-13141,2025-07-15,CUST-1292,Pooja Kumar,Office Supplies,Paper,Copy Paper,East,Jharkhand,Jamshedpur,1209.6,4,0.1,997.61,Cash on Delivery,Delivered
ORD-13142,2025-06-30,CUST-1060,Anil Kumar,Office Supplies,Paper,Printer Paper,South,Andhra Pradesh,Vijayawada,2593.5,5,0.05,1889.78,UPI,Delivered
ORD-13143,2025-03-15,CUST-1534,Neha Mishra,Furniture,Storage,Storage Cabinet,North,Punjab,Ludhiana,11747.7,2,0.05,7593.88,Cash on Delivery,Returned
ORD-13144,2025-07-29,CUST-1346,Shweta Verma,Electronics,Monitors,Dell Monitor,North,Rajasthan,Kota,66888.0,5,0.2,53031.66,UPI,Returned
ORD-13145,2025-06-23,CUST-1200,Amit Yadav,Furniture,Office Furniture,Office Chair,East,Bihar,Patna,61375.5,5,0.1,37110.09,Net Banking,Cancelled
ORD-13146,2025-09-01,CUST-1476,Pooja Patel,Electronics,Laptops,Lenovo Laptop,South,Karnataka,Mangaluru,72086.0,1,0.0,53679.55,UPI,Shipped
ORD-13147,2025-07-01,CUST-1497,Varun Kumar,Home Appliances,Cooling,Air Cooler,West,Goa,Panaji,24120.0,3,0.2,17213.23,Net Banking,Delivered
ORD-13148,2025-04-17,CUST-1566,Varun Gupta,Office Supplies,Paper,Copy Paper,North,Punjab,Jalandhar,2019.6,4,0.1,1514.43,Net Banking,Shipped
ORD-13149,2025-03-25,CUST-1577,Pooja Singh,Home Appliances,Kitchen,Mixer Grinder,East,Bihar,Patna,11143.5,3,0.15,8792.35,Credit Card,Cancelled
ORD-13150,2025-11-21,CUST-1631,Anil Patel,Home Appliances,Cleaning,Vacuum Cleaner,North,Punjab,Amritsar,17185.5,3,0.05,11635.4,UPI,Delivered
ORD-13151,2025-07-23,CUST-1531,Deepak Singh,Home Appliances,Kitchen,Microwave,East,Jharkhand,Ranchi,16552.0,1,0.0,11879.33,UPI,Delivered
ORD-13152,2025-12-15,CUST-1275,Sanjay Gupta,Office Supplies,Equipment,Calculator,East,Bihar,Gaya,3232.0,4,0.2,1975.77,Credit Card,Delivered
ORD-13153,2025-09-27,CUST-1270,Manish Kumar,Home Appliances,Cooling,Air Cooler,North,Delhi,Delhi,57760.0,4,0.05,40634.94,UPI,Delivered
ORD-13154,2025-05-27,CUST-1473,Pooja Singh,Office Supplies,Paper,Copy Paper,North,Haryana,Gurugram,1125.0,2,0.1,762.76,Debit Card,Returned
ORD-13155,2025-06-15,CUST-1358,Anjali Kumar,Electronics,Accessories,Headphones,East,Bihar,Patna,14708.0,5,0.2,9472.41,Net Banking,Delivered
ORD-13156,2025-08-31,CUST-1653,Amit Sharma,Furniture,Office Furniture,Office Chair,West,Gujarat,Vadodara,37697.4,3,0.1,27084.85,UPI,Delivered
ORD-13157,2025-07-11,CUST-1444,Amit Jain,Electronics,Smartphones,iPhone,North,Punjab,Ludhiana,298676.4,3,0.15,239421.17,Credit Card,Shipped
ORD-13158,2025-09-27,CUST-1175,Anjali Verma,Home Appliances,Kitchen,Electric Kettle,East,Bihar,Gaya,6429.4,4,0.15,5198.97,UPI,Delivered
ORD-13159,2025-10-16,CUST-1200,Anil Jain,Furniture,Office Furniture,Bookshelf,North,Delhi,Delhi,25042.0,2,0.0,16937.96,UPI,Cancelled
ORD-13160,2025-04-28,CUST-1004,Ritu Gupta,Home Appliances,Cleaning,Vacuum Cleaner,West,Maharashtra,Mumbai,29372.8,4,0.2,18981.6,Net Banking,Delivered
ORD-13161,2025-10-15,CUST-1708,Anjali Jain,Home Appliances,Cooling,Air Cooler,North,Delhi,New Delhi,27903.8,2,0.15,22391.62,Cash on Delivery,Delivered
ORD-13162,2025-10-13,CUST-1077,Neha Mishra,Office Supplies,Equipment,Calculator,South,Andhra Pradesh,Vijayawada,2288.55,1,0.05,1423.69,Net Banking,Delivered
ORD-13163,2025-02-02,CUST-1418,Rahul Gupta,Electronics,Accessories,Headphones,South,Andhra Pradesh,Visakhapatnam,17224.0,4,0.0,10999.85,Net Banking,Delivered
ORD-13164,2025-11-03,CUST-1015,Sneha Singh,Electronics,Monitors,Samsung Monitor,East,Odisha,Bhubaneswar,14505.6,1,0.2,9022.76,Net Banking,Shipped
ORD-13165,2025-02-08,CUST-1178,Ritu Jain,Office Supplies,Equipment,Calculator,South,Kerala,Kochi,1672.8,1,0.2,1377.03,Credit Card,Returned
ORD-13166,2025-08-18,CUST-1662,Ritu Verma,Furniture,Lighting,LED Desk Lamp,West,Madhya Pradesh,Indore,4363.2,2,0.2,3181.41,Credit Card,Delivered
ORD-13167,2025-03-31,CUST-1044,Kavita Singh,Electronics,Monitors,LG Monitor,West,Madhya Pradesh,Bhopal,33150.0,2,0.0,26665.85,Net Banking,Delivered
ORD-13168,2025-10-10,CUST-1031,Anil Patel,Electronics,Laptops,Lenovo Laptop,West,Madhya Pradesh,Indore,39885.6,1,0.2,32779.74,UPI,Delivered
ORD-13169,2025-05-31,CUST-1449,Rohit Singh,Home Appliances,Kitchen,Microwave,North,Rajasthan,Jaipur,64413.0,5,0.1,46760.47,Net Banking,Delivered
ORD-13170,2025-04-20,CUST-1460,Nisha Jain,Furniture,Office Furniture,Office Desk,East,West Bengal,Siliguri,85376.0,4,0.0,66241.05,Credit Card,Shipped
ORD-13171,2025-11-29,CUST-1704,Priya Verma,Home Appliances,Cleaning,Vacuum Cleaner,South,Kerala,Kochi,15858.45,3,0.15,11868.72,Debit Card,Cancelled
ORD-13172,2025-04-23,CUST-1426,Pooja Gupta,Home Appliances,Kitchen,Electric Kettle,South,Kerala,Thiruvananthapuram,6976.8,3,0.05,4783.74,Net Banking,Delivered
ORD-13173,2025-09-11,CUST-1538,Neha Patel,Office Supplies,Equipment,Calculator,South,Andhra Pradesh,Visakhapatnam,2080.0,4,0.2,1753.94,Cash on Delivery,Cancelled
ORD-13174,2025-04-09,CUST-1451,Varun Kumar,Home Appliances,Kitchen,Microwave,South,Tamil Nadu,Madurai,20521.8,2,0.1,13977.37,Credit Card,Delivered
ORD-13175,2025-07-19,CUST-1509,Rahul Singh,Furniture,Lighting,LED Desk Lamp,North,Haryana,Panipat,13096.0,5,0.2,10846.72,Net Banking,Returned
ORD-13176,2025-02-25,CUST-1741,Amit Gupta,Furniture,Lighting,LED Desk Lamp,East,Jharkhand,Ranchi,1529.6,1,0.2,1297.42,UPI,Delivered
ORD-13177,2025-04-20,CUST-1503,Arjun Verma,Home Appliances,Cleaning,Vacuum Cleaner,South,Kerala,Kochi,4198.4,1,0.2,2952.74,UPI,Shipped
ORD-13178,2025-10-31,CUST-1474,Amit Agarwal,Electronics,Smartphones,OnePlus Phone,South,Andhra Pradesh,Vijayawada,224610.0,5,0.0,144113.59,Net Banking,Returned
ORD-13179,2025-07-07,CUST-1603,Varun Singh,Home Appliances,Cleaning,Vacuum Cleaner,West,Maharashtra,Mumbai,29640.6,3,0.1,21302.54,Cash on Delivery,Delivered
ORD-13180,2025-04-19,CUST-1650,Vikas Jain,Electronics,Monitors,LG Monitor,North,Uttar Pradesh,Noida,18049.5,1,0.1,12990.43,Cash on Delivery,Cancelled
ORD-13181,2025-11-17,CUST-1782,Varun Verma,Electronics,Laptops,ASUS Laptop,North,Rajasthan,Jodhpur,178942.0,4,0.15,146669.98,UPI,Cancelled
ORD-13182,2025-06-25,CUST-1199,Anil Agarwal,Furniture,Storage,Storage Cabinet,East,Jharkhand,Ranchi,29208.0,3,0.2,20905.79,Cash on Delivery,Delivered
ORD-13183,2025-09-19,CUST-1087,Varun Gupta,Office Supplies,Paper,Copy Paper,South,Kerala,Thiruvananthapuram,979.2,3,0.15,779.76,Net Banking,Shipped
ORD-13184,2025-04-08,CUST-1275,Sanjay Yadav,Furniture,Lighting,Table Lamp,North,Punjab,Ludhiana,6196.8,3,0.2,4338.16,UPI,Shipped
ORD-13185,2025-12-27,CUST-1744,Rohit Jain,Office Supplies,Stationery,Pen Set,East,Odisha,Bhubaneswar,252.45,1,0.15,213.39,Debit Card,Shipped
ORD-13186,2025-08-16,CUST-1267,Priya Verma,Furniture,Storage,Filing Cabinet,South,Kerala,Kochi,12145.6,2,0.2,7919.81,UPI,Shipped
ORD-13187,2025-11-28,CUST-1705,Varun Kumar,Furniture,Office Furniture,Office Chair,South,Karnataka,Mangaluru,45038.7,3,0.1,30742.95,Net Banking,Shipped
ORD-13188,2025-11-09,CUST-1611,Amit Sharma,Home Appliances,Cleaning,Vacuum Cleaner,East,Bihar,Gaya,18176.0,2,0.0,12639.55,Credit Card,Delivered
ORD-13189,2025-06-28,CUST-1458,Ritu Gupta,Electronics,Laptops,Lenovo Laptop,East,West Bengal,Siliguri,47153.75,1,0.15,34017.68,Net Banking,Delivered
ORD-13190,2025-09-07,CUST-1621,Neha Patel,Furniture,Storage,Storage Cabinet,South,Tamil Nadu,Madurai,32548.2,4,0.15,20176.35,Net Banking,Delivered
ORD-13191,2025-06-10,CUST-1337,Kavita Patel,Office Supplies,Paper,Copy Paper,North,Delhi,New Delhi,266.4,1,0.2,206.78,Debit Card,Delivered
ORD-13192,2025-04-15,CUST-1574,Ritu Singh,Office Supplies,Stationery,Notebook,East,Jharkhand,Jamshedpur,1013.2,4,0.15,676.19,Cash on Delivery,Shipped
ORD-13193,2025-08-07,CUST-1519,Meena Patel,Home Appliances,Kitchen,Electric Kettle,East,West Bengal,Siliguri,2216.0,1,0.0,1628.33,Credit Card,Delivered
ORD-13194,2025-10-27,CUST-1040,Meena Kumar,Office Supplies,Paper,Copy Paper,North,Punjab,Amritsar,968.0,2,0.0,690.36,Debit Card,Delivered
ORD-13195,2025-05-20,CUST-1352,Vikas Agarwal,Office Supplies,Paper,Copy Paper,East,West Bengal,Kolkata,902.7,2,0.15,604.19,UPI,Delivered
ORD-13196,2025-06-12,CUST-1093,Meena Gupta,Electronics,Smartphones,Redmi Phone,North,Punjab,Amritsar,62064.0,5,0.2,51833.18,UPI,Delivered
ORD-13197,2025-06-10,CUST-1424,Ritu Patel,Office Supplies,Equipment,Paper Shredder,North,Uttar Pradesh,Prayagraj,31040.0,4,0.0,25535.42,Net Banking,Delivered
ORD-13198,2025-01-16,CUST-1109,Manish Patel,Office Supplies,Paper,Copy Paper,South,Andhra Pradesh,Vijayawada,2223.0,5,0.1,1763.5,Net Banking,Returned
ORD-13199,2025-05-06,CUST-1095,Sneha Agarwal,Furniture,Storage,Storage Cabinet,North,Rajasthan,Jodhpur,49782.8,4,0.15,30740.9,Credit Card,Returned
ORD-13200,2025-04-26,CUST-1784,Nisha Yadav,Furniture,Office Furniture,Office Chair,South,Andhra Pradesh,Vijayawada,29228.1,2,0.15,18485.5,Cash on Delivery,Shipped
ORD-13201,2025-08-04,CUST-1311,Amit Patel,Office Supplies,Paper,Copy Paper,West,Madhya Pradesh,Indore,954.0,4,0.1,626.06,Debit Card,Delivered
ORD-13202,2025-05-08,CUST-1263,Shweta Mishra,Electronics,Accessories,Mouse,West,Maharashtra,Pune,1116.8,2,0.2,852.16,UPI,Cancelled
ORD-13203,2025-04-01,CUST-1544,Meena Gupta,Electronics,Laptops,Dell Laptop,West,Gujarat,Vadodara,69623.6,1,0.05,56716.99,Debit Card,Delivered
ORD-13204,2025-05-28,CUST-1649,Neha Yadav,Electronics,Laptops,Dell Laptop,East,Jharkhand,Ranchi,124660.0,2,0.0,99280.29,Debit Card,Delivered
ORD-13205,2025-06-03,CUST-1015,Arjun Verma,Office Supplies,Equipment,Calculator,West,Madhya Pradesh,Indore,4371.2,4,0.2,3078.68,UPI,Cancelled
ORD-13206,2025-03-31,CUST-1492,Kavita Patel,Furniture,Storage,Storage Cabinet,South,Tamil Nadu,Chennai,52677.5,5,0.05,31868.88,Cash on Delivery,Delivered
ORD-13207,2025-05-12,CUST-1329,Kavita Yadav,Furniture,Lighting,LED Desk Lamp,East,West Bengal,Siliguri,3395.75,1,0.15,2276.29,UPI,Delivered
ORD-13208,2025-02-09,CUST-1548,Varun Verma,Home Appliances,Cleaning,Vacuum Cleaner,East,Bihar,Patna,15619.6,2,0.15,10814.44,Debit Card,Delivered
ORD-13209,2025-08-08,CUST-1766,Anil Singh,Home Appliances,Cleaning,Vacuum Cleaner,North,Delhi,Delhi,33350.4,4,0.1,25637.0,UPI,Returned
ORD-13210,2025-11-05,CUST-1772,Ritu Patel,Office Supplies,Equipment,Calculator,South,Andhra Pradesh,Vijayawada,2521.8,3,0.1,2065.66,Debit Card,Returned
ORD-13211,2025-04-03,CUST-1352,Anjali Singh,Electronics,Smartphones,iPhone,East,West Bengal,Siliguri,385581.6,4,0.1,312977.86,Credit Card,Cancelled
ORD-13212,2025-05-12,CUST-1794,Rahul Agarwal,Electronics,Monitors,Samsung Monitor,West,Maharashtra,Nagpur,65430.0,5,0.1,40105.17,Debit Card,Cancelled
ORD-13213,2025-06-11,CUST-1788,Arjun Yadav,Electronics,Accessories,Headphones,West,Maharashtra,Pune,5458.7,1,0.15,3423.49,Cash on Delivery,Returned
ORD-13214,2025-06-28,CUST-1790,Shweta Agarwal,Office Supplies,Stationery,Notebook,South,Kerala,Kochi,288.0,2,0.1,211.33,Net Banking,Delivered
ORD-13215,2025-04-27,CUST-1783,Meena Kumar,Electronics,Monitors,LG Monitor,West,Gujarat,Vadodara,8803.2,1,0.2,7460.32,Credit Card,Delivered
ORD-13216,2025-10-22,CUST-1364,Rahul Agarwal,Office Supplies,Equipment,Calculator,East,Bihar,Patna,2775.0,5,0.0,1831.43,Debit Card,Cancelled
ORD-13217,2025-11-20,CUST-1215,Sanjay Patel,Electronics,Monitors,Samsung Monitor,South,Kerala,Kochi,89726.4,3,0.1,69691.83,Net Banking,Returned
ORD-13218,2025-03-17,CUST-1518,Varun Patel,Office Supplies,Equipment,Paper Shredder,East,Odisha,Cuttack,45904.0,5,0.05,37116.84,Credit Card,Shipped
ORD-13219,2025-05-05,CUST-1617,Shweta Kumar,Office Supplies,Stationery,Stapler,South,Karnataka,Bengaluru,3015.0,5,0.1,2383.25,Cash on Delivery,Delivered
ORD-13220,2025-09-29,CUST-1192,Ritu Sharma,Furniture,Lighting,LED Desk Lamp,West,Madhya Pradesh,Bhopal,9065.0,5,0.0,6984.85,UPI,Shipped
ORD-13221,2025-11-05,CUST-1576,Anjali Mishra,Home Appliances,Cleaning,Vacuum Cleaner,West,Madhya Pradesh,Bhopal,27280.8,4,0.1,20998.81,Net Banking,Cancelled
ORD-13222,2025-08-28,CUST-1004,Manish Singh,Office Supplies,Equipment,Paper Shredder,East,West Bengal,Siliguri,10648.8,3,0.2,7859.26,UPI,Cancelled
ORD-13223,2025-03-09,CUST-1036,Sneha Mishra,Home Appliances,Cooling,Air Cooler,South,Karnataka,Mysuru,40698.0,4,0.05,30330.33,Net Banking,Returned
ORD-13224,2025-05-13,CUST-1546,Arjun Agarwal,Electronics,Smartphones,iPhone,East,Bihar,Patna,294426.9,3,0.1,177615.29,Net Banking,Delivered
ORD-13225,2025-11-22,CUST-1104,Shweta Agarwal,Electronics,Laptops,HP Laptop,North,Rajasthan,Kota,89106.2,2,0.05,70334.08,Net Banking,Delivered
ORD-13226,2025-11-09,CUST-1698,Anil Yadav,Electronics,Accessories,Mouse,West,Gujarat,Surat,5521.6,4,0.15,3404.45,UPI,Delivered
ORD-13227,2025-12-22,CUST-1587,Deepak Mishra,Home Appliances,Cleaning,Vacuum Cleaner,South,Kerala,Thiruvananthapuram,13212.6,1,0.05,8279.0,Credit Card,Delivered
ORD-13228,2025-11-30,CUST-1006,Anil Yadav,Furniture,Office Furniture,Office Desk,North,Rajasthan,Jaipur,19062.0,2,0.0,15436.04,Net Banking,Delivered
ORD-13229,2025-02-05,CUST-1757,Pooja Yadav,Home Appliances,Kitchen,Microwave,West,Gujarat,Ahmedabad,30614.7,2,0.05,19106.81,Net Banking,Delivered
ORD-13230,2025-04-19,CUST-1134,Varun Yadav,Electronics,Laptops,ASUS Laptop,West,Goa,Margao,70785.0,1,0.0,50081.42,Credit Card,Delivered
ORD-13231,2025-08-21,CUST-1542,Nisha Patel,Electronics,Laptops,HP Laptop,South,Karnataka,Mysuru,57041.8,1,0.05,45723.55,UPI,Shipped
ORD-13232,2025-12-05,CUST-1264,Sneha Patel,Home Appliances,Kitchen,Electric Kettle,North,Uttar Pradesh,Lucknow,7020.0,3,0.1,5027.99,Net Banking,Cancelled
ORD-13233,2025-06-19,CUST-1553,Neha Agarwal,Furniture,Lighting,Table Lamp,West,Madhya Pradesh,Bhopal,9676.8,4,0.1,7337.99,Debit Card,Returned
ORD-13234,2025-09-08,CUST-1618,Anil Sharma,Home Appliances,Cleaning,Vacuum Cleaner,South,Kerala,Thiruvananthapuram,9126.4,2,0.2,5486.01,Debit Card,Returned
ORD-13235,2025-04-20,CUST-1199,Arjun Gupta,Furniture,Office Furniture,Office Desk,North,Punjab,Jalandhar,8070.0,1,0.0,5152.52,Net Banking,Delivered
ORD-13236,2025-06-22,CUST-1269,Kavita Mishra,Office Supplies,Equipment,Calculator,South,Andhra Pradesh,Visakhapatnam,2979.2,4,0.2,1891.42,UPI,Delivered
ORD-13237,2025-08-30,CUST-1145,Manish Sharma,Electronics,Accessories,Keyboard,South,Telangana,Hyderabad,6543.6,4,0.05,5342.15,Cash on Delivery,Returned
ORD-13238,2025-01-28,CUST-1767,Arjun Jain,Home Appliances,Cooling,Air Cooler,North,Rajasthan,Kota,7851.6,1,0.1,5696.57,Debit Card,Delivered
ORD-13239,2025-12-26,CUST-1238,Rahul Yadav,Furniture,Office Furniture,Office Chair,West,Madhya Pradesh,Indore,24588.0,2,0.0,19070.26,Cash on Delivery,Delivered
ORD-13240,2025-01-01,CUST-1579,Ritu Verma,Furniture,Storage,Filing Cabinet,East,Jharkhand,Jamshedpur,9945.55,1,0.05,8284.92,Net Banking,Delivered
ORD-13241,2025-12-01,CUST-1463,Rohit Verma,Home Appliances,Cooling,Air Cooler,North,Haryana,Gurugram,70397.0,5,0.15,47062.02,Debit Card,Delivered
ORD-13242,2025-05-29,CUST-1485,Deepak Mishra,Furniture,Lighting,LED Desk Lamp,West,Madhya Pradesh,Indore,4752.0,3,0.1,3056.0,Net Banking,Delivered
ORD-13243,2025-07-14,CUST-1552,Shweta Patel,Office Supplies,Stationery,Pen Set,East,Jharkhand,Ranchi,509.2,4,0.05,397.83,Credit Card,Cancelled
ORD-13244,2025-09-03,CUST-1758,Amit Verma,Electronics,Accessories,Headphones,West,Maharashtra,Nagpur,3876.0,1,0.0,2927.33,Net Banking,Cancelled
ORD-13245,2025-12-08,CUST-1647,Deepak Singh,Office Supplies,Paper,Copy Paper,South,Karnataka,Mangaluru,675.2,2,0.2,475.77,UPI,Delivered
ORD-13246,2025-11-23,CUST-1658,Meena Mishra,Office Supplies,Stationery,Pen Set,South,Tamil Nadu,Madurai,1278.4,2,0.2,985.48,UPI,Delivered
ORD-13247,2025-04-05,CUST-1561,Ritu Verma,Electronics,Smartphones,Samsung Galaxy,West,Madhya Pradesh,Indore,265355.0,5,0.0,182521.73,UPI,Cancelled
ORD-13248,2025-09-25,CUST-1221,Arjun Gupta,Furniture,Storage,Storage Cabinet,West,Gujarat,Surat,28012.0,5,0.2,20300.12,Cash on Delivery,Cancelled
ORD-13249,2025-05-08,CUST-1292,Sneha Singh,Home Appliances,Cleaning,Vacuum Cleaner,West,Goa,Panaji,10472.0,2,0.2,7568.04,Debit Card,Delivered
ORD-13250,2025-01-11,CUST-1633,Anjali Kumar,Furniture,Office Furniture,Office Desk,East,Odisha,Bhubaneswar,70834.5,5,0.1,51753.31,UPI,Shipped
ORD-13251,2025-11-23,CUST-1177,Shweta Mishra,Furniture,Lighting,Table Lamp,North,Haryana,Panipat,9351.0,5,0.1,6229.67,Credit Card,Delivered
ORD-13252,2025-03-13,CUST-1449,Sneha Gupta,Office Supplies,Equipment,Calculator,South,Karnataka,Bengaluru,2995.2,2,0.2,2479.68,Net Banking,Delivered
ORD-13253,2025-04-25,CUST-1273,Amit Kumar,Office Supplies,Paper,Copy Paper,North,Rajasthan,Jodhpur,1611.2,4,0.05,1309.01,Credit Card,Delivered
ORD-13254,2025-07-25,CUST-1626,Pooja Jain,Furniture,Office Furniture,Office Desk,West,Maharashtra,Nashik,26428.2,3,0.15,16546.12,Debit Card,Cancelled
ORD-13255,2025-12-03,CUST-1148,Nisha Kumar,Electronics,Monitors,Dell Monitor,West,Goa,Margao,18371.9,1,0.15,12216.47,Debit Card,Cancelled
ORD-13256,2025-09-27,CUST-1045,Sneha Yadav,Office Supplies,Stationery,Notebook,East,Odisha,Cuttack,2094.75,5,0.05,1319.14,Net Banking,Delivered
ORD-13257,2025-01-24,CUST-1508,Nisha Gupta,Furniture,Lighting,Table Lamp,South,Telangana,Warangal,6509.4,3,0.05,4372.59,Cash on Delivery,Shipped
ORD-13258,2025-03-02,CUST-1397,Amit Gupta,Electronics,Accessories,Mouse,West,Gujarat,Surat,4526.25,3,0.15,2836.41,Debit Card,Delivered
ORD-13259,2025-02-22,CUST-1661,Shweta Verma,Home Appliances,Kitchen,Electric Kettle,North,Uttar Pradesh,Varanasi,1354.4,1,0.2,984.12,Credit Card,Returned
ORD-13260,2025-06-10,CUST-1533,Arjun Kumar,Home Appliances,Cleaning,Vacuum Cleaner,North,Uttar Pradesh,Kanpur,20821.6,2,0.15,16122.72,Debit Card,Delivered
ORD-13261,2025-11-28,CUST-1514,Priya Gupta,Home Appliances,Cleaning,Vacuum Cleaner,North,Rajasthan,Jaipur,51613.2,4,0.1,31148.68,Cash on Delivery,Delivered
ORD-13262,2025-12-03,CUST-1197,Amit Jain,Electronics,Accessories,Mouse,South,Tamil Nadu,Madurai,2382.4,1,0.2,1884.39,Debit Card,Shipped
ORD-13263,2025-06-01,CUST-1034,Vikas Patel,Office Supplies,Paper,Printer Paper,South,Kerala,Thiruvananthapuram,2077.2,4,0.1,1534.58,Credit Card,Shipped
ORD-13264,2025-01-08,CUST-1173,Deepak Jain,Furniture,Storage,Filing Cabinet,East,Odisha,Cuttack,14083.0,1,0.0,9735.07,Cash on Delivery,Delivered
ORD-13265,2025-12-09,CUST-1124,Ritu Jain,Electronics,Laptops,Lenovo Laptop,North,Uttar Pradesh,Kanpur,111820.8,2,0.2,71391.33,Net Banking,Returned
ORD-13266,2025-09-26,CUST-1754,Sneha Singh,Electronics,Accessories,Keyboard,South,Karnataka,Bengaluru,3021.0,1,0.0,2492.05,Net Banking,Shipped
ORD-13267,2025-03-29,CUST-1171,Manish Patel,Furniture,Office Furniture,Office Desk,East,Jharkhand,Jamshedpur,27712.8,3,0.1,22525.11,UPI,Shipped
ORD-13268,2025-10-15,CUST-1061,Kavita Sharma,Furniture,Lighting,LED Desk Lamp,South,Kerala,Kochi,5939.2,2,0.2,4170.65,Debit Card,Shipped
ORD-13269,2025-05-02,CUST-1314,Shweta Singh,Office Supplies,Equipment,Paper Shredder,East,Bihar,Gaya,26964.0,3,0.0,16535.78,Credit Card,Returned
ORD-13270,2025-04-28,CUST-1246,Neha Mishra,Furniture,Storage,Storage Cabinet,West,Madhya Pradesh,Bhopal,26576.0,2,0.2,21367.38,UPI,Delivered
ORD-13271,2025-02-11,CUST-1679,Meena Sharma,Office Supplies,Stationery,Notebook,West,Goa,Margao,680.0,2,0.15,422.67,Cash on Delivery,Shipped
ORD-13272,2025-12-09,CUST-1777,Rahul Patel,Home Appliances,Cooling,Air Cooler,West,Maharashtra,Nashik,33366.0,2,0.0,21580.31,Cash on Delivery,Returned
ORD-13273,2025-09-18,CUST-1630,Rohit Kumar,Electronics,Laptops,ASUS Laptop,West,Goa,Panaji,141553.8,2,0.1,96864.81,Cash on Delivery,Delivered
ORD-13274,2025-10-02,CUST-1757,Sneha Kumar,Furniture,Storage,Filing Cabinet,West,Maharashtra,Mumbai,57230.5,5,0.15,39297.25,Cash on Delivery,Returned
ORD-13275,2025-01-12,CUST-1506,Sanjay Sharma,Electronics,Monitors,LG Monitor,North,Rajasthan,Kota,9305.6,1,0.2,7685.13,Debit Card,Returned
ORD-13276,2025-04-18,CUST-1781,Priya Agarwal,Furniture,Storage,Storage Cabinet,West,Gujarat,Vadodara,41883.75,3,0.15,30368.0,Cash on Delivery,Delivered
ORD-13277,2025-08-06,CUST-1615,Amit Sharma,Electronics,Smartphones,OnePlus Phone,North,Punjab,Jalandhar,125942.4,4,0.1,97722.45,Debit Card,Shipped
ORD-13278,2025-11-27,CUST-1700,Varun Agarwal,Office Supplies,Stationery,Stapler,North,Uttar Pradesh,Kanpur,469.2,1,0.15,387.58,Debit Card,Cancelled
ORD-13279,2025-05-18,CUST-1800,Anjali Sharma,Furniture,Storage,Storage Cabinet,West,Madhya Pradesh,Indore,36488.8,4,0.15,25417.54,UPI,Cancelled
ORD-13280,2025-09-30,CUST-1218,Priya Agarwal,Electronics,Laptops,HP Laptop,South,Andhra Pradesh,Vijayawada,191469.6,4,0.1,145562.09,Debit Card,Cancelled
ORD-13281,2025-12-12,CUST-1083,Ritu Sharma,Furniture,Office Furniture,Office Chair,West,Gujarat,Ahmedabad,8141.6,1,0.2,5855.3,Debit Card,Delivered
ORD-13282,2025-05-08,CUST-1220,Anjali Jain,Home Appliances,Cleaning,Vacuum Cleaner,South,Andhra Pradesh,Visakhapatnam,29300.4,3,0.1,18596.83,Cash on Delivery,Delivered
ORD-13283,2025-10-13,CUST-1332,Pooja Jain,Home Appliances,Cleaning,Vacuum Cleaner,West,Maharashtra,Nashik,32933.25,5,0.15,22311.29,Cash on Delivery,Delivered
ORD-13284,2025-02-27,CUST-1230,Rahul Sharma,Office Supplies,Paper,Copy Paper,North,Delhi,Delhi,1208.4,3,0.05,797.14,Net Banking,Shipped
ORD-13285,2025-09-18,CUST-1358,Vikas Patel,Home Appliances,Kitchen,Microwave,West,Goa,Margao,10890.9,1,0.1,6630.45,Net Banking,Delivered
ORD-13286,2025-04-11,CUST-1494,Rahul Yadav,Electronics,Accessories,Headphones,West,Maharashtra,Mumbai,2096.0,1,0.2,1595.55,Debit Card,Cancelled
ORD-13287,2025-11-12,CUST-1357,Priya Patel,Electronics,Smartphones,OnePlus Phone,West,Gujarat,Ahmedabad,87854.0,2,0.0,66241.89,Cash on Delivery,Delivered
ORD-13288,2025-08-25,CUST-1737,Anil Verma,Home Appliances,Cooling,Air Cooler,North,Uttar Pradesh,Noida,23391.15,3,0.15,14336.45,Debit Card,Shipped
ORD-13289,2025-11-16,CUST-1003,Shweta Jain,Electronics,Monitors,Dell Monitor,West,Gujarat,Surat,103644.0,4,0.1,74373.09,Cash on Delivery,Delivered
ORD-13290,2025-11-22,CUST-1314,Sneha Yadav,Electronics,Accessories,Headphones,South,Andhra Pradesh,Visakhapatnam,5391.2,1,0.2,4131.41,Net Banking,Delivered
ORD-13291,2025-06-07,CUST-1745,Priya Jain,Furniture,Office Furniture,Bookshelf,North,Rajasthan,Jodhpur,51822.0,4,0.1,33199.3,UPI,Cancelled
ORD-13292,2025-08-17,CUST-1578,Rahul Sharma,Electronics,Smartphones,Redmi Phone,West,Gujarat,Vadodara,19926.0,1,0.1,15427.27,Net Banking,Delivered
ORD-13293,2025-02-01,CUST-1144,Nisha Kumar,Home Appliances,Cooling,Air Cooler,West,Goa,Margao,45783.0,3,0.0,34799.47,Net Banking,Shipped
ORD-13294,2025-02-16,CUST-1233,Rahul Agarwal,Electronics,Smartphones,iPhone,South,Kerala,Kochi,518449.5,5,0.1,325212.11,Credit Card,Returned
ORD-13295,2025-05-14,CUST-1336,Shweta Singh,Electronics,Smartphones,iPhone,South,Tamil Nadu,Coimbatore,193601.1,3,0.15,119914.62,UPI,Returned
ORD-13296,2025-07-16,CUST-1184,Kavita Kumar,Office Supplies,Equipment,Calculator,South,Telangana,Hyderabad,9273.5,5,0.15,6030.47,Net Banking,Cancelled
ORD-13297,2025-01-29,CUST-1158,Manish Verma,Furniture,Lighting,Table Lamp,East,Odisha,Bhubaneswar,2357.0,1,0.0,1874.51,Net Banking,Delivered
ORD-13298,2025-04-29,CUST-1304,Arjun Gupta,Electronics,Smartphones,Redmi Phone,South,Telangana,Warangal,32488.2,2,0.1,22726.14,UPI,Cancelled
ORD-13299,2025-07-26,CUST-1654,Sanjay Patel,Office Supplies,Stationery,Notebook,East,West Bengal,Kolkata,1407.0,3,0.0,938.82,Credit Card,Delivered
ORD-13300,2025-02-18,CUST-1487,Vikas Gupta,Office Supplies,Equipment,Paper Shredder,East,Odisha,Bhubaneswar,33150.25,5,0.05,23109.54,Credit Card,Returned
ORD-13301,2025-05-06,CUST-1342,Varun Agarwal,Electronics,Monitors,Samsung Monitor,South,Tamil Nadu,Coimbatore,53313.0,3,0.0,42168.49,UPI,Delivered
ORD-13302,2025-04-26,CUST-1628,Amit Sharma,Home Appliances,Cleaning,Vacuum Cleaner,West,Goa,Panaji,18780.0,2,0.0,13646.4,UPI,Returned
ORD-13303,2025-07-11,CUST-1429,Nisha Gupta,Office Supplies,Paper,Printer Paper,South,Telangana,Warangal,1756.0,5,0.2,1297.16,Cash on Delivery,Returned
ORD-13304,2025-03-20,CUST-1570,Arjun Gupta,Electronics,Laptops,Lenovo Laptop,East,Odisha,Cuttack,205208.55,3,0.05,165480.94,Credit Card,Shipped
ORD-13305,2025-01-02,CUST-1472,Meena Singh,Office Supplies,Stationery,Pen Set,East,Jharkhand,Ranchi,1528.2,3,0.1,926.94,Net Banking,Returned
ORD-13306,2025-06-11,CUST-1016,Priya Yadav,Electronics,Accessories,Mouse,East,Odisha,Cuttack,8500.0,5,0.2,6155.78,Credit Card,Delivered
ORD-13307,2025-04-14,CUST-1174,Varun Singh,Electronics,Laptops,ASUS Laptop,North,Punjab,Ludhiana,78718.4,2,0.2,49298.15,UPI,Returned
ORD-13308,2025-08-08,CUST-1578,Sneha Verma,Office Supplies,Equipment,Calculator,South,Kerala,Kochi,2007.0,1,0.1,1696.94,Credit Card,Returned
ORD-13309,2025-01-26,CUST-1158,Nisha Yadav,Furniture,Office Furniture,Bookshelf,North,Delhi,New Delhi,21513.6,4,0.1,12918.8,Credit Card,Cancelled
ORD-13310,2025-05-28,CUST-1338,Varun Singh,Furniture,Storage,Filing Cabinet,South,Telangana,Hyderabad,7063.25,1,0.05,5458.74,UPI,Delivered
ORD-13311,2025-01-14,CUST-1099,Manish Singh,Office Supplies,Equipment,Calculator,East,Bihar,Patna,1500.0,3,0.2,1213.57,Cash on Delivery,Delivered
ORD-13312,2025-04-30,CUST-1344,Deepak Singh,Home Appliances,Cleaning,Vacuum Cleaner,West,Madhya Pradesh,Bhopal,38392.0,5,0.2,25672.7,Net Banking,Returned
ORD-13313,2025-07-12,CUST-1293,Rahul Jain,Furniture,Storage,Filing Cabinet,East,Jharkhand,Jamshedpur,12134.4,3,0.2,7854.66,Net Banking,Delivered
ORD-13314,2025-11-02,CUST-1056,Pooja Gupta,Furniture,Storage,Filing Cabinet,South,Kerala,Kochi,8906.3,1,0.15,6390.01,Credit Card,Delivered
ORD-13315,2025-02-05,CUST-1502,Manish Yadav,Office Supplies,Paper,Copy Paper,South,Andhra Pradesh,Vijayawada,1831.6,4,0.05,1348.01,Credit Card,Cancelled
ORD-13316,2025-06-03,CUST-1199,Ritu Singh,Furniture,Lighting,Table Lamp,North,Punjab,Amritsar,2967.8,2,0.05,2482.67,Credit Card,Delivered
ORD-13317,2025-09-25,CUST-1739,Anil Gupta,Furniture,Office Furniture,Office Desk,West,Gujarat,Vadodara,37888.75,5,0.15,24102.43,UPI,Returned
ORD-13318,2025-10-25,CUST-1723,Varun Sharma,Electronics,Smartphones,iPhone,North,Punjab,Amritsar,329414.4,3,0.05,212927.29,Credit Card,Delivered
ORD-13319,2025-07-09,CUST-1398,Kavita Sharma,Office Supplies,Stationery,Pen Set,South,Andhra Pradesh,Vijayawada,832.0,4,0.2,643.05,Credit Card,Cancelled
ORD-13320,2025-08-24,CUST-1286,Rohit Mishra,Furniture,Lighting,LED Desk Lamp,South,Telangana,Hyderabad,14548.0,5,0.2,10057.07,Cash on Delivery,Delivered
ORD-13321,2025-11-09,CUST-1023,Priya Gupta,Office Supplies,Paper,Copy Paper,North,Rajasthan,Kota,1463.4,3,0.1,899.7,Credit Card,Delivered
ORD-13322,2025-09-02,CUST-1133,Deepak Singh,Home Appliances,Kitchen,Electric Kettle,South,Karnataka,Bengaluru,4115.2,4,0.2,2917.4,Debit Card,Shipped
ORD-13323,2025-06-02,CUST-1404,Kavita Kumar,Electronics,Monitors,Samsung Monitor,East,Odisha,Bhubaneswar,61642.8,2,0.1,51689.64,Net Banking,Returned
ORD-13324,2025-07-05,CUST-1043,Nisha Yadav,Electronics,Smartphones,iPhone,South,Tamil Nadu,Coimbatore,178918.2,2,0.1,143261.99,Debit Card,Cancelled
ORD-13325,2025-02-22,CUST-1114,Rahul Mishra,Office Supplies,Stationery,Notebook,West,Madhya Pradesh,Bhopal,1485.8,4,0.15,1057.03,Cash on Delivery,Delivered
ORD-13326,2025-11-28,CUST-1584,Unknown Customer,Home Appliances,Kitchen,Mixer Grinder,West,Madhya Pradesh,Indore,10755.0,2,0.1,6911.5,Debit Card,Returned
ORD-13327,2025-06-16,CUST-1778,Manish Singh,Office Supplies,Equipment,Calculator,North,Haryana,Faridabad,2670.0,2,0.0,1798.87,Credit Card,Delivered
ORD-13328,2025-01-31,CUST-1713,Manish Agarwal,Office Supplies,Stationery,Notebook,North,Punjab,Ludhiana,411.0,1,0.0,281.04,Net Banking,Shipped
ORD-13329,2025-05-07,CUST-1667,Amit Patel,Electronics,Smartphones,OnePlus Phone,West,Gujarat,Vadodara,91060.5,3,0.15,60911.17,Net Banking,Delivered
ORD-13330,2025-08-13,CUST-1563,Kavita Sharma,Office Supplies,Paper,Printer Paper,East,Jharkhand,Jamshedpur,2189.75,5,0.05,1334.11,UPI,Delivered
ORD-13331,2025-09-26,CUST-1082,Rahul Verma,Office Supplies,Paper,Printer Paper,North,Uttar Pradesh,Kanpur,1080.0,3,0.2,820.85,Credit Card,Delivered
ORD-13332,2025-02-27,CUST-1757,Ritu Agarwal,Office Supplies,Paper,Printer Paper,West,Maharashtra,Mumbai,586.0,1,0.0,415.96,Credit Card,Cancelled
ORD-13333,2025-02-06,CUST-1750,Varun Patel,Furniture,Office Furniture,Bookshelf,South,Karnataka,Mysuru,34948.0,4,0.0,28728.8,UPI,Delivered
ORD-13334,2025-02-07,CUST-1061,Kavita Sharma,Electronics,Monitors,LG Monitor,West,Gujarat,Ahmedabad,16111.0,1,0.0,11134.44,Cash on Delivery,Shipped
ORD-13335,2025-08-22,CUST-1563,Priya Sharma,Home Appliances,Cleaning,Vacuum Cleaner,East,Jharkhand,Ranchi,9379.0,1,0.0,6248.47,Credit Card,Delivered
ORD-13336,2025-02-06,CUST-1341,Pooja Sharma,Furniture,Storage,Storage Cabinet,West,Maharashtra,Nagpur,16365.65,1,0.05,10085.5,Credit Card,Shipped
ORD-13337,2025-07-18,CUST-1118,Rohit Mishra,Home Appliances,Kitchen,Electric Kettle,North,Uttar Pradesh,Lucknow,5018.4,4,0.1,3271.75,Debit Card,Shipped
ORD-13338,2025-04-09,CUST-1270,Rohit Sharma,Office Supplies,Stationery,Stapler,East,West Bengal,Siliguri,1881.0,3,0.05,1573.95,Debit Card,Delivered
ORD-13339,2025-03-04,CUST-1716,Rahul Agarwal,Furniture,Office Furniture,Office Chair,South,Kerala,Kochi,26553.6,4,0.1,20802.5,Cash on Delivery,Cancelled
ORD-13340,2025-06-06,CUST-1329,Sanjay Kumar,Home Appliances,Cooling,Air Cooler,North,Rajasthan,Kota,52080.0,5,0.2,32918.84,Credit Card,Returned
ORD-13341,2025-05-01,CUST-1418,Rahul Verma,Furniture,Office Furniture,Bookshelf,North,Rajasthan,Kota,8405.0,1,0.0,5097.09,Cash on Delivery,Shipped
ORD-13342,2025-12-16,CUST-1518,Rohit Singh,Furniture,Lighting,LED Desk Lamp,East,West Bengal,Kolkata,3547.8,3,0.1,2758.4,Debit Card,Shipped
ORD-13343,2025-03-18,CUST-1365,Arjun Gupta,Furniture,Storage,Storage Cabinet,West,Goa,Panaji,47204.55,3,0.05,33977.88,Cash on Delivery,Cancelled
ORD-13344,2025-08-10,CUST-1641,Meena Yadav,Electronics,Laptops,Lenovo Laptop,East,Odisha,Bhubaneswar,40968.0,1,0.2,31141.24,Credit Card,Cancelled
ORD-13345,2025-08-28,CUST-1152,Arjun Gupta,Home Appliances,Cleaning,Vacuum Cleaner,North,Haryana,Faridabad,42374.2,4,0.15,30801.79,UPI,Delivered
ORD-13346,2025-01-02,CUST-1523,Vikas Kumar,Furniture,Lighting,LED Desk Lamp,North,Rajasthan,Kota,3735.4,1,0.05,2419.6,UPI,Delivered
ORD-13347,2025-08-21,CUST-1591,Sanjay Sharma,Home Appliances,Kitchen,Electric Kettle,South,Tamil Nadu,Coimbatore,6684.0,4,0.0,4148.0,Credit Card,Shipped
ORD-13348,2025-06-16,CUST-1752,Rohit Singh,Home Appliances,Cooling,Air Cooler,East,Jharkhand,Ranchi,7432.0,1,0.0,5489.79,UPI,Cancelled
ORD-13349,2025-05-03,CUST-1640,Amit Patel,Home Appliances,Kitchen,Microwave,South,Kerala,Thiruvananthapuram,13311.85,1,0.15,8747.64,Credit Card,Delivered
ORD-13350,2025-10-26,CUST-1610,Neha Sharma,Home Appliances,Cleaning,Vacuum Cleaner,East,Jharkhand,Jamshedpur,32409.0,3,0.0,23708.2,UPI,Cancelled
ORD-13351,2025-01-19,CUST-1348,Rahul Patel,Electronics,Accessories,Headphones,North,Rajasthan,Jaipur,11385.0,5,0.1,6967.49,Cash on Delivery,Returned
ORD-13352,2025-09-16,CUST-1037,Neha Mishra,Electronics,Monitors,Dell Monitor,East,Odisha,Cuttack,35264.0,2,0.05,24841.55,Net Banking,Delivered
ORD-13353,2025-07-10,CUST-1014,Sanjay Patel,Electronics,Laptops,HP Laptop,North,Haryana,Faridabad,156074.4,3,0.2,101857.84,Net Banking,Shipped
ORD-13354,2025-05-15,CUST-1625,Amit Gupta,Home Appliances,Cleaning,Vacuum Cleaner,South,Karnataka,Mysuru,10909.75,1,0.15,7742.88,Debit Card,Delivered
ORD-13355,2025-12-21,CUST-1684,Rahul Kumar,Furniture,Lighting,Table Lamp,South,Kerala,Thiruvananthapuram,7087.5,3,0.1,5394.69,Credit Card,Delivered
ORD-13356,2025-11-14,CUST-1330,Rahul Jain,Electronics,Smartphones,Samsung Galaxy,South,Andhra Pradesh,Visakhapatnam,77894.0,2,0.15,52405.87,Net Banking,Delivered
ORD-13357,2025-07-04,CUST-1406,Sneha Mishra,Office Supplies,Stationery,Pen Set,South,Telangana,Hyderabad,1485.8,4,0.05,1113.78,Credit Card,Delivered
ORD-13358,2025-01-01,CUST-1531,Rohit Singh,Electronics,Laptops,Dell Laptop,North,Haryana,Panipat,223328.0,4,0.0,140455.24,Credit Card,Cancelled
ORD-13359,2025-03-15,CUST-1006,Ritu Singh,Home Appliances,Kitchen,Electric Kettle,South,Telangana,Hyderabad,4400.0,5,0.2,3150.44,Net Banking,Cancelled
ORD-13360,2025-09-24,CUST-1548,Neha Verma,Electronics,Accessories,Mouse,East,Jharkhand,Ranchi,4803.3,3,0.1,3957.67,UPI,Delivered
ORD-13361,2025-04-25,CUST-1605,Varun Yadav,Furniture,Office Furniture,Bookshelf,North,Haryana,Panipat,19784.6,2,0.15,12524.81,UPI,Delivered
ORD-13362,2025-06-24,CUST-1276,Rahul Singh,Office Supplies,Paper,Copy Paper,East,West Bengal,Kolkata,1564.65,3,0.05,1291.95,Cash on Delivery,Shipped
ORD-13363,2025-06-12,CUST-1393,Nisha Jain,Furniture,Lighting,LED Desk Lamp,East,Odisha,Bhubaneswar,6959.7,3,0.05,5701.43,UPI,Shipped
ORD-13364,2025-01-22,CUST-1181,Deepak Jain,Electronics,Monitors,LG Monitor,West,Madhya Pradesh,Indore,46554.75,3,0.05,35726.41,Net Banking,Delivered
ORD-13365,2025-07-13,CUST-1790,Rahul Patel,Home Appliances,Cleaning,Vacuum Cleaner,North,Rajasthan,Jodhpur,53557.2,4,0.1,38062.93,Credit Card,Delivered
ORD-13366,2025-09-28,CUST-1733,Manish Kumar,Electronics,Smartphones,iPhone,South,Andhra Pradesh,Vijayawada,279968.75,5,0.15,205582.43,Debit Card,Delivered
ORD-13367,2025-04-14,CUST-1303,Pooja Verma,Electronics,Accessories,Mouse,West,Maharashtra,Pune,1657.6,4,0.2,1380.52,Net Banking,Delivered
ORD-13368,2025-02-15,CUST-1021,Pooja Yadav,Office Supplies,Stationery,Stapler,West,Madhya Pradesh,Bhopal,1568.7,3,0.1,1157.84,Cash on Delivery,Delivered
ORD-13369,2025-10-13,CUST-1338,Arjun Sharma,Electronics,Smartphones,Redmi Phone,West,Goa,Margao,51809.2,2,0.05,40754.45,Net Banking,Delivered
ORD-13370,2025-11-05,CUST-1774,Amit Jain,Home Appliances,Kitchen,Mixer Grinder,North,Punjab,Amritsar,26158.5,5,0.1,22157.65,Credit Card,Cancelled
ORD-13371,2025-10-12,CUST-1727,Deepak Verma,Home Appliances,Kitchen,Microwave,West,Gujarat,Ahmedabad,34840.0,5,0.2,21273.72,Debit Card,Cancelled
ORD-13372,2025-09-27,CUST-1713,Sneha Jain,Office Supplies,Stationery,Stapler,East,West Bengal,Kolkata,709.2,2,0.1,569.02,UPI,Delivered
ORD-13373,2025-11-07,CUST-1541,Vikas Patel,Electronics,Smartphones,OnePlus Phone,West,Goa,Margao,236544.0,4,0.0,159922.63,Net Banking,Returned
ORD-13374,2025-12-29,CUST-1315,Vikas Mishra,Furniture,Lighting,Table Lamp,North,Haryana,Faridabad,1295.2,1,0.2,892.25,UPI,Cancelled
ORD-13375,2025-12-31,CUST-1057,Kavita Jain,Office Supplies,Paper,Printer Paper,East,Jharkhand,Jamshedpur,582.3,1,0.1,377.06,Debit Card,Delivered
ORD-13376,2025-11-23,CUST-1648,Pooja Sharma,Furniture,Office Furniture,Office Desk,South,Kerala,Thiruvananthapuram,15977.1,1,0.05,13469.08,Net Banking,Delivered
ORD-13377,2025-02-13,CUST-1365,Anil Yadav,Office Supplies,Paper,Copy Paper,South,Tamil Nadu,Madurai,520.2,1,0.1,378.23,Credit Card,Cancelled
ORD-13378,2025-05-16,CUST-1669,Deepak Yadav,Home Appliances,Cooling,Air Cooler,West,Goa,Panaji,61776.0,4,0.1,48564.9,Net Banking,Delivered
ORD-13379,2025-01-31,CUST-1781,Pooja Verma,Electronics,Accessories,Headphones,West,Madhya Pradesh,Bhopal,21822.0,3,0.0,16341.77,Debit Card,Delivered
ORD-13380,2025-01-31,CUST-1063,Shweta Singh,Office Supplies,Equipment,Paper Shredder,West,Madhya Pradesh,Bhopal,12246.4,2,0.2,8111.42,Cash on Delivery,Delivered
ORD-13381,2025-09-02,CUST-1491,Pooja Mishra,Furniture,Storage,Storage Cabinet,West,Maharashtra,Pune,9574.2,1,0.1,6018.53,Credit Card,Delivered
ORD-13382,2025-05-20,CUST-1675,Amit Singh,Home Appliances,Cleaning,Vacuum Cleaner,South,Kerala,Thiruvananthapuram,36758.25,5,0.15,26453.79,Net Banking,Delivered
ORD-13383,2025-08-21,CUST-1379,Arjun Mishra,Office Supplies,Equipment,Calculator,West,Maharashtra,Pune,6385.5,5,0.1,4821.33,Debit Card,Delivered
ORD-13384,2025-07-24,CUST-1673,Varun Singh,Office Supplies,Paper,Printer Paper,South,Karnataka,Mangaluru,1028.7,3,0.1,744.49,Net Banking,Delivered
ORD-13385,2025-09-16,CUST-1726,Manish Patel,Home Appliances,Cleaning,Vacuum Cleaner,North,Uttar Pradesh,Prayagraj,21679.2,4,0.1,17655.68,Cash on Delivery,Shipped
ORD-13386,2025-06-19,CUST-1741,Vikas Jain,Furniture,Storage,Storage Cabinet,East,West Bengal,Siliguri,12165.7,2,0.05,9802.42,Cash on Delivery,Cancelled
ORD-13387,2025-12-06,CUST-1478,Deepak Jain,Furniture,Storage,Filing Cabinet,West,Goa,Margao,27144.0,2,0.1,21851.8,Cash on Delivery,Returned
ORD-13388,2025-01-04,CUST-1309,Anjali Jain,Home Appliances,Kitchen,Microwave,East,West Bengal,Siliguri,28479.1,2,0.05,19275.67,Net Banking,Delivered
ORD-13389,2025-02-27,CUST-1360,Kavita Jain,Electronics,Monitors,LG Monitor,East,Bihar,Gaya,21115.65,1,0.05,13012.4,Net Banking,Delivered
ORD-13390,2025-07-13,CUST-1486,Anil Gupta,Office Supplies,Stationery,Stapler,East,Bihar,Patna,363.2,2,0.2,280.65,UPI,Delivered
ORD-13391,2025-08-06,CUST-1426,Rohit Yadav,Home Appliances,Cleaning,Vacuum Cleaner,South,Telangana,Warangal,9992.0,2,0.2,6341.46,Debit Card,Delivered
ORD-13392,2025-10-19,CUST-1645,Sanjay Singh,Home Appliances,Cleaning,Vacuum Cleaner,West,Madhya Pradesh,Indore,22708.6,4,0.15,18405.91,UPI,Cancelled
ORD-13393,2025-05-18,CUST-1532,Shweta Mishra,Home Appliances,Cooling,Air Cooler,East,Bihar,Gaya,16470.0,2,0.1,13985.45,Cash on Delivery,Shipped
ORD-13394,2025-01-29,CUST-1027,Meena Gupta,Home Appliances,Kitchen,Microwave,West,Maharashtra,Pune,32527.05,3,0.05,27612.43,Net Banking,Returned
ORD-13395,2025-02-19,CUST-1068,Neha Mishra,Electronics,Monitors,Dell Monitor,South,Tamil Nadu,Chennai,41654.4,4,0.2,35072.47,Net Banking,Returned
ORD-13396,2025-01-14,CUST-1446,Kavita Agarwal,Furniture,Office Furniture,Office Desk,East,Bihar,Patna,52003.95,3,0.05,38398.89,Credit Card,Delivered
ORD-13397,2025-06-01,CUST-1166,Neha Mishra,Furniture,Office Furniture,Bookshelf,North,Delhi,Delhi,10900.0,2,0.0,6813.13,Debit Card,Delivered
ORD-13398,2025-12-24,CUST-1414,Kavita Mishra,Office Supplies,Equipment,Paper Shredder,North,Punjab,Jalandhar,16514.8,4,0.05,10302.31,Net Banking,Delivered
ORD-13399,2025-07-04,CUST-1439,Nisha Singh,Electronics,Laptops,Lenovo Laptop,West,Gujarat,Ahmedabad,110898.0,2,0.1,76821.7,Credit Card,Returned
ORD-13400,2025-07-22,CUST-1483,Meena Jain,Furniture,Storage,Storage Cabinet,South,Kerala,Thiruvananthapuram,48019.5,3,0.1,39589.16,Cash on Delivery,Delivered
ORD-13401,2025-01-16,CUST-1678,Pooja Gupta,Furniture,Lighting,Table Lamp,South,Kerala,Thiruvananthapuram,2344.0,1,0.0,1567.41,Cash on Delivery,Delivered
ORD-13402,2025-03-17,CUST-1631,Meena Singh,Furniture,Storage,Storage Cabinet,North,Uttar Pradesh,Prayagraj,25598.7,3,0.1,15680.06,Cash on Delivery,Cancelled
ORD-13403,2025-09-05,CUST-1555,Sanjay Sharma,Furniture,Office Furniture,Office Chair,South,Andhra Pradesh,Visakhapatnam,10075.7,2,0.05,7334.11,Cash on Delivery,Shipped
ORD-13404,2025-09-16,CUST-1197,Shweta Patel,Electronics,Monitors,Samsung Monitor,North,Uttar Pradesh,Varanasi,50405.85,3,0.15,42646.63,UPI,Delivered
ORD-13405,2025-10-14,CUST-1771,Rahul Yadav,Office Supplies,Equipment,Calculator,North,Delhi,New Delhi,2043.0,1,0.1,1574.21,Debit Card,Returned
ORD-13406,2025-08-04,CUST-1534,Amit Verma,Furniture,Office Furniture,Office Desk,South,Karnataka,Mysuru,16762.85,1,0.15,11155.63,Credit Card,Delivered
ORD-13407,2025-02-25,CUST-1123,Neha Kumar,Electronics,Accessories,Headphones,West,Gujarat,Vadodara,5002.25,1,0.15,4054.89,Cash on Delivery,Returned
ORD-13408,2025-12-03,CUST-1049,Meena Verma,Electronics,Accessories,Headphones,South,Kerala,Thiruvananthapuram,11507.2,4,0.2,7274.95,Debit Card,Shipped
ORD-13409,2025-06-04,CUST-1556,Manish Yadav,Electronics,Accessories,Headphones,North,Rajasthan,Jaipur,1879.0,1,0.0,1287.27,Credit Card,Cancelled
ORD-13410,2025-08-02,CUST-1019,Meena Yadav,Office Supplies,Paper,Printer Paper,West,Gujarat,Vadodara,1430.55,3,0.15,932.57,UPI,Delivered
ORD-13411,2025-10-26,CUST-1424,Rahul Verma,Furniture,Lighting,Table Lamp,West,Gujarat,Surat,4850.7,3,0.05,3873.75,Debit Card,Delivered
ORD-13412,2025-03-30,CUST-1316,Nisha Jain,Home Appliances,Kitchen,Microwave,North,Punjab,Jalandhar,36883.2,4,0.2,30276.24,Debit Card,Delivered
ORD-13413,2025-07-02,CUST-1100,Pooja Patel,Office Supplies,Stationery,Pen Set,South,Tamil Nadu,Madurai,2836.8,4,0.1,1772.82,Cash on Delivery,Delivered
ORD-13414,2025-07-09,CUST-1204,Shweta Verma,Home Appliances,Cleaning,Vacuum Cleaner,North,Delhi,New Delhi,17392.0,4,0.2,14206.56,Debit Card,Delivered
ORD-13415,2025-02-07,CUST-1520,Priya Jain,Furniture,Lighting,LED Desk Lamp,East,West Bengal,Siliguri,6832.0,2,0.0,4155.07,Cash on Delivery,Cancelled
ORD-13416,2025-12-05,CUST-1544,Shweta Singh,Furniture,Lighting,Table Lamp,West,Goa,Margao,5516.0,2,0.0,3605.19,Net Banking,Delivered
ORD-13417,2025-02-12,CUST-1158,Rahul Mishra,Furniture,Lighting,Table Lamp,East,Odisha,Cuttack,5862.4,4,0.2,4189.79,Cash on Delivery,Delivered
ORD-13418,2025-04-07,CUST-1263,Amit Patel,Electronics,Monitors,Dell Monitor,West,Maharashtra,Nagpur,28138.0,1,0.0,18590.45,Net Banking,Delivered
ORD-13419,2025-09-11,CUST-1035,Amit Sharma,Electronics,Smartphones,OnePlus Phone,West,Goa,Margao,174549.0,3,0.0,105095.65,Cash on Delivery,Delivered
ORD-13420,2025-12-14,CUST-1334,Sanjay Mishra,Home Appliances,Kitchen,Microwave,West,Gujarat,Vadodara,42201.0,3,0.0,28185.69,UPI,Delivered
ORD-13421,2025-12-06,CUST-1734,Shweta Jain,Electronics,Smartphones,OnePlus Phone,East,West Bengal,Kolkata,44501.8,1,0.05,33251.89,UPI,Delivered
ORD-13422,2025-08-09,CUST-1113,Rohit Verma,Office Supplies,Equipment,Calculator,West,Gujarat,Ahmedabad,5989.5,5,0.1,4983.38,Credit Card,Cancelled
ORD-13423,2025-07-30,CUST-1079,Vikas Verma,Electronics,Laptops,HP Laptop,East,Jharkhand,Jamshedpur,44750.7,1,0.05,34789.28,Credit Card,Cancelled
ORD-13424,2025-01-12,CUST-1126,Anjali Agarwal,Home Appliances,Cooling,Air Cooler,East,Odisha,Cuttack,17212.1,2,0.05,12686.83,Credit Card,Delivered
ORD-13425,2025-09-16,CUST-1315,Rohit Kumar,Home Appliances,Kitchen,Mixer Grinder,South,Telangana,Warangal,11411.25,5,0.15,7599.43,Cash on Delivery,Cancelled
ORD-13426,2025-01-29,CUST-1322,Manish Jain,Office Supplies,Stationery,Stapler,North,Punjab,Jalandhar,756.0,3,0.2,574.76,Net Banking,Shipped
ORD-13427,2025-04-29,CUST-1407,Vikas Mishra,Electronics,Laptops,ASUS Laptop,East,Jharkhand,Ranchi,136072.8,2,0.1,114079.89,UPI,Delivered
ORD-13428,2025-07-10,CUST-1597,Anil Mishra,Office Supplies,Paper,Printer Paper,East,West Bengal,Siliguri,1636.0,5,0.2,1127.73,Debit Card,Delivered
ORD-13429,2025-11-15,CUST-1435,Arjun Gupta,Electronics,Accessories,Keyboard,West,Gujarat,Ahmedabad,5506.2,2,0.1,3498.57,Cash on Delivery,Delivered
ORD-13430,2025-11-26,CUST-1687,Sanjay Patel,Furniture,Lighting,Table Lamp,North,Delhi,New Delhi,5117.0,4,0.15,3472.34,UPI,Cancelled
ORD-13431,2025-11-28,CUST-1250,Arjun Singh,Office Supplies,Paper,Printer Paper,North,Punjab,Jalandhar,547.2,2,0.1,377.96,Net Banking,Delivered
ORD-13432,2025-07-10,CUST-1233,Rahul Gupta,Electronics,Smartphones,Samsung Galaxy,North,Delhi,Delhi,25573.0,1,0.0,16692.35,Debit Card,Delivered
ORD-13433,2025-06-04,CUST-1315,Sanjay Verma,Home Appliances,Cooling,Air Cooler,West,Gujarat,Surat,27604.8,3,0.2,17515.89,Credit Card,Delivered
ORD-13434,2025-08-31,CUST-1025,Vikas Yadav,Home Appliances,Cleaning,Vacuum Cleaner,North,Punjab,Jalandhar,58252.0,5,0.2,48589.98,Credit Card,Delivered
ORD-13435,2025-07-26,CUST-1688,Shweta Yadav,Furniture,Storage,Filing Cabinet,West,Maharashtra,Mumbai,43624.8,4,0.1,32916.3,Net Banking,Delivered
ORD-13436,2025-03-27,CUST-1718,Kavita Yadav,Home Appliances,Cooling,Air Cooler,South,Tamil Nadu,Madurai,13256.0,1,0.0,10971.78,Cash on Delivery,Returned
ORD-13437,2025-05-25,CUST-1512,Priya Sharma,Electronics,Laptops,HP Laptop,West,Gujarat,Ahmedabad,125762.6,2,0.15,101067.84,UPI,Cancelled
ORD-13438,2025-05-25,CUST-1146,Vikas Mishra,Furniture,Office Furniture,Bookshelf,South,Tamil Nadu,Madurai,8539.55,1,0.05,5576.74,Net Banking,Delivered
ORD-13439,2025-08-09,CUST-1416,Meena Agarwal,Home Appliances,Kitchen,Microwave,West,Goa,Margao,7068.0,1,0.2,6000.75,Cash on Delivery,Delivered
ORD-13440,2025-02-04,CUST-1113,Rohit Mishra,Furniture,Lighting,Table Lamp,East,Jharkhand,Ranchi,5652.0,2,0.0,3846.14,Debit Card,Shipped
ORD-13441,2025-07-25,CUST-1011,Sanjay Yadav,Home Appliances,Kitchen,Electric Kettle,West,Gujarat,Ahmedabad,5731.2,3,0.2,4209.17,Debit Card,Cancelled
ORD-13442,2025-07-12,CUST-1759,Shweta Gupta,Home Appliances,Cooling,Air Cooler,East,West Bengal,Siliguri,15412.8,3,0.2,11829.54,Debit Card,Cancelled
ORD-13443,2025-12-22,CUST-1471,Anil Verma,Office Supplies,Stationery,Notebook,East,Odisha,Cuttack,807.5,2,0.15,651.11,Cash on Delivery,Shipped
ORD-13444,2025-05-11,CUST-1175,Arjun Kumar,Home Appliances,Cleaning,Vacuum Cleaner,South,Kerala,Kochi,8725.5,1,0.1,6410.48,Net Banking,Returned
ORD-13445,2025-08-23,CUST-1120,Rohit Jain,Furniture,Lighting,LED Desk Lamp,North,Haryana,Gurugram,13832.0,4,0.05,9322.24,Net Banking,Delivered
ORD-13446,2025-05-28,CUST-1603,Anjali Agarwal,Home Appliances,Kitchen,Electric Kettle,West,Goa,Panaji,2270.4,2,0.2,1833.08,Cash on Delivery,Delivered
ORD-13447,2025-06-12,CUST-1426,Sneha Mishra,Office Supplies,Paper,Copy Paper,West,Maharashtra,Pune,1499.4,3,0.15,1123.49,UPI,Cancelled
ORD-13448,2025-08-24,CUST-1616,Rahul Agarwal,Office Supplies,Paper,Printer Paper,East,West Bengal,Siliguri,260.0,1,0.0,187.52,UPI,Returned
ORD-13449,2025-05-15,CUST-1107,Vikas Agarwal,Electronics,Smartphones,iPhone,South,Telangana,Hyderabad,320514.8,4,0.05,213008.75,Debit Card,Delivered
ORD-13450,2025-06-25,CUST-1662,Sanjay Mishra,Office Supplies,Equipment,Paper Shredder,North,Haryana,Faridabad,25182.6,4,0.05,20921.08,Net Banking,Delivered
ORD-13451,2025-03-21,CUST-1778,Arjun Gupta,Furniture,Office Furniture,Office Chair,East,Odisha,Bhubaneswar,14166.0,2,0.0,9474.22,UPI,Delivered
ORD-13452,2025-05-30,CUST-1585,Pooja Sharma,Office Supplies,Stationery,Stapler,East,Bihar,Gaya,233.1,1,0.1,169.79,Net Banking,Delivered
ORD-13453,2025-11-15,CUST-1422,Kavita Gupta,Electronics,Laptops,Dell Laptop,East,Bihar,Gaya,92289.6,2,0.2,63275.4,Cash on Delivery,Delivered
ORD-13454,2025-04-02,CUST-1061,Neha Sharma,Home Appliances,Cooling,Air Cooler,East,Odisha,Bhubaneswar,15323.4,1,0.1,12700.31,Cash on Delivery,Delivered
ORD-13455,2025-05-20,CUST-1686,Neha Singh,Office Supplies,Stationery,Notebook,South,Kerala,Thiruvananthapuram,111.15,1,0.05,67.61,Cash on Delivery,Delivered
ORD-13456,2025-09-09,CUST-1414,Rahul Kumar,Furniture,Office Furniture,Office Chair,North,Haryana,Gurugram,17755.65,3,0.15,12051.85,Cash on Delivery,Delivered
ORD-13457,2025-08-31,CUST-1605,Sanjay Patel,Home Appliances,Cleaning,Vacuum Cleaner,East,West Bengal,Siliguri,8961.35,1,0.05,5982.78,Credit Card,Delivered
ORD-13458,2025-01-17,CUST-1508,Rahul Kumar,Electronics,Accessories,Mouse,South,Karnataka,Mangaluru,2240.1,2,0.05,1658.43,Debit Card,Shipped
ORD-13459,2025-11-02,CUST-1341,Ritu Patel,Office Supplies,Stationery,Stapler,South,Kerala,Thiruvananthapuram,732.0,4,0.0,528.16,Net Banking,Cancelled
ORD-13460,2025-11-25,CUST-1483,Ritu Agarwal,Electronics,Laptops,HP Laptop,South,Andhra Pradesh,Vijayawada,82951.2,2,0.1,53340.2,Cash on Delivery,Delivered
ORD-13461,2025-04-17,CUST-1543,Deepak Mishra,Home Appliances,Cleaning,Vacuum Cleaner,South,Tamil Nadu,Chennai,8477.1,1,0.1,6772.48,UPI,Delivered
ORD-13462,2025-12-01,CUST-1248,Sanjay Kumar,Home Appliances,Kitchen,Microwave,West,Madhya Pradesh,Indore,8307.9,1,0.15,5202.47,Debit Card,Delivered
ORD-13463,2025-11-20,CUST-1319,Vikas Agarwal,Home Appliances,Kitchen,Mixer Grinder,South,Tamil Nadu,Madurai,4198.15,1,0.15,2600.12,Net Banking,Shipped
ORD-13464,2025-01-18,CUST-1320,Sneha Yadav,Home Appliances,Cooling,Air Cooler,North,Uttar Pradesh,Kanpur,32436.0,3,0.0,24221.59,UPI,Returned
ORD-13465,2025-05-16,CUST-1204,Sneha Agarwal,Home Appliances,Kitchen,Microwave,North,Delhi,Delhi,9331.2,1,0.1,6563.46,Credit Card,Delivered
ORD-13466,2025-08-19,CUST-1192,Arjun Yadav,Electronics,Monitors,Samsung Monitor,West,Goa,Margao,38493.0,3,0.0,28726.83,UPI,Delivered
ORD-13467,2025-06-13,CUST-1771,Pooja Gupta,Home Appliances,Cleaning,Vacuum Cleaner,South,Tamil Nadu,Madurai,5321.0,1,0.15,3869.27,UPI,Delivered
ORD-13468,2025-06-27,CUST-1618,Sanjay Agarwal,Home Appliances,Cooling,Air Cooler,South,Andhra Pradesh,Vijayawada,15939.1,2,0.05,13071.41,Cash on Delivery,Delivered
ORD-13469,2025-06-28,CUST-1253,Nisha Kumar,Office Supplies,Paper,Copy Paper,North,Rajasthan,Jodhpur,425.0,1,0.15,294.78,Net Banking,Delivered
ORD-13470,2025-03-23,CUST-1686,Arjun Mishra,Electronics,Accessories,Headphones,South,Kerala,Thiruvananthapuram,13162.25,5,0.05,11178.31,Debit Card,Delivered
ORD-13471,2025-09-21,CUST-1206,Manish Agarwal,Office Supplies,Equipment,Calculator,South,Kerala,Kochi,4316.8,4,0.2,3028.03,Cash on Delivery,Delivered
ORD-13472,2025-10-05,CUST-1023,Sneha Patel,Furniture,Office Furniture,Office Chair,West,Madhya Pradesh,Indore,7651.3,1,0.05,5517.62,Debit Card,Delivered
ORD-13473,2025-11-12,CUST-1207,Anjali Sharma,Furniture,Lighting,Table Lamp,West,Madhya Pradesh,Bhopal,2905.3,2,0.15,2325.49,Debit Card,Delivered
ORD-13474,2025-12-16,CUST-1115,Manish Agarwal,Home Appliances,Cooling,Air Cooler,West,Madhya Pradesh,Bhopal,42151.5,5,0.05,32511.86,Cash on Delivery,Shipped
ORD-13475,2025-05-23,CUST-1585,Priya Kumar,Furniture,Lighting,Table Lamp,South,Kerala,Thiruvananthapuram,3868.8,2,0.2,3164.83,Cash on Delivery,Delivered
ORD-13476,2025-03-14,CUST-1771,Varun Sharma,Office Supplies,Equipment,Calculator,East,Bihar,Patna,9536.0,4,0.0,7306.47,UPI,Shipped
ORD-13477,2025-09-17,CUST-1770,Amit Patel,Furniture,Office Furniture,Office Desk,North,Punjab,Ludhiana,42442.2,2,0.05,36025.76,Debit Card,Delivered
ORD-13478,2025-03-07,CUST-1191,Sneha Mishra,Home Appliances,Kitchen,Mixer Grinder,West,Gujarat,Surat,15086.0,4,0.05,12429.55,UPI,Returned
ORD-13479,2025-06-11,CUST-1357,Deepak Singh,Home Appliances,Cooling,Air Cooler,West,Maharashtra,Mumbai,25982.8,2,0.15,17237.01,UPI,Delivered
ORD-13480,2025-12-27,CUST-1682,Pooja Mishra,Home Appliances,Kitchen,Microwave,North,Haryana,Gurugram,61620.0,5,0.0,40434.09,Cash on Delivery,Delivered
ORD-13481,2025-08-07,CUST-1739,Amit Mishra,Home Appliances,Cleaning,Vacuum Cleaner,East,Odisha,Bhubaneswar,24304.0,4,0.0,17693.53,Credit Card,Delivered
ORD-13482,2025-12-04,CUST-1004,Kavita Singh,Electronics,Monitors,LG Monitor,South,Andhra Pradesh,Vijayawada,62874.0,3,0.0,49910.63,Credit Card,Delivered
ORD-13483,2025-10-25,CUST-1712,Ritu Mishra,Home Appliances,Cooling,Air Cooler,North,Haryana,Faridabad,38779.2,3,0.2,32371.21,Cash on Delivery,Delivered
ORD-13484,2025-11-02,CUST-1389,Anjali Patel,Furniture,Office Furniture,Office Chair,East,Jharkhand,Ranchi,34203.6,4,0.1,25414.14,Cash on Delivery,Returned
ORD-13485,2025-06-27,CUST-1703,Rohit Kumar,Office Supplies,Stationery,Stapler,South,Kerala,Kochi,831.6,3,0.1,625.18,Net Banking,Delivered
ORD-13486,2025-08-09,CUST-1203,Rohit Agarwal,Office Supplies,Stationery,Notebook,East,Jharkhand,Jamshedpur,285.0,2,0.05,219.43,Credit Card,Cancelled
ORD-13487,2025-02-25,CUST-1734,Shweta Agarwal,Electronics,Smartphones,iPhone,South,Andhra Pradesh,Vijayawada,273476.0,4,0.0,195104.71,UPI,Delivered
ORD-13488,2025-12-05,CUST-1181,Shweta Mishra,Electronics,Smartphones,OnePlus Phone,South,Andhra Pradesh,Visakhapatnam,112122.0,2,0.0,67957.02,Debit Card,Delivered
ORD-13489,2025-06-15,CUST-1090,Manish Mishra,Furniture,Office Furniture,Bookshelf,East,Bihar,Gaya,16880.0,4,0.2,12971.05,UPI,Delivered
ORD-13490,2025-04-28,CUST-1201,Neha Kumar,Office Supplies,Stationery,Notebook,East,West Bengal,Siliguri,832.5,5,0.1,562.5,Net Banking,Returned
ORD-13491,2025-07-30,CUST-1558,Shweta Singh,Furniture,Lighting,LED Desk Lamp,South,Karnataka,Mysuru,9771.0,3,0.0,6286.96,Cash on Delivery,Delivered
ORD-13492,2025-06-27,CUST-1472,Rohit Jain,Home Appliances,Cooling,Air Cooler,East,West Bengal,Kolkata,25934.4,3,0.2,19483.52,UPI,Delivered
ORD-13493,2025-06-14,CUST-1255,Anjali Mishra,Home Appliances,Kitchen,Mixer Grinder,North,Delhi,New Delhi,22741.2,4,0.1,18469.85,UPI,Delivered
ORD-13494,2025-02-21,CUST-1440,Amit Mishra,Home Appliances,Cooling,Air Cooler,West,Gujarat,Ahmedabad,64398.6,4,0.05,44798.13,UPI,Delivered
ORD-13495,2025-09-13,CUST-1718,Arjun Agarwal,Office Supplies,Stationery,Notebook,North,Haryana,Panipat,263.5,2,0.15,210.1,Cash on Delivery,Delivered
ORD-13496,2025-01-01,CUST-1679,Pooja Patel,Home Appliances,Kitchen,Mixer Grinder,East,Bihar,Gaya,7749.6,3,0.2,5482.91,Cash on Delivery,Delivered
ORD-13497,2025-02-03,CUST-1631,Rohit Yadav,Home Appliances,Cooling,Air Cooler,East,Jharkhand,Jamshedpur,40940.0,4,0.0,33659.33,UPI,Shipped
ORD-13498,2025-03-15,CUST-1654,Neha Mishra,Office Supplies,Paper,Printer Paper,South,Karnataka,Mysuru,1350.0,3,0.0,956.63,Debit Card,Cancelled
ORD-13499,2025-04-30,CUST-1555,Arjun Sharma,Furniture,Storage,Storage Cabinet,South,Andhra Pradesh,Visakhapatnam,28644.3,3,0.1,20337.5,Cash on Delivery,Cancelled
ORD-13500,2025-01-30,CUST-1596,Varun Verma,Electronics,Monitors,LG Monitor,West,Gujarat,Surat,44782.0,2,0.0,29310.58,Debit Card,Cancelled
ORD-13501,2025-06-14,CUST-1165,Ritu Jain,Furniture,Office Furniture,Bookshelf,South,Tamil Nadu,Chennai,46767.0,5,0.15,34043.36,Debit Card,Delivered
ORD-13502,2025-07-03,CUST-1549,Neha Patel,Home Appliances,Cleaning,Vacuum Cleaner,North,Rajasthan,Jodhpur,43720.0,5,0.2,36409.72,Cash on Delivery,Delivered
ORD-13503,2025-03-14,CUST-1343,Arjun Gupta,Home Appliances,Cleaning,Vacuum Cleaner,East,Jharkhand,Ranchi,65740.0,5,0.0,40706.65,UPI,Returned
ORD-13504,2025-08-12,CUST-1380,Manish Mishra,Office Supplies,Paper,Printer Paper,West,Goa,Panaji,1888.0,4,0.2,1378.89,Debit Card,Shipped
ORD-13505,2025-12-03,CUST-1132,Meena Kumar,Home Appliances,Cooling,Air Cooler,East,Bihar,Patna,51588.0,5,0.1,39909.52,Debit Card,Delivered
ORD-13506,2025-08-17,CUST-1595,Manish Patel,Office Supplies,Equipment,Calculator,West,Gujarat,Ahmedabad,2475.0,3,0.0,1705.41,Debit Card,Cancelled
ORD-13507,2025-01-17,CUST-1594,Pooja Agarwal,Furniture,Lighting,LED Desk Lamp,East,Bihar,Gaya,8284.0,4,0.0,5610.83,Debit Card,Delivered
ORD-13508,2025-12-09,CUST-1709,Sneha Agarwal,Office Supplies,Paper,Copy Paper,North,Delhi,Delhi,1472.0,4,0.0,1238.22,Net Banking,Shipped
ORD-13509,2025-11-08,CUST-1501,Priya Verma,Home Appliances,Cooling,Air Cooler,North,Rajasthan,Jaipur,14562.9,1,0.1,8821.89,Credit Card,Returned
ORD-13510,2025-04-27,CUST-1288,Anjali Verma,Electronics,Laptops,ASUS Laptop,West,Maharashtra,Nagpur,74711.8,1,0.05,55353.78,Credit Card,Delivered
ORD-13511,2025-10-28,CUST-1147,Priya Verma,Electronics,Smartphones,iPhone,South,Andhra Pradesh,Vijayawada,59195.0,1,0.0,40013.61,Debit Card,Cancelled
ORD-13512,2025-08-17,CUST-1181,Meena Patel,Office Supplies,Stationery,Notebook,North,Punjab,Amritsar,1360.4,4,0.05,1052.35,UPI,Delivered
ORD-13513,2025-11-10,CUST-1507,Neha Agarwal,Office Supplies,Paper,Printer Paper,West,Goa,Margao,1398.4,4,0.05,912.71,Credit Card,Returned
ORD-13514,2025-11-21,CUST-1572,Nisha Kumar,Electronics,Smartphones,iPhone,East,Odisha,Bhubaneswar,340480.0,5,0.0,251883.15,Debit Card,Delivered
ORD-13515,2025-04-17,CUST-1043,Rohit Yadav,Office Supplies,Equipment,Paper Shredder,North,Haryana,Panipat,20596.0,5,0.05,14242.86,Cash on Delivery,Delivered
ORD-13516,2025-05-29,CUST-1122,Sneha Agarwal,Furniture,Lighting,Table Lamp,South,Tamil Nadu,Coimbatore,4012.8,4,0.2,3129.69,Credit Card,Returned
ORD-13517,2025-02-21,CUST-1641,Nisha Singh,Electronics,Accessories,Headphones,North,Haryana,Panipat,10755.9,2,0.05,9039.21,UPI,Shipped
ORD-13518,2025-07-12,CUST-1473,Ritu Verma,Electronics,Smartphones,OnePlus Phone,North,Uttar Pradesh,Prayagraj,173370.25,5,0.15,147244.45,Net Banking,Delivered
ORD-13519,2025-12-12,CUST-1144,Neha Agarwal,Home Appliances,Cleaning,Vacuum Cleaner,West,Gujarat,Surat,4910.4,1,0.2,3750.91,Credit Card,Delivered
ORD-13520,2025-05-30,CUST-1800,Kavita Singh,Furniture,Storage,Filing Cabinet,East,Bihar,Gaya,14068.8,2,0.2,10911.73,Cash on Delivery,Delivered
ORD-13521,2025-01-30,CUST-1231,Anil Agarwal,Office Supplies,Stationery,Stapler,West,Maharashtra,Nagpur,165.3,1,0.05,124.89,Debit Card,Returned
ORD-13522,2025-09-03,CUST-1142,Ritu Yadav,Furniture,Lighting,Table Lamp,South,Andhra Pradesh,Visakhapatnam,2012.8,1,0.15,1321.64,Credit Card,Shipped
ORD-13523,2025-04-05,CUST-1456,Pooja Mishra,Furniture,Lighting,LED Desk Lamp,South,Telangana,Hyderabad,11024.5,5,0.15,8051.01,Cash on Delivery,Cancelled
ORD-13524,2025-03-29,CUST-1242,Nisha Mishra,Electronics,Laptops,HP Laptop,West,Goa,Panaji,59211.0,1,0.1,45571.05,Debit Card,Returned
ORD-13525,2025-06-07,CUST-1564,Varun Agarwal,Office Supplies,Stationery,Pen Set,South,Karnataka,Mysuru,562.7,1,0.15,339.58,Credit Card,Cancelled
ORD-13526,2025-03-10,CUST-1175,Rohit Agarwal,Furniture,Storage,Storage Cabinet,East,Odisha,Bhubaneswar,69715.75,5,0.05,51836.64,UPI,Delivered
ORD-13527,2025-04-01,CUST-1007,Arjun Verma,Furniture,Lighting,Table Lamp,North,Delhi,Delhi,1132.0,1,0.2,807.65,Cash on Delivery,Delivered
ORD-13528,2025-08-18,CUST-1335,Neha Verma,Home Appliances,Kitchen,Electric Kettle,South,Kerala,Kochi,2417.6,1,0.2,1708.24,Credit Card,Delivered
ORD-13529,2025-12-26,CUST-1024,Sanjay Singh,Home Appliances,Cleaning,Vacuum Cleaner,West,Maharashtra,Nashik,39275.0,5,0.0,32461.78,Net Banking,Delivered
ORD-13530,2025-08-02,CUST-1165,Rohit Gupta,Office Supplies,Equipment,Calculator,South,Telangana,Warangal,10975.5,5,0.1,9224.79,Debit Card,Delivered
ORD-13531,2025-03-23,CUST-1066,Shweta Singh,Office Supplies,Stationery,Pen Set,West,Maharashtra,Nagpur,1797.4,4,0.05,1420.4,Net Banking,Returned
ORD-13532,2025-04-11,CUST-1774,Kavita Jain,Office Supplies,Equipment,Paper Shredder,South,Telangana,Warangal,33790.5,5,0.1,28680.89,Net Banking,Delivered
ORD-13533,2025-10-26,CUST-1367,Priya Agarwal,Electronics,Accessories,Mouse,East,West Bengal,Siliguri,1804.55,1,0.15,1353.0,Cash on Delivery,Delivered
ORD-13534,2025-05-24,CUST-1346,Anil Verma,Furniture,Storage,Storage Cabinet,West,Maharashtra,Nagpur,67385.0,5,0.0,45660.19,Credit Card,Delivered
ORD-13535,2025-05-15,CUST-1387,Meena Agarwal,Office Supplies,Equipment,Paper Shredder,West,Maharashtra,Mumbai,43500.0,4,0.0,33632.27,Net Banking,Delivered
ORD-13536,2025-09-17,CUST-1722,Sanjay Jain,Electronics,Accessories,Keyboard,West,Maharashtra,Nagpur,8608.0,4,0.0,7013.2,Credit Card,Delivered
ORD-13537,2025-11-24,CUST-1630,Sanjay Singh,Furniture,Office Furniture,Bookshelf,West,Gujarat,Ahmedabad,5487.2,1,0.2,4413.1,Debit Card,Delivered
ORD-13538,2025-12-25,CUST-1392,Vikas Agarwal,Electronics,Monitors,Samsung Monitor,East,Bihar,Gaya,59635.2,4,0.2,48498.29,UPI,Delivered
ORD-13539,2025-12-10,CUST-1100,Vikas Patel,Furniture,Lighting,LED Desk Lamp,West,Goa,Margao,6817.2,2,0.05,4655.29,Debit Card,Shipped
ORD-13540,2025-11-08,CUST-1643,Meena Patel,Office Supplies,Stationery,Pen Set,North,Haryana,Panipat,2123.25,5,0.05,1344.8,Net Banking,Cancelled
ORD-13541,2025-12-14,CUST-1330,Anil Singh,Electronics,Laptops,HP Laptop,North,Rajasthan,Kota,240724.8,4,0.1,189815.37,Net Banking,Delivered
ORD-13542,2025-02-02,CUST-1126,Anil Kumar,Home Appliances,Kitchen,Electric Kettle,East,Bihar,Patna,17495.0,5,0.0,14561.61,UPI,Delivered
ORD-13543,2025-12-09,CUST-1003,Varun Mishra,Office Supplies,Stationery,Notebook,East,West Bengal,Siliguri,1058.25,3,0.15,732.05,Cash on Delivery,Delivered
ORD-13544,2025-05-15,CUST-1689,Varun Mishra,Electronics,Monitors,Dell Monitor,West,Gujarat,Ahmedabad,24008.4,1,0.1,19288.61,Cash on Delivery,Delivered
ORD-13545,2025-10-07,CUST-1643,Anjali Mishra,Home Appliances,Kitchen,Microwave,West,Maharashtra,Nashik,20439.0,3,0.1,13851.68,Debit Card,Delivered
ORD-13546,2025-11-07,CUST-1050,Shweta Gupta,Home Appliances,Kitchen,Microwave,East,Odisha,Cuttack,66050.0,5,0.0,55927.0,Net Banking,Delivered
ORD-13547,2025-12-10,CUST-1434,Shweta Kumar,Electronics,Smartphones,iPhone,North,Delhi,Delhi,290840.25,5,0.15,236150.1,Debit Card,Returned
ORD-13548,2025-07-04,CUST-1603,Neha Jain,Electronics,Accessories,Headphones,South,Kerala,Thiruvananthapuram,37686.5,5,0.05,30961.31,Net Banking,Shipped
ORD-13549,2025-12-03,CUST-1114,Neha Yadav,Electronics,Smartphones,Redmi Phone,West,Maharashtra,Nashik,56304.0,4,0.0,33933.99,Credit Card,Delivered
ORD-13550,2025-02-09,CUST-1674,Vikas Sharma,Electronics,Monitors,LG Monitor,West,Goa,Margao,28078.4,2,0.2,18681.64,Credit Card,Shipped
ORD-13551,2025-06-27,CUST-1651,Anjali Gupta,Office Supplies,Equipment,Calculator,South,Kerala,Thiruvananthapuram,3198.4,2,0.2,2507.12,Cash on Delivery,Delivered
ORD-13552,2025-01-02,CUST-1116,Nisha Jain,Furniture,Office Furniture,Office Desk,North,Uttar Pradesh,Lucknow,88706.25,5,0.05,57846.74,UPI,Delivered
ORD-13553,2025-05-01,CUST-1171,Arjun Verma,Electronics,Smartphones,Redmi Phone,East,West Bengal,Siliguri,103588.0,5,0.2,72932.68,Credit Card,Cancelled
ORD-13554,2025-09-19,CUST-1497,Meena Sharma,Furniture,Lighting,Table Lamp,North,Delhi,New Delhi,6555.0,5,0.05,5373.77,Debit Card,Delivered
ORD-13555,2025-09-23,CUST-1301,Deepak Mishra,Electronics,Accessories,Mouse,North,Rajasthan,Jodhpur,8270.5,5,0.15,5192.65,UPI,Returned
ORD-13556,2025-05-29,CUST-1145,Priya Patel,Office Supplies,Stationery,Notebook,North,Uttar Pradesh,Kanpur,1473.0,3,0.0,1067.4,UPI,Shipped
ORD-13557,2025-12-01,CUST-1229,Rohit Gupta,Furniture,Storage,Filing Cabinet,East,Jharkhand,Jamshedpur,10747.8,2,0.1,8433.96,Net Banking,Shipped
ORD-13558,2025-03-29,CUST-1341,Anil Agarwal,Office Supplies,Equipment,Calculator,South,Tamil Nadu,Chennai,2137.6,2,0.2,1369.82,Credit Card,Delivered
ORD-13559,2025-02-11,CUST-1644,Priya Singh,Office Supplies,Paper,Printer Paper,East,Jharkhand,Jamshedpur,252.45,1,0.15,211.62,UPI,Cancelled
ORD-13560,2025-01-28,CUST-1428,Sanjay Sharma,Office Supplies,Stationery,Pen Set,South,Karnataka,Bengaluru,1954.8,4,0.1,1524.27,Debit Card,Cancelled
ORD-13561,2025-04-20,CUST-1399,Vikas Patel,Furniture,Lighting,LED Desk Lamp,South,Karnataka,Mangaluru,3592.0,1,0.0,2249.38,Debit Card,Delivered
ORD-13562,2025-11-07,CUST-1387,Nisha Patel,Electronics,Monitors,Samsung Monitor,West,Maharashtra,Pune,132511.5,5,0.1,91299.48,Cash on Delivery,Delivered
ORD-13563,2025-11-01,CUST-1450,Vikas Mishra,Electronics,Monitors,LG Monitor,West,Madhya Pradesh,Bhopal,54283.95,3,0.05,41783.55,Net Banking,Returned
ORD-13564,2025-07-04,CUST-1422,Deepak Patel,Home Appliances,Cleaning,Vacuum Cleaner,West,Maharashtra,Nagpur,26816.4,3,0.1,18135.67,Debit Card,Delivered
ORD-13565,2025-06-08,CUST-1530,Anil Kumar,Furniture,Lighting,LED Desk Lamp,West,Gujarat,Surat,6890.4,3,0.1,5623.58,Cash on Delivery,Shipped
ORD-13566,2025-04-28,CUST-1026,Arjun Gupta,Office Supplies,Stationery,Notebook,North,Haryana,Panipat,810.0,2,0.0,531.32,Net Banking,Cancelled
ORD-13567,2025-11-08,CUST-1633,Sneha Mishra,Furniture,Storage,Storage Cabinet,West,Gujarat,Vadodara,27778.0,4,0.15,21790.54,Debit Card,Delivered
ORD-13568,2025-03-19,CUST-1168,Arjun Verma,Furniture,Lighting,Table Lamp,South,Telangana,Hyderabad,3422.85,3,0.05,2300.13,Credit Card,Delivered
ORD-13569,2025-04-28,CUST-1467,Vikas Sharma,Home Appliances,Cleaning,Vacuum Cleaner,East,Odisha,Bhubaneswar,23228.0,4,0.0,18907.0,Credit Card,Delivered
ORD-13570,2025-05-01,CUST-1611,Meena Jain,Furniture,Storage,Filing Cabinet,East,Jharkhand,Ranchi,4008.0,1,0.2,2746.95,Cash on Delivery,Delivered
ORD-13571,2025-11-24,CUST-1472,Neha Mishra,Furniture,Office Furniture,Bookshelf,South,Kerala,Kochi,38727.0,5,0.1,31746.65,UPI,Shipped
ORD-13572,2025-09-25,CUST-1355,Ritu Patel,Electronics,Monitors,Dell Monitor,North,Rajasthan,Jaipur,59223.75,5,0.15,47644.07,Cash on Delivery,Delivered
ORD-13573,2025-05-27,CUST-1139,Amit Yadav,Office Supplies,Paper,Printer Paper,West,Gujarat,Ahmedabad,997.5,3,0.05,669.27,Net Banking,Cancelled
ORD-13574,2025-02-20,CUST-1788,Meena Agarwal,Electronics,Smartphones,OnePlus Phone,South,Karnataka,Mysuru,93744.0,3,0.1,74413.42,UPI,Returned
ORD-13575,2025-01-13,CUST-1628,Anil Agarwal,Furniture,Office Furniture,Office Chair,South,Karnataka,Mysuru,44502.75,3,0.05,26743.92,Cash on Delivery,Cancelled
ORD-13576,2025-12-07,CUST-1510,Sanjay Kumar,Electronics,Accessories,Keyboard,West,Madhya Pradesh,Bhopal,2169.8,2,0.05,1500.31,Cash on Delivery,Returned
ORD-13577,2025-10-04,CUST-1603,Anjali Patel,Office Supplies,Stationery,Stapler,North,Uttar Pradesh,Kanpur,1415.25,5,0.15,1119.9,Debit Card,Delivered
ORD-13578,2025-11-30,CUST-1639,Neha Singh,Electronics,Monitors,Dell Monitor,North,Haryana,Faridabad,84485.0,5,0.0,52592.42,Cash on Delivery,Delivered
ORD-13579,2025-09-10,CUST-1519,Shweta Mishra,Office Supplies,Stationery,Notebook,North,Haryana,Faridabad,620.0,5,0.0,429.73,Debit Card,Delivered
ORD-13580,2025-03-15,CUST-1478,Kavita Yadav,Furniture,Office Furniture,Office Desk,North,Uttar Pradesh,Kanpur,32510.8,2,0.15,22496.6,UPI,Delivered
ORD-13581,2025-01-10,CUST-1221,Pooja Yadav,Furniture,Lighting,LED Desk Lamp,West,Madhya Pradesh,Indore,5844.6,2,0.1,4759.86,Net Banking,Cancelled
ORD-13582,2025-02-16,CUST-1763,Nisha Kumar,Furniture,Office Furniture,Office Chair,West,Maharashtra,Nashik,6280.8,1,0.2,5032.38,Cash on Delivery,Delivered
ORD-13583,2025-04-09,CUST-1417,Manish Agarwal,Electronics,Smartphones,Samsung Galaxy,South,Telangana,Hyderabad,47328.0,2,0.0,30221.66,Credit Card,Delivered
ORD-13584,2025-08-14,CUST-1026,Neha Sharma,Furniture,Lighting,LED Desk Lamp,East,Jharkhand,Jamshedpur,2598.4,2,0.2,1662.8,Debit Card,Returned
ORD-13585,2025-07-21,CUST-1345,Arjun Agarwal,Home Appliances,Cooling,Air Cooler,East,Bihar,Patna,32591.7,3,0.1,26883.08,UPI,Delivered
ORD-13586,2025-07-17,CUST-1347,Deepak Mishra,Home Appliances,Kitchen,Microwave,West,Gujarat,Ahmedabad,47426.6,4,0.15,38734.76,Credit Card,Delivered
ORD-13587,2025-07-29,CUST-1715,Sneha Yadav,Home Appliances,Cooling,Air Cooler,North,Haryana,Faridabad,31932.9,3,0.1,26661.49,Credit Card,Delivered
ORD-13588,2025-03-29,CUST-1709,Rahul Mishra,Office Supplies,Paper,Copy Paper,East,Odisha,Bhubaneswar,1173.0,5,0.15,783.51,Net Banking,Delivered
ORD-13589,2025-11-13,CUST-1671,Pooja Sharma,Furniture,Office Furniture,Office Chair,South,Telangana,Warangal,23040.0,4,0.0,15828.35,Debit Card,Delivered
ORD-13590,2025-10-17,CUST-1618,Neha Singh,Office Supplies,Stationery,Pen Set,North,Uttar Pradesh,Varanasi,175.5,1,0.1,106.31,Debit Card,Delivered
ORD-13591,2025-11-24,CUST-1477,Meena Sharma,Office Supplies,Equipment,Paper Shredder,East,West Bengal,Kolkata,23133.45,3,0.05,16350.48,Debit Card,Delivered
ORD-13592,2025-11-21,CUST-1576,Kavita Mishra,Furniture,Storage,Storage Cabinet,East,Jharkhand,Jamshedpur,26168.0,2,0.2,19939.86,UPI,Cancelled
ORD-13593,2025-06-05,CUST-1219,Pooja Jain,Home Appliances,Cooling,Air Cooler,South,Kerala,Thiruvananthapuram,56420.0,5,0.2,38475.66,Net Banking,Shipped
ORD-13594,2025-11-25,CUST-1442,Sneha Singh,Electronics,Monitors,Samsung Monitor,West,Gujarat,Ahmedabad,23632.55,1,0.15,19871.52,Cash on Delivery,Cancelled
ORD-13595,2025-11-01,CUST-1268,Neha Verma,Furniture,Storage,Storage Cabinet,North,Rajasthan,Jaipur,22921.6,4,0.2,17288.1,Credit Card,Delivered
ORD-13596,2025-06-22,CUST-1176,Manish Agarwal,Furniture,Lighting,LED Desk Lamp,North,Uttar Pradesh,Lucknow,15402.0,5,0.15,9974.85,UPI,Returned
ORD-13597,2025-10-14,CUST-1498,Neha Agarwal,Furniture,Office Furniture,Bookshelf,North,Punjab,Ludhiana,20328.0,2,0.0,13321.24,UPI,Delivered
ORD-13598,2025-05-28,CUST-1320,Anjali Kumar,Furniture,Lighting,LED Desk Lamp,North,Rajasthan,Jodhpur,3694.0,1,0.0,2411.56,Net Banking,Delivered
ORD-13599,2025-09-29,CUST-1015,Pooja Patel,Office Supplies,Stationery,Notebook,South,Tamil Nadu,Madurai,333.0,1,0.0,269.1,UPI,Returned
ORD-13600,2025-05-08,CUST-1724,Sneha Sharma,Home Appliances,Cleaning,Vacuum Cleaner,East,West Bengal,Siliguri,53643.5,5,0.15,42910.6,Credit Card,Delivered
ORD-13601,2025-04-21,CUST-1653,Rohit Yadav,Furniture,Storage,Storage Cabinet,South,Kerala,Thiruvananthapuram,27100.0,4,0.0,16552.24,Net Banking,Cancelled
ORD-13602,2025-11-08,CUST-1668,Kavita Agarwal,Home Appliances,Kitchen,Mixer Grinder,West,Maharashtra,Mumbai,20254.0,5,0.05,14027.89,Net Banking,Delivered
ORD-13603,2025-02-06,CUST-1558,Amit Yadav,Office Supplies,Stationery,Pen Set,North,Uttar Pradesh,Prayagraj,90.1,1,0.15,55.46,UPI,Delivered
ORD-13604,2025-01-04,CUST-1154,Vikas Singh,Furniture,Lighting,Table Lamp,North,Delhi,Delhi,3576.0,3,0.0,2254.57,UPI,Returned
ORD-13605,2025-10-07,CUST-1070,Pooja Patel,Electronics,Accessories,Mouse,South,Telangana,Hyderabad,8914.8,4,0.15,7227.87,UPI,Returned
ORD-13606,2025-02-26,CUST-1289,Meena Kumar,Furniture,Office Furniture,Bookshelf,North,Uttar Pradesh,Noida,11676.6,2,0.1,7333.12,Net Banking,Delivered
ORD-13607,2025-03-11,CUST-1605,Priya Jain,Home Appliances,Kitchen,Mixer Grinder,East,West Bengal,Siliguri,6470.0,1,0.0,5285.39,Credit Card,Returned
ORD-13608,2025-06-17,CUST-1260,Varun Patel,Electronics,Smartphones,iPhone,East,Odisha,Cuttack,228102.0,2,0.0,185018.58,Credit Card,Delivered
ORD-13609,2025-05-15,CUST-1652,Ritu Sharma,Office Supplies,Stationery,Notebook,West,Madhya Pradesh,Indore,464.4,3,0.1,354.2,Credit Card,Delivered
ORD-13610,2025-04-21,CUST-1251,Neha Singh,Home Appliances,Cooling,Air Cooler,South,Karnataka,Mangaluru,36322.2,3,0.15,26313.05,UPI,Returned
ORD-13611,2025-12-18,CUST-1199,Vikas Sharma,Electronics,Smartphones,OnePlus Phone,South,Karnataka,Mysuru,40407.0,1,0.0,32104.85,Net Banking,Delivered
ORD-13612,2025-08-06,CUST-1750,Kavita Kumar,Home Appliances,Cooling,Air Cooler,West,Gujarat,Ahmedabad,29436.8,4,0.2,18116.74,Debit Card,Shipped
ORD-13613,2025-08-10,CUST-1236,Rahul Patel,Home Appliances,Cleaning,Vacuum Cleaner,East,Jharkhand,Jamshedpur,55990.0,5,0.0,42451.16,Cash on Delivery,Returned
ORD-13614,2025-08-11,CUST-1667,Varun Patel,Home Appliances,Kitchen,Microwave,North,Uttar Pradesh,Varanasi,45235.8,3,0.1,36922.75,Debit Card,Cancelled
ORD-13615,2025-09-15,CUST-1272,Varun Yadav,Electronics,Smartphones,Redmi Phone,West,Madhya Pradesh,Indore,20225.5,1,0.05,13422.99,Net Banking,Shipped
ORD-13616,2025-10-25,CUST-1217,Sanjay Jain,Furniture,Storage,Storage Cabinet,East,Bihar,Patna,40496.4,4,0.1,31953.53,Cash on Delivery,Cancelled
ORD-13617,2025-05-29,CUST-1132,Sneha Kumar,Office Supplies,Equipment,Paper Shredder,West,Madhya Pradesh,Indore,5549.0,1,0.0,4328.33,Credit Card,Cancelled
ORD-13618,2025-02-21,CUST-1308,Deepak Yadav,Office Supplies,Stationery,Stapler,East,Odisha,Cuttack,1548.5,5,0.05,981.92,Credit Card,Delivered
ORD-13619,2025-06-20,CUST-1741,Deepak Gupta,Furniture,Office Furniture,Bookshelf,West,Madhya Pradesh,Indore,48622.5,5,0.1,38537.77,Debit Card,Delivered
ORD-13620,2025-11-06,CUST-1650,Vikas Sharma,Electronics,Smartphones,OnePlus Phone,South,Andhra Pradesh,Vijayawada,203996.0,4,0.0,162806.04,UPI,Delivered
ORD-13621,2025-12-11,CUST-1468,Sneha Sharma,Electronics,Laptops,Lenovo Laptop,North,Punjab,Ludhiana,200064.5,5,0.15,161938.63,Credit Card,Delivered
ORD-13622,2025-07-01,CUST-1250,Meena Kumar,Electronics,Monitors,Samsung Monitor,South,Andhra Pradesh,Vijayawada,114484.8,4,0.15,78361.36,Cash on Delivery,Returned
ORD-13623,2025-02-02,CUST-1386,Manish Patel,Office Supplies,Paper,Printer Paper,East,Odisha,Bhubaneswar,626.4,1,0.1,385.92,Cash on Delivery,Shipped
ORD-13624,2025-02-17,CUST-1064,Amit Patel,Electronics,Laptops,Dell Laptop,West,Goa,Panaji,311558.2,4,0.05,197709.09,UPI,Cancelled
ORD-13625,2025-07-12,CUST-1344,Pooja Patel,Home Appliances,Cooling,Air Cooler,West,Gujarat,Surat,24556.0,5,0.2,15796.47,Credit Card,Delivered
ORD-13626,2025-07-21,CUST-1456,Anjali Gupta,Furniture,Office Furniture,Bookshelf,North,Uttar Pradesh,Varanasi,10364.4,1,0.1,6811.18,Cash on Delivery,Shipped
ORD-13627,2025-09-01,CUST-1081,Arjun Verma,Office Supplies,Stationery,Stapler,West,Gujarat,Surat,307.7,2,0.15,236.18,Debit Card,Cancelled
ORD-13628,2025-07-15,CUST-1115,Varun Gupta,Home Appliances,Cleaning,Vacuum Cleaner,South,Andhra Pradesh,Vijayawada,22160.0,2,0.2,17911.42,Debit Card,Returned
ORD-13629,2025-01-27,CUST-1365,Nisha Kumar,Office Supplies,Paper,Copy Paper,East,Odisha,Bhubaneswar,816.0,2,0.2,588.4,Credit Card,Cancelled
ORD-13630,2025-06-06,CUST-1342,Unknown Customer,Office Supplies,Paper,Copy Paper,South,Tamil Nadu,Coimbatore,559.8,1,0.1,357.07,UPI,Delivered
ORD-13631,2025-02-27,CUST-1308,Shweta Patel,Home Appliances,Cleaning,Vacuum Cleaner,East,West Bengal,Kolkata,31606.5,3,0.05,23435.2,UPI,Cancelled
ORD-13632,2025-06-27,CUST-1451,Meena Jain,Home Appliances,Cooling,Air Cooler,East,Jharkhand,Ranchi,15809.6,2,0.2,10823.27,Credit Card,Cancelled
ORD-13633,2025-01-05,CUST-1034,Vikas Mishra,Office Supplies,Equipment,Calculator,West,Gujarat,Vadodara,3759.15,3,0.05,2682.56,Net Banking,Cancelled
ORD-13634,2025-04-22,CUST-1109,Sanjay Mishra,Home Appliances,Kitchen,Mixer Grinder,South,Telangana,Warangal,6556.0,2,0.0,4036.05,Debit Card,Delivered
ORD-13635,2025-09-09,CUST-1244,Manish Mishra,Office Supplies,Equipment,Calculator,South,Kerala,Kochi,1189.0,1,0.0,814.4,Cash on Delivery,Delivered
ORD-13636,2025-06-09,CUST-1226,Nisha Agarwal,Electronics,Smartphones,iPhone,East,West Bengal,Siliguri,311125.5,5,0.1,256371.03,Cash on Delivery,Cancelled
ORD-13637,2025-10-27,CUST-1086,Rahul Mishra,Home Appliances,Kitchen,Electric Kettle,West,Gujarat,Surat,5990.4,4,0.2,4230.02,Debit Card,Delivered
ORD-13638,2025-12-11,CUST-1798,Manish Verma,Electronics,Smartphones,Redmi Phone,East,West Bengal,Kolkata,102340.0,5,0.2,68907.04,Net Banking,Delivered
ORD-13639,2025-06-19,CUST-1106,Priya Gupta,Electronics,Accessories,Headphones,East,Jharkhand,Ranchi,3302.25,3,0.15,2291.35,Cash on Delivery,Delivered
ORD-13640,2025-12-17,CUST-1658,Vikas Jain,Office Supplies,Paper,Printer Paper,West,Madhya Pradesh,Indore,1267.2,4,0.2,835.27,UPI,Returned
ORD-13641,2025-02-12,CUST-1090,Priya Yadav,Furniture,Storage,Filing Cabinet,West,Goa,Panaji,13485.0,1,0.0,9416.51,UPI,Cancelled
ORD-13642,2025-05-06,CUST-1769,Anjali Gupta,Office Supplies,Equipment,Calculator,South,Tamil Nadu,Madurai,5538.5,5,0.05,3523.34,UPI,Delivered
ORD-13643,2025-07-01,CUST-1409,Anil Gupta,Furniture,Lighting,LED Desk Lamp,North,Haryana,Panipat,3288.6,1,0.1,2393.42,Debit Card,Delivered
ORD-13644,2025-06-07,CUST-1204,Amit Sharma,Home Appliances,Cooling,Air Cooler,East,Odisha,Cuttack,43068.0,4,0.0,32820.54,Debit Card,Delivered
ORD-13645,2025-06-27,CUST-1103,Ritu Gupta,Furniture,Office Furniture,Office Desk,North,Haryana,Gurugram,27092.9,2,0.15,17589.07,Debit Card,Delivered
ORD-13646,2025-06-30,CUST-1475,Ritu Yadav,Electronics,Smartphones,iPhone,East,West Bengal,Siliguri,72178.6,1,0.15,51024.55,UPI,Delivered
ORD-13647,2025-10-22,CUST-1657,Neha Sharma,Electronics,Laptops,ASUS Laptop,West,Gujarat,Surat,323338.5,5,0.1,221983.32,Credit Card,Delivered
ORD-13648,2025-07-17,CUST-1782,Arjun Agarwal,Electronics,Smartphones,iPhone,West,Maharashtra,Nagpur,89275.5,1,0.1,57928.51,Net Banking,Shipped
ORD-13649,2025-05-26,CUST-1528,Manish Mishra,Electronics,Laptops,Dell Laptop,East,West Bengal,Kolkata,71112.7,1,0.15,44546.33,Credit Card,Shipped
ORD-13650,2025-10-10,CUST-1125,Shweta Gupta,Electronics,Smartphones,Samsung Galaxy,South,Kerala,Kochi,225309.5,5,0.15,184486.16,Credit Card,Delivered
ORD-13651,2025-07-31,CUST-1341,Amit Verma,Office Supplies,Paper,Copy Paper,North,Haryana,Panipat,241.6,1,0.2,146.89,Cash on Delivery,Delivered
ORD-13652,2025-12-31,CUST-1451,Priya Singh,Office Supplies,Equipment,Calculator,South,Kerala,Kochi,1831.2,3,0.2,1380.12,Credit Card,Shipped
ORD-13653,2025-02-24,CUST-1414,Anjali Mishra,Furniture,Office Furniture,Office Chair,North,Haryana,Faridabad,12804.4,1,0.15,10566.42,Cash on Delivery,Delivered
ORD-13654,2025-03-01,CUST-1246,Priya Singh,Office Supplies,Paper,Printer Paper,East,Jharkhand,Ranchi,1677.6,4,0.1,1032.82,Cash on Delivery,Delivered
ORD-13655,2025-06-14,CUST-1448,Anjali Mishra,Electronics,Accessories,Keyboard,North,Haryana,Gurugram,4287.6,4,0.1,2842.5,Credit Card,Delivered
ORD-13656,2025-03-30,CUST-1548,Anil Gupta,Office Supplies,Stationery,Notebook,West,Maharashtra,Pune,416.5,2,0.15,251.19,Net Banking,Delivered
ORD-13657,2025-10-31,CUST-1426,Ritu Agarwal,Office Supplies,Paper,Copy Paper,West,Madhya Pradesh,Indore,1652.4,3,0.1,1214.04,UPI,Shipped
ORD-13658,2025-09-08,CUST-1223,Meena Jain,Office Supplies,Paper,Copy Paper,South,Karnataka,Bengaluru,1572.0,4,0.0,1296.85,Debit Card,Delivered
ORD-13659,2025-04-22,CUST-1788,Anil Mishra,Home Appliances,Cleaning,Vacuum Cleaner,North,Delhi,Delhi,53154.0,5,0.1,41105.44,Cash on Delivery,Shipped
ORD-13660,2025-08-08,CUST-1707,Deepak Jain,Home Appliances,Cleaning,Vacuum Cleaner,East,Odisha,Cuttack,20090.0,2,0.0,12884.43,Credit Card,Cancelled
ORD-13661,2025-09-23,CUST-1713,Deepak Kumar,Office Supplies,Paper,Printer Paper,North,Uttar Pradesh,Noida,2492.0,5,0.2,2083.5,Net Banking,Returned
ORD-13662,2025-07-15,CUST-1376,Anjali Singh,Electronics,Smartphones,OnePlus Phone,North,Haryana,Faridabad,84374.4,2,0.15,68658.81,Net Banking,Delivered
ORD-13663,2025-05-12,CUST-1319,Rohit Sharma,Home Appliances,Kitchen,Electric Kettle,West,Gujarat,Vadodara,2971.6,1,0.05,2515.65,UPI,Delivered
ORD-13664,2025-04-22,CUST-1688,Arjun Sharma,Home Appliances,Cooling,Air Cooler,South,Telangana,Hyderabad,35131.0,4,0.05,28241.24,UPI,Delivered
ORD-13665,2025-02-10,CUST-1681,Amit Yadav,Home Appliances,Cooling,Air Cooler,East,Jharkhand,Jamshedpur,12795.3,1,0.1,9196.27,Cash on Delivery,Delivered
ORD-13666,2025-11-25,CUST-1638,Kavita Jain,Office Supplies,Paper,Copy Paper,West,Goa,Margao,270.0,1,0.1,220.98,UPI,Delivered
ORD-13667,2025-11-05,CUST-1301,Anjali Verma,Furniture,Office Furniture,Bookshelf,North,Haryana,Panipat,49025.0,5,0.0,29669.33,Credit Card,Delivered
ORD-13668,2025-09-10,CUST-1687,Ritu Yadav,Furniture,Office Furniture,Office Chair,East,Jharkhand,Jamshedpur,13715.6,2,0.15,11450.19,Debit Card,Delivered
ORD-13669,2025-11-25,CUST-1234,Rahul Mishra,Electronics,Monitors,Dell Monitor,South,Telangana,Hyderabad,20837.75,1,0.15,14450.56,UPI,Returned
ORD-13670,2025-04-25,CUST-1222,Priya Singh,Home Appliances,Kitchen,Mixer Grinder,West,Goa,Margao,29600.0,5,0.0,25114.31,Cash on Delivery,Delivered
ORD-13671,2025-11-20,CUST-1697,Shweta Singh,Office Supplies,Stationery,Stapler,East,West Bengal,Siliguri,2053.6,4,0.15,1268.03,Cash on Delivery,Delivered
ORD-13672,2025-07-30,CUST-1503,Pooja Singh,Office Supplies,Equipment,Paper Shredder,North,Delhi,Delhi,40596.0,4,0.0,34435.6,Credit Card,Returned
ORD-13673,2025-03-03,CUST-1353,Manish Jain,Furniture,Office Furniture,Office Chair,South,Telangana,Warangal,4417.6,1,0.2,3496.49,Cash on Delivery,Delivered
ORD-13674,2025-06-09,CUST-1049,Amit Singh,Electronics,Smartphones,Redmi Phone,West,Maharashtra,Nashik,45619.95,3,0.05,36475.65,Credit Card,Delivered
ORD-13675,2025-02-09,CUST-1210,Varun Singh,Home Appliances,Kitchen,Electric Kettle,West,Maharashtra,Nagpur,12643.75,5,0.15,8099.74,UPI,Returned
ORD-13676,2025-09-03,CUST-1481,Meena Kumar,Electronics,Laptops,HP Laptop,South,Andhra Pradesh,Vijayawada,168126.6,4,0.15,138382.53,Cash on Delivery,Returned
ORD-13677,2025-03-10,CUST-1083,Priya Verma,Home Appliances,Cooling,Air Cooler,East,Odisha,Bhubaneswar,13894.7,2,0.05,8836.23,UPI,Cancelled
ORD-13678,2025-05-21,CUST-1601,Pooja Verma,Home Appliances,Cleaning,Vacuum Cleaner,East,Odisha,Bhubaneswar,23418.0,4,0.1,16105.14,UPI,Delivered
ORD-13679,2025-06-12,CUST-1707,Nisha Yadav,Home Appliances,Cooling,Air Cooler,East,Bihar,Patna,54308.0,4,0.0,41764.13,Net Banking,Delivered
ORD-13680,2025-04-02,CUST-1068,Shweta Patel,Home Appliances,Cleaning,Vacuum Cleaner,South,Andhra Pradesh,Vijayawada,13019.0,1,0.0,7816.1,Credit Card,Cancelled
ORD-13681,2025-08-13,CUST-1592,Anjali Singh,Furniture,Storage,Storage Cabinet,West,Goa,Margao,12002.0,2,0.0,7859.55,Cash on Delivery,Delivered
ORD-13682,2025-09-14,CUST-1653,Rahul Yadav,Office Supplies,Equipment,Calculator,West,Madhya Pradesh,Indore,5396.0,5,0.2,4108.43,Debit Card,Shipped
ORD-13683,2025-11-30,CUST-1524,Sneha Kumar,Furniture,Lighting,Table Lamp,South,Tamil Nadu,Chennai,3756.8,2,0.2,3060.83,Net Banking,Shipped
ORD-13684,2025-08-30,CUST-1027,Manish Agarwal,Office Supplies,Paper,Copy Paper,West,Goa,Margao,2077.4,4,0.15,1707.01,Credit Card,Delivered
ORD-13685,2025-10-24,CUST-1147,Arjun Yadav,Electronics,Smartphones,OnePlus Phone,West,Gujarat,Ahmedabad,65442.6,2,0.1,55273.88,Debit Card,Delivered
ORD-13686,2025-05-13,CUST-1078,Vikas Singh,Furniture,Lighting,LED Desk Lamp,East,Jharkhand,Jamshedpur,3007.8,1,0.1,2435.04,Debit Card,Delivered
ORD-13687,2025-11-28,CUST-1660,Kavita Gupta,Furniture,Lighting,LED Desk Lamp,North,Punjab,Jalandhar,6558.8,4,0.05,5260.08,Debit Card,Delivered
ORD-13688,2025-08-13,CUST-1439,Amit Gupta,Home Appliances,Kitchen,Mixer Grinder,South,Andhra Pradesh,Vijayawada,3314.7,1,0.1,2250.79,Cash on Delivery,Cancelled
ORD-13689,2025-08-08,CUST-1280,Rohit Agarwal,Home Appliances,Cooling,Air Cooler,South,Andhra Pradesh,Visakhapatnam,30476.0,2,0.05,20158.13,Credit Card,Cancelled
ORD-13690,2025-04-11,CUST-1540,Kavita Yadav,Furniture,Storage,Filing Cabinet,South,Andhra Pradesh,Visakhapatnam,27030.4,4,0.2,22101.08,Net Banking,Shipped
ORD-13691,2025-02-22,CUST-1388,Neha Singh,Electronics,Accessories,Headphones,South,Tamil Nadu,Coimbatore,31320.0,5,0.2,20636.95,Cash on Delivery,Delivered
ORD-13692,2025-04-30,CUST-1751,Neha Singh,Electronics,Accessories,Headphones,North,Rajasthan,Kota,15016.95,3,0.15,9124.6,Credit Card,Delivered
ORD-13693,2025-05-29,CUST-1181,Meena Patel,Home Appliances,Kitchen,Electric Kettle,West,Maharashtra,Nashik,4542.4,2,0.15,2935.64,UPI,Delivered
ORD-13694,2025-08-19,CUST-1414,Kavita Agarwal,Furniture,Lighting,LED Desk Lamp,East,Jharkhand,Jamshedpur,3182.0,1,0.0,2691.41,UPI,Delivered
ORD-13695,2025-11-30,CUST-1591,Kavita Kumar,Electronics,Monitors,Dell Monitor,East,Bihar,Patna,76780.0,4,0.0,58902.41,Credit Card,Delivered
ORD-13696,2025-03-13,CUST-1398,Rohit Sharma,Office Supplies,Equipment,Paper Shredder,South,Tamil Nadu,Chennai,18829.2,4,0.15,12945.94,Cash on Delivery,Shipped
ORD-13697,2025-05-21,CUST-1799,Meena Verma,Furniture,Office Furniture,Bookshelf,East,Jharkhand,Ranchi,11095.05,3,0.15,7317.79,Debit Card,Delivered
ORD-13698,2025-04-04,CUST-1271,Kavita Yadav,Home Appliances,Kitchen,Microwave,South,Andhra Pradesh,Visakhapatnam,61440.0,5,0.0,37036.73,Credit Card,Shipped
ORD-13699,2025-12-13,CUST-1724,Varun Gupta,Home Appliances,Cleaning,Vacuum Cleaner,West,Maharashtra,Mumbai,30384.0,3,0.0,25292.98,UPI,Returned
ORD-13700,2025-05-17,CUST-1632,Amit Kumar,Home Appliances,Cleaning,Vacuum Cleaner,East,Bihar,Gaya,17465.4,2,0.1,11504.68,Net Banking,Returned
ORD-13701,2025-05-31,CUST-1634,Shweta Yadav,Home Appliances,Cooling,Air Cooler,North,Uttar Pradesh,Noida,31665.4,4,0.05,20271.42,Net Banking,Delivered
ORD-13702,2025-07-13,CUST-1748,Anil Mishra,Electronics,Smartphones,Redmi Phone,South,Tamil Nadu,Chennai,12282.5,1,0.15,9749.74,UPI,Returned
ORD-13703,2025-09-01,CUST-1430,Meena Agarwal,Office Supplies,Stationery,Pen Set,East,Bihar,Patna,830.4,3,0.2,576.58,Cash on Delivery,Cancelled
ORD-13704,2025-01-06,CUST-1120,Anjali Jain,Home Appliances,Cleaning,Vacuum Cleaner,North,Delhi,New Delhi,4601.9,1,0.15,3465.08,Cash on Delivery,Cancelled
ORD-13705,2025-02-11,CUST-1357,Neha Jain,Furniture,Office Furniture,Office Desk,West,Gujarat,Vadodara,49806.9,3,0.1,41636.77,Debit Card,Delivered
ORD-13706,2025-04-19,CUST-1186,Vikas Verma,Electronics,Smartphones,iPhone,West,Goa,Margao,97438.05,1,0.15,68256.0,Cash on Delivery,Delivered
ORD-13707,2025-04-17,CUST-1054,Deepak Jain,Office Supplies,Equipment,Calculator,North,Punjab,Amritsar,1897.2,4,0.1,1488.36,Net Banking,Shipped
ORD-13708,2025-07-09,CUST-1726,Anil Sharma,Electronics,Laptops,Dell Laptop,East,Bihar,Gaya,367938.0,5,0.1,224537.49,Cash on Delivery,Cancelled
ORD-13709,2025-02-27,CUST-1066,Kavita Gupta,Furniture,Lighting,Table Lamp,North,Haryana,Panipat,1735.2,1,0.1,1098.53,Net Banking,Returned
ORD-13710,2025-09-23,CUST-1597,Meena Patel,Electronics,Smartphones,iPhone,East,Bihar,Patna,74701.35,1,0.05,46216.19,Debit Card,Delivered
ORD-13711,2025-06-14,CUST-1393,Rahul Jain,Electronics,Smartphones,Redmi Phone,South,Karnataka,Mangaluru,14885.6,1,0.2,10248.31,Cash on Delivery,Shipped
ORD-13712,2025-08-04,CUST-1334,Arjun Patel,Office Supplies,Stationery,Stapler,North,Rajasthan,Jodhpur,1058.4,2,0.1,897.01,Net Banking,Delivered
ORD-13713,2025-11-15,CUST-1790,Sanjay Agarwal,Home Appliances,Cleaning,Vacuum Cleaner,North,Punjab,Amritsar,8932.65,1,0.15,6209.45,Credit Card,Delivered
ORD-13714,2025-01-25,CUST-1381,Pooja Sharma,Electronics,Monitors,Dell Monitor,West,Goa,Margao,13812.05,1,0.05,11453.54,UPI,Delivered
ORD-13715,2025-07-22,CUST-1644,Neha Yadav,Electronics,Monitors,Samsung Monitor,East,West Bengal,Siliguri,24079.5,1,0.1,18324.02,Net Banking,Delivered
ORD-13716,2025-06-18,CUST-1497,Nisha Patel,Electronics,Monitors,LG Monitor,South,Kerala,Kochi,41812.35,3,0.15,26675.91,Cash on Delivery,Returned
ORD-13717,2025-10-31,CUST-1043,Manish Mishra,Home Appliances,Kitchen,Electric Kettle,South,Karnataka,Mangaluru,1054.5,1,0.05,752.8,Debit Card,Delivered
ORD-13718,2025-02-06,CUST-1783,Varun Singh,Electronics,Laptops,HP Laptop,West,Gujarat,Ahmedabad,221402.25,5,0.05,157021.52,Net Banking,Returned
ORD-13719,2025-12-11,CUST-1137,Deepak Agarwal,Furniture,Office Furniture,Office Chair,East,Bihar,Patna,65559.5,5,0.05,40937.63,Debit Card,Delivered
ORD-13720,2025-03-25,CUST-1256,Sneha Jain,Home Appliances,Kitchen,Mixer Grinder,North,Delhi,Delhi,11420.6,2,0.15,7606.89,Credit Card,Returned
ORD-13721,2025-07-06,CUST-1427,Priya Yadav,Office Supplies,Equipment,Calculator,East,Jharkhand,Ranchi,540.9,1,0.1,447.25,Cash on Delivery,Cancelled
ORD-13722,2025-06-29,CUST-1717,Manish Jain,Office Supplies,Stationery,Notebook,North,Punjab,Amritsar,678.3,3,0.05,523.07,Debit Card,Delivered
ORD-13723,2025-10-04,CUST-1110,Nisha Sharma,Electronics,Monitors,Samsung Monitor,East,Jharkhand,Jamshedpur,61875.0,5,0.1,47484.51,UPI,Delivered
ORD-13724,2025-05-19,CUST-1438,Anjali Verma,Home Appliances,Kitchen,Mixer Grinder,West,Goa,Panaji,5247.9,1,0.1,3693.24,Credit Card,Delivered
ORD-13725,2025-07-20,CUST-1439,Nisha Jain,Office Supplies,Stationery,Stapler,West,Goa,Margao,1275.0,4,0.15,1061.81,Net Banking,Delivered
ORD-13726,2025-08-10,CUST-1370,Meena Patel,Furniture,Storage,Storage Cabinet,West,Maharashtra,Pune,15707.2,2,0.2,9825.96,Net Banking,Delivered
ORD-13727,2025-04-05,CUST-1391,Anjali Kumar,Electronics,Monitors,LG Monitor,West,Maharashtra,Nashik,43164.8,2,0.2,28420.75,Credit Card,Cancelled
ORD-13728,2025-06-21,CUST-1551,Rahul Mishra,Office Supplies,Stationery,Stapler,South,Tamil Nadu,Chennai,435.1,2,0.05,298.64,UPI,Returned
ORD-13729,2025-02-25,CUST-1455,Amit Singh,Furniture,Storage,Storage Cabinet,East,Odisha,Cuttack,58763.2,4,0.05,41804.36,Credit Card,Delivered
ORD-13730,2025-11-14,CUST-1766,Rohit Agarwal,Furniture,Office Furniture,Office Desk,East,West Bengal,Siliguri,76708.0,5,0.2,64993.9,Debit Card,Cancelled
ORD-13731,2025-04-11,CUST-1124,Manish Mishra,Home Appliances,Cleaning,Vacuum Cleaner,East,Odisha,Bhubaneswar,13902.6,3,0.15,9020.38,Net Banking,Delivered
ORD-13732,2025-10-22,CUST-1644,Anjali Verma,Office Supplies,Paper,Copy Paper,East,Odisha,Cuttack,2710.0,5,0.0,1886.75,Cash on Delivery,Delivered
ORD-13733,2025-05-29,CUST-1269,Vikas Mishra,Electronics,Monitors,LG Monitor,North,Uttar Pradesh,Prayagraj,57789.0,3,0.0,43125.44,Credit Card,Delivered
ORD-13734,2025-02-23,CUST-1378,Vikas Jain,Office Supplies,Stationery,Notebook,East,Bihar,Gaya,1980.0,4,0.0,1520.07,UPI,Returned
ORD-13735,2025-11-29,CUST-1684,Pooja Kumar,Office Supplies,Stationery,Notebook,North,Punjab,Amritsar,1627.2,4,0.1,1319.31,UPI,Delivered
ORD-13736,2025-07-04,CUST-1391,Meena Verma,Home Appliances,Cooling,Air Cooler,West,Madhya Pradesh,Bhopal,9983.25,1,0.15,6558.75,Net Banking,Delivered
ORD-13737,2025-09-23,CUST-1277,Amit Patel,Electronics,Accessories,Headphones,North,Delhi,Delhi,901.6,1,0.2,542.26,UPI,Shipped
ORD-13738,2025-07-11,CUST-1494,Rohit Kumar,Office Supplies,Stationery,Pen Set,West,Maharashtra,Nagpur,3451.5,5,0.1,2352.97,Credit Card,Shipped
ORD-13739,2025-09-07,CUST-1218,Pooja Jain,Home Appliances,Cleaning,Vacuum Cleaner,North,Haryana,Gurugram,23248.0,5,0.2,15443.89,Cash on Delivery,Shipped
ORD-13740,2025-02-05,CUST-1392,Nisha Kumar,Furniture,Lighting,Table Lamp,South,Kerala,Kochi,3944.0,5,0.15,3281.46,Debit Card,Cancelled
ORD-13741,2025-07-17,CUST-1283,Arjun Mishra,Electronics,Accessories,Headphones,North,Delhi,New Delhi,2828.7,1,0.1,2201.58,UPI,Cancelled
ORD-13742,2025-11-09,CUST-1630,Rahul Jain,Furniture,Office Furniture,Office Chair,North,Rajasthan,Jodhpur,6719.25,1,0.15,5103.52,Net Banking,Delivered
ORD-13743,2025-03-13,CUST-1468,Sanjay Singh,Home Appliances,Cooling,Air Cooler,South,Kerala,Kochi,9773.6,1,0.05,6221.24,Net Banking,Delivered
ORD-13744,2025-06-19,CUST-1600,Rahul Kumar,Furniture,Storage,Filing Cabinet,East,Bihar,Gaya,21335.4,2,0.1,14188.98,Credit Card,Delivered
ORD-13745,2025-06-26,CUST-1215,Shweta Agarwal,Electronics,Smartphones,iPhone,South,Telangana,Warangal,397358.0,5,0.15,267817.13,Net Banking,Delivered
ORD-13746,2025-11-21,CUST-1389,Rahul Sharma,Office Supplies,Stationery,Stapler,East,Bihar,Gaya,650.7,3,0.1,496.93,Credit Card,Delivered
ORD-13747,2025-07-18,CUST-1298,Anil Verma,Office Supplies,Paper,Copy Paper,North,Delhi,Delhi,549.1,1,0.05,425.3,Debit Card,Returned
ORD-13748,2025-03-30,CUST-1439,Rahul Sharma,Furniture,Office Furniture,Bookshelf,East,Bihar,Patna,19807.2,3,0.1,16097.99,Cash on Delivery,Shipped
ORD-13749,2025-04-07,CUST-1551,Meena Mishra,Furniture,Storage,Filing Cabinet,West,Goa,Panaji,32524.4,4,0.15,22133.51,Cash on Delivery,Delivered
ORD-13750,2025-11-15,CUST-1456,Kavita Mishra,Electronics,Smartphones,iPhone,East,Odisha,Cuttack,218329.6,4,0.2,141266.75,Net Banking,Delivered
ORD-13751,2025-08-05,CUST-1356,Kavita Sharma,Electronics,Laptops,Dell Laptop,South,Karnataka,Mangaluru,103888.2,2,0.05,68163.63,Cash on Delivery,Delivered
ORD-13752,2025-07-02,CUST-1216,Arjun Singh,Furniture,Storage,Storage Cabinet,North,Punjab,Amritsar,36285.3,3,0.1,26886.48,Cash on Delivery,Cancelled
ORD-13753,2025-11-18,CUST-1237,Meena Yadav,Office Supplies,Stationery,Pen Set,South,Andhra Pradesh,Vijayawada,960.0,3,0.0,725.58,Credit Card,Delivered
ORD-13754,2025-12-19,CUST-1255,Priya Singh,Home Appliances,Kitchen,Electric Kettle,North,Punjab,Ludhiana,6515.25,3,0.15,5449.29,UPI,Returned
ORD-13755,2025-08-10,CUST-1546,Shweta Patel,Electronics,Monitors,LG Monitor,South,Telangana,Warangal,67815.0,3,0.0,40980.35,UPI,Cancelled
ORD-13756,2025-02-09,CUST-1040,Manish Sharma,Furniture,Office Furniture,Bookshelf,South,Tamil Nadu,Chennai,29859.0,3,0.0,19250.59,Net Banking,Shipped
ORD-13757,2025-09-20,CUST-1230,Vikas Gupta,Office Supplies,Stationery,Pen Set,South,Andhra Pradesh,Visakhapatnam,455.6,2,0.15,366.63,Credit Card,Delivered
ORD-13758,2025-03-07,CUST-1117,Varun Kumar,Electronics,Monitors,Samsung Monitor,West,Gujarat,Surat,16864.2,1,0.1,10643.99,Cash on Delivery,Delivered
ORD-13759,2025-09-08,CUST-1557,Kavita Agarwal,Office Supplies,Equipment,Calculator,North,Uttar Pradesh,Lucknow,1470.5,2,0.15,1079.62,Credit Card,Delivered
ORD-13760,2025-03-31,CUST-1724,Pooja Gupta,Home Appliances,Cooling,Air Cooler,West,Goa,Margao,15553.3,2,0.15,12529.93,Cash on Delivery,Cancelled
ORD-13761,2025-04-07,CUST-1089,Rahul Mishra,Furniture,Office Furniture,Office Chair,East,West Bengal,Siliguri,29884.5,5,0.1,20121.85,Debit Card,Delivered
ORD-13762,2025-08-21,CUST-1573,Sneha Yadav,Furniture,Office Furniture,Office Desk,South,Kerala,Kochi,69248.0,4,0.0,58643.46,Cash on Delivery,Delivered
ORD-13763,2025-01-08,CUST-1638,Meena Patel,Electronics,Accessories,Headphones,East,West Bengal,Siliguri,19448.0,5,0.15,16229.31,Net Banking,Shipped
ORD-13764,2025-10-20,CUST-1622,Shweta Gupta,Electronics,Monitors,Samsung Monitor,North,Rajasthan,Kota,64399.4,4,0.15,40534.75,Credit Card,Cancelled
ORD-13765,2025-02-12,CUST-1613,Amit Sharma,Office Supplies,Paper,Printer Paper,South,Telangana,Hyderabad,2462.4,4,0.1,1797.37,Net Banking,Delivered
ORD-13766,2025-08-20,CUST-1216,Priya Gupta,Electronics,Smartphones,Redmi Phone,South,Tamil Nadu,Coimbatore,77558.4,4,0.2,54926.06,Cash on Delivery,Delivered
ORD-13767,2025-10-04,CUST-1764,Arjun Gupta,Furniture,Office Furniture,Office Chair,North,Uttar Pradesh,Noida,43232.0,4,0.0,29232.36,Cash on Delivery,Delivered
ORD-13768,2025-08-25,CUST-1212,Meena Yadav,Electronics,Laptops,Lenovo Laptop,West,Goa,Panaji,175353.3,3,0.15,108122.61,UPI,Delivered
ORD-13769,2025-12-15,CUST-1057,Vikas Agarwal,Office Supplies,Equipment,Paper Shredder,West,Madhya Pradesh,Bhopal,30788.0,5,0.2,19927.93,Debit Card,Returned
ORD-13770,2025-09-24,CUST-1307,Manish Kumar,Office Supplies,Equipment,Paper Shredder,South,Tamil Nadu,Chennai,16104.0,3,0.0,10342.08,Cash on Delivery,Delivered
ORD-13771,2025-01-24,CUST-1435,Vikas Sharma,Office Supplies,Stationery,Stapler,North,Rajasthan,Jaipur,1206.0,5,0.1,761.03,Debit Card,Cancelled
ORD-13772,2025-02-23,CUST-1299,Amit Mishra,Electronics,Laptops,Dell Laptop,North,Rajasthan,Jodhpur,219790.8,3,0.1,171171.96,Cash on Delivery,Cancelled
ORD-13773,2025-07-25,CUST-1225,Anjali Kumar,Home Appliances,Cleaning,Vacuum Cleaner,North,Delhi,New Delhi,18444.6,2,0.1,14245.3,Cash on Delivery,Cancelled
ORD-13774,2025-04-02,CUST-1293,Unknown Customer,Furniture,Storage,Filing Cabinet,East,West Bengal,Siliguri,27072.5,5,0.15,18160.07,Debit Card,Delivered
ORD-13775,2025-07-08,CUST-1689,Deepak Patel,Home Appliances,Cleaning,Vacuum Cleaner,East,Odisha,Bhubaneswar,14312.0,1,0.0,10548.25,Cash on Delivery,Delivered
ORD-13776,2025-03-26,CUST-1157,Varun Yadav,Furniture,Lighting,Table Lamp,East,West Bengal,Siliguri,13995.0,5,0.0,8961.69,Cash on Delivery,Returned
ORD-13777,2025-08-28,CUST-1602,Amit Patel,Electronics,Monitors,Samsung Monitor,East,Bihar,Gaya,10583.35,1,0.15,7253.77,Credit Card,Delivered
ORD-13778,2025-03-02,CUST-1451,Rahul Singh,Home Appliances,Cooling,Air Cooler,West,Gujarat,Ahmedabad,12500.1,1,0.15,7660.79,Credit Card,Delivered
ORD-13779,2025-09-03,CUST-1354,Nisha Agarwal,Home Appliances,Kitchen,Microwave,South,Telangana,Hyderabad,15162.0,2,0.0,10322.79,Credit Card,Delivered
ORD-13780,2025-01-13,CUST-1008,Manish Singh,Office Supplies,Paper,Copy Paper,West,Madhya Pradesh,Indore,329.65,1,0.05,203.55,UPI,Delivered
ORD-13781,2025-02-16,CUST-1610,Anjali Jain,Office Supplies,Stationery,Notebook,South,Andhra Pradesh,Visakhapatnam,1479.0,4,0.15,960.42,Debit Card,Delivered
ORD-13782,2025-04-19,CUST-1019,Shweta Patel,Electronics,Smartphones,Samsung Galaxy,North,Delhi,Delhi,116010.9,3,0.1,75290.65,Net Banking,Delivered
ORD-13783,2025-09-12,CUST-1091,Manish Yadav,Office Supplies,Stationery,Stapler,West,Madhya Pradesh,Bhopal,1373.7,3,0.05,887.32,Credit Card,Delivered
ORD-13784,2025-03-13,CUST-1333,Manish Kumar,Home Appliances,Cooling,Air Cooler,West,Gujarat,Vadodara,40203.3,3,0.15,27692.9,Net Banking,Delivered
ORD-13785,2025-06-11,CUST-1563,Deepak Gupta,Home Appliances,Kitchen,Electric Kettle,West,Gujarat,Ahmedabad,8820.0,4,0.0,7396.89,Debit Card,Delivered
ORD-13786,2025-03-15,CUST-1201,Anil Mishra,Office Supplies,Paper,Copy Paper,West,Maharashtra,Pune,1770.0,5,0.0,1452.96,Net Banking,Delivered
ORD-13787,2025-01-08,CUST-1110,Pooja Gupta,Furniture,Lighting,LED Desk Lamp,South,Kerala,Kochi,6619.5,5,0.1,4140.84,UPI,Cancelled
ORD-13788,2025-06-27,CUST-1129,Pooja Patel,Office Supplies,Stationery,Pen Set,East,Bihar,Gaya,332.5,2,0.05,275.24,Net Banking,Delivered
ORD-13789,2025-12-17,CUST-1321,Varun Gupta,Home Appliances,Cooling,Air Cooler,East,Jharkhand,Jamshedpur,60472.8,4,0.1,42177.81,Credit Card,Delivered
ORD-13790,2025-11-02,CUST-1527,Anjali Gupta,Furniture,Office Furniture,Office Chair,North,Uttar Pradesh,Kanpur,48243.2,4,0.2,37830.49,Cash on Delivery,Delivered
ORD-13791,2025-02-18,CUST-1464,Amit Singh,Home Appliances,Kitchen,Microwave,East,Jharkhand,Ranchi,46552.0,5,0.2,29025.44,Cash on Delivery,Delivered
ORD-13792,2025-03-03,CUST-1316,Kavita Mishra,Electronics,Smartphones,iPhone,East,West Bengal,Siliguri,527238.0,5,0.1,444815.39,Credit Card,Delivered
ORD-13793,2025-01-15,CUST-1429,Ritu Singh,Office Supplies,Equipment,Paper Shredder,South,Andhra Pradesh,Visakhapatnam,6513.0,1,0.0,5134.4,Cash on Delivery,Delivered
ORD-13794,2025-07-15,CUST-1072,Neha Patel,Furniture,Lighting,LED Desk Lamp,South,Andhra Pradesh,Vijayawada,10115.2,4,0.2,6185.38,Cash on Delivery,Shipped
ORD-13795,2025-06-21,CUST-1045,Anjali Patel,Furniture,Storage,Storage Cabinet,North,Delhi,New Delhi,6918.85,1,0.05,4236.53,Net Banking,Delivered
ORD-13796,2025-01-13,CUST-1666,Vikas Gupta,Furniture,Lighting,Table Lamp,West,Goa,Panaji,2567.85,1,0.05,1635.19,UPI,Returned
ORD-13797,2025-04-15,CUST-1249,Neha Jain,Office Supplies,Stationery,Notebook,South,Tamil Nadu,Chennai,178.4,1,0.2,133.02,Net Banking,Returned
ORD-13798,2025-05-05,CUST-1555,Kavita Patel,Home Appliances,Cleaning,Vacuum Cleaner,South,Kerala,Thiruvananthapuram,22828.0,2,0.0,17319.7,Debit Card,Delivered
ORD-13799,2025-03-08,CUST-1608,Pooja Yadav,Office Supplies,Equipment,Paper Shredder,West,Maharashtra,Nagpur,31887.0,5,0.1,22795.29,Credit Card,Delivered
ORD-13800,2025-07-26,CUST-1159,Amit Yadav,Office Supplies,Equipment,Calculator,North,Punjab,Jalandhar,6523.75,5,0.15,4144.58,Credit Card,Returned
ORD-13801,2025-10-30,CUST-1527,Anil Verma,Office Supplies,Stationery,Stapler,South,Karnataka,Bengaluru,489.6,2,0.1,403.73,Cash on Delivery,Cancelled
ORD-13802,2025-10-09,CUST-1119,Anil Agarwal,Electronics,Monitors,Dell Monitor,East,Bihar,Patna,61312.0,4,0.2,51494.09,UPI,Returned
ORD-13803,2025-05-25,CUST-1290,Deepak Singh,Electronics,Smartphones,iPhone,East,West Bengal,Kolkata,314850.0,3,0.0,251579.81,Net Banking,Delivered
ORD-13804,2025-12-12,CUST-1387,Shweta Gupta,Electronics,Monitors,Dell Monitor,East,Bihar,Gaya,66967.4,4,0.05,44207.3,UPI,Delivered
ORD-13805,2025-09-08,CUST-1015,Priya Agarwal,Furniture,Storage,Storage Cabinet,West,Maharashtra,Mumbai,15079.0,2,0.15,12263.1,Debit Card,Shipped
ORD-13806,2025-05-18,CUST-1126,Priya Singh,Office Supplies,Stationery,Pen Set,West,Gujarat,Vadodara,717.4,2,0.15,523.17,UPI,Delivered
ORD-13807,2025-05-25,CUST-1795,Arjun Yadav,Electronics,Smartphones,OnePlus Phone,East,Odisha,Cuttack,144230.0,5,0.0,114520.43,Credit Card,Returned
ORD-13808,2025-11-06,CUST-1665,Rohit Mishra,Office Supplies,Equipment,Calculator,West,Maharashtra,Mumbai,2192.0,1,0.0,1366.58,Net Banking,Delivered
ORD-13809,2025-03-09,CUST-1196,Neha Gupta,Electronics,Laptops,Lenovo Laptop,West,Madhya Pradesh,Bhopal,45077.5,1,0.05,34858.99,Debit Card,Delivered
ORD-13810,2025-04-27,CUST-1084,Pooja Agarwal,Furniture,Storage,Filing Cabinet,East,Jharkhand,Ranchi,45411.2,4,0.2,29291.05,Cash on Delivery,Cancelled
ORD-13811,2025-10-12,CUST-1570,Arjun Agarwal,Furniture,Lighting,Table Lamp,East,West Bengal,Kolkata,7247.1,3,0.15,5701.97,Debit Card,Delivered
ORD-13812,2025-01-07,CUST-1664,Arjun Agarwal,Electronics,Smartphones,OnePlus Phone,South,Karnataka,Mangaluru,39127.0,1,0.0,30365.53,Debit Card,Returned
ORD-13813,2025-09-19,CUST-1177,Varun Verma,Office Supplies,Paper,Copy Paper,West,Gujarat,Ahmedabad,1836.0,4,0.15,1346.03,Cash on Delivery,Delivered
ORD-13814,2025-03-17,CUST-1336,Shweta Yadav,Electronics,Laptops,ASUS Laptop,South,Telangana,Hyderabad,254297.6,4,0.2,166951.35,Debit Card,Delivered
ORD-13815,2025-01-04,CUST-1063,Arjun Verma,Furniture,Lighting,Table Lamp,West,Maharashtra,Mumbai,1541.9,2,0.15,1224.29,Net Banking,Delivered
ORD-13816,2025-09-02,CUST-1005,Pooja Verma,Home Appliances,Cleaning,Vacuum Cleaner,East,Jharkhand,Jamshedpur,11855.2,1,0.2,8561.67,Cash on Delivery,Delivered
ORD-13817,2025-09-25,CUST-1073,Ritu Verma,Furniture,Storage,Storage Cabinet,East,Jharkhand,Ranchi,18665.1,3,0.1,12925.04,Credit Card,Returned
ORD-13818,2025-06-08,CUST-1511,Kavita Singh,Furniture,Lighting,LED Desk Lamp,North,Delhi,Delhi,1766.4,2,0.2,1092.69,UPI,Cancelled
ORD-13819,2025-05-20,CUST-1599,Varun Verma,Electronics,Laptops,HP Laptop,East,Bihar,Patna,159225.4,4,0.15,112392.36,Cash on Delivery,Delivered
ORD-13820,2025-05-05,CUST-1449,Vikas Verma,Office Supplies,Equipment,Calculator,West,Gujarat,Surat,4455.0,3,0.0,3540.63,Debit Card,Cancelled
ORD-13821,2025-08-22,CUST-1091,Sanjay Yadav,Home Appliances,Cooling,Air Cooler,West,Madhya Pradesh,Indore,14577.5,1,0.15,9896.4,Net Banking,Delivered
ORD-13822,2025-08-23,CUST-1098,Priya Agarwal,Furniture,Office Furniture,Office Desk,North,Uttar Pradesh,Lucknow,9140.8,1,0.2,7058.45,UPI,Cancelled
ORD-13823,2025-06-22,CUST-1642,Ritu Patel,Home Appliances,Cooling,Air Cooler,South,Telangana,Warangal,32356.8,4,0.1,25249.93,Debit Card,Delivered
ORD-13824,2025-06-26,CUST-1472,Anjali Verma,Furniture,Storage,Storage Cabinet,West,Maharashtra,Pune,27088.0,5,0.2,19082.08,Cash on Delivery,Delivered
ORD-13825,2025-12-11,CUST-1779,Ritu Gupta,Office Supplies,Stationery,Notebook,North,Punjab,Ludhiana,1734.0,5,0.15,1274.57,Credit Card,Delivered
ORD-13826,2025-03-05,CUST-1708,Amit Verma,Furniture,Office Furniture,Bookshelf,South,Tamil Nadu,Madurai,8596.0,1,0.0,5259.55,Net Banking,Returned
ORD-13827,2025-08-04,CUST-1353,Nisha Kumar,Electronics,Monitors,LG Monitor,North,Uttar Pradesh,Varanasi,25687.05,3,0.05,20768.57,Net Banking,Shipped
ORD-13828,2025-09-08,CUST-1039,Meena Sharma,Home Appliances,Cooling,Air Cooler,West,Maharashtra,Pune,35351.4,3,0.05,24701.18,UPI,Returned
ORD-13829,2025-11-01,CUST-1782,Shweta Verma,Office Supplies,Equipment,Calculator,South,Andhra Pradesh,Visakhapatnam,2624.8,4,0.15,1959.91,Net Banking,Delivered
ORD-13830,2025-07-31,CUST-1718,Manish Yadav,Home Appliances,Cooling,Air Cooler,East,Jharkhand,Ranchi,21681.6,3,0.2,15237.01,Cash on Delivery,Cancelled
ORD-13831,2025-06-03,CUST-1690,Sanjay Yadav,Home Appliances,Cooling,Air Cooler,North,Punjab,Amritsar,21594.45,3,0.05,14348.55,Credit Card,Returned
ORD-13832,2025-08-16,CUST-1771,Sneha Sharma,Office Supplies,Paper,Printer Paper,West,Maharashtra,Nashik,1339.5,3,0.05,892.61,Cash on Delivery,Delivered
ORD-13833,2025-10-06,CUST-1761,Nisha Jain,Electronics,Laptops,Dell Laptop,East,Jharkhand,Jamshedpur,229592.0,5,0.2,149286.54,Net Banking,Delivered
ORD-13834,2025-08-13,CUST-1286,Anil Kumar,Furniture,Storage,Storage Cabinet,South,Karnataka,Bengaluru,28585.5,2,0.05,21052.0,UPI,Delivered
ORD-13835,2025-01-09,CUST-1300,Pooja Singh,Furniture,Storage,Storage Cabinet,West,Madhya Pradesh,Indore,16206.1,2,0.15,12410.62,Net Banking,Delivered
ORD-13836,2025-04-30,CUST-1049,Ritu Patel,Office Supplies,Paper,Copy Paper,North,Delhi,Delhi,1872.0,4,0.2,1255.79,Credit Card,Returned
ORD-13837,2025-04-02,CUST-1065,Rahul Patel,Home Appliances,Kitchen,Microwave,West,Goa,Margao,68020.0,4,0.05,41785.33,Net Banking,Shipped
ORD-13838,2025-01-02,CUST-1587,Meena Verma,Home Appliances,Kitchen,Microwave,West,Madhya Pradesh,Indore,13420.8,1,0.2,9301.37,UPI,Returned
ORD-13839,2025-01-21,CUST-1221,Neha Yadav,Home Appliances,Kitchen,Mixer Grinder,South,Telangana,Warangal,2636.25,1,0.05,1928.86,Debit Card,Delivered
ORD-13840,2025-10-30,CUST-1720,Priya Mishra,Office Supplies,Paper,Copy Paper,North,Uttar Pradesh,Lucknow,362.1,1,0.15,294.34,Net Banking,Cancelled
ORD-13841,2025-05-02,CUST-1043,Neha Agarwal,Home Appliances,Kitchen,Mixer Grinder,South,Kerala,Thiruvananthapuram,3841.0,1,0.0,2737.67,Cash on Delivery,Shipped
ORD-13842,2025-04-02,CUST-1575,Manish Patel,Home Appliances,Kitchen,Mixer Grinder,North,Punjab,Ludhiana,10907.2,2,0.15,8459.65,UPI,Cancelled
ORD-13843,2025-08-22,CUST-1190,Amit Gupta,Furniture,Office Furniture,Bookshelf,South,Telangana,Hyderabad,42804.0,4,0.1,30181.57,Net Banking,Shipped
ORD-13844,2025-05-19,CUST-1385,Pooja Jain,Office Supplies,Stationery,Pen Set,West,Gujarat,Ahmedabad,1847.75,5,0.05,1302.0,Cash on Delivery,Shipped
ORD-13845,2025-09-18,CUST-1564,Rahul Agarwal,Office Supplies,Paper,Copy Paper,East,Odisha,Cuttack,1797.75,5,0.15,1325.46,Net Banking,Returned
ORD-13846,2025-06-03,CUST-1376,Anil Patel,Home Appliances,Cooling,Air Cooler,South,Telangana,Hyderabad,29572.8,3,0.2,22781.58,Cash on Delivery,Cancelled
ORD-13847,2025-10-14,CUST-1372,Anil Yadav,Home Appliances,Kitchen,Microwave,West,Gujarat,Ahmedabad,6732.8,1,0.2,4825.6,Cash on Delivery,Delivered
ORD-13848,2025-05-04,CUST-1266,Anil Kumar,Home Appliances,Cleaning,Vacuum Cleaner,West,Madhya Pradesh,Indore,26316.8,4,0.2,18722.91,UPI,Delivered
ORD-13849,2025-04-09,CUST-1069,Ritu Jain,Home Appliances,Cooling,Air Cooler,East,Bihar,Gaya,10171.2,1,0.2,7388.15,Cash on Delivery,Cancelled
ORD-13850,2025-07-15,CUST-1449,Varun Singh,Electronics,Monitors,LG Monitor,North,Punjab,Jalandhar,79475.0,5,0.15,51170.83,UPI,Delivered
ORD-13851,2025-04-18,CUST-1269,Anjali Mishra,Home Appliances,Cleaning,Vacuum Cleaner,North,Rajasthan,Kota,26436.0,3,0.0,16738.21,Debit Card,Delivered
ORD-13852,2025-12-13,CUST-1240,Ritu Singh,Home Appliances,Cleaning,Vacuum Cleaner,East,West Bengal,Siliguri,30992.7,3,0.15,24854.37,UPI,Delivered
ORD-13853,2025-01-08,CUST-1785,Neha Patel,Home Appliances,Kitchen,Mixer Grinder,South,Andhra Pradesh,Visakhapatnam,15751.95,3,0.05,10175.67,Debit Card,Delivered
ORD-13854,2025-03-10,CUST-1270,Pooja Mishra,Office Supplies,Equipment,Paper Shredder,West,Gujarat,Vadodara,36598.75,5,0.05,30373.16,UPI,Delivered
ORD-13855,2025-10-06,CUST-1245,Vikas Sharma,Electronics,Laptops,Dell Laptop,South,Tamil Nadu,Coimbatore,82799.0,1,0.0,50918.57,UPI,Cancelled
ORD-13856,2025-05-23,CUST-1616,Ritu Sharma,Home Appliances,Cooling,Air Cooler,North,Rajasthan,Jodhpur,30334.8,3,0.15,23391.46,Credit Card,Delivered
ORD-13857,2025-12-18,CUST-1661,Manish Singh,Electronics,Smartphones,OnePlus Phone,South,Tamil Nadu,Madurai,34677.45,1,0.15,24189.49,Debit Card,Shipped
ORD-13858,2025-09-22,CUST-1255,Neha Patel,Home Appliances,Cooling,Air Cooler,North,Rajasthan,Jodhpur,13222.4,2,0.2,11174.57,Net Banking,Delivered
ORD-13859,2025-09-19,CUST-1280,Priya Yadav,Furniture,Storage,Filing Cabinet,South,Kerala,Kochi,16650.0,2,0.1,11623.25,Cash on Delivery,Shipped
ORD-13860,2025-05-22,CUST-1357,Shweta Jain,Home Appliances,Cleaning,Vacuum Cleaner,North,Rajasthan,Jaipur,41922.0,5,0.15,30649.78,UPI,Returned
ORD-13861,2025-08-02,CUST-1151,Anjali Kumar,Furniture,Storage,Storage Cabinet,East,Odisha,Cuttack,35254.5,3,0.05,21876.36,Cash on Delivery,Cancelled
ORD-13862,2025-05-24,CUST-1144,Rahul Patel,Furniture,Lighting,Table Lamp,South,Kerala,Thiruvananthapuram,14560.0,5,0.0,11230.98,Credit Card,Delivered
ORD-13863,2025-01-20,CUST-1187,Anil Mishra,Electronics,Smartphones,Redmi Phone,North,Delhi,Delhi,95690.0,5,0.0,65181.78,UPI,Cancelled
ORD-13864,2025-07-18,CUST-1686,Priya Singh,Electronics,Accessories,Mouse,South,Kerala,Kochi,8088.0,4,0.0,6095.3,UPI,Delivered
ORD-13865,2025-04-01,CUST-1163,Anjali Sharma,Home Appliances,Cooling,Air Cooler,East,Bihar,Gaya,14676.1,2,0.15,10521.67,Debit Card,Shipped
ORD-13866,2025-06-08,CUST-1433,Arjun Gupta,Furniture,Office Furniture,Office Chair,North,Uttar Pradesh,Kanpur,71455.5,5,0.1,57360.93,Credit Card,Delivered
ORD-13867,2025-08-11,CUST-1493,Deepak Sharma,Electronics,Accessories,Headphones,West,Goa,Panaji,19553.4,3,0.1,14677.34,Cash on Delivery,Delivered
ORD-13868,2025-10-07,CUST-1153,Vikas Kumar,Electronics,Smartphones,iPhone,South,Karnataka,Bengaluru,280171.2,3,0.2,203251.6,Cash on Delivery,Delivered
ORD-13869,2025-11-12,CUST-1173,Manish Sharma,Electronics,Smartphones,iPhone,East,West Bengal,Siliguri,191620.6,4,0.15,136555.17,UPI,Delivered
ORD-13870,2025-09-13,CUST-1635,Sanjay Kumar,Home Appliances,Cleaning,Vacuum Cleaner,West,Goa,Margao,6354.55,1,0.05,5146.63,Debit Card,Returned
ORD-13871,2025-12-22,CUST-1426,Ritu Agarwal,Electronics,Smartphones,iPhone,South,Karnataka,Mangaluru,144675.0,2,0.1,98281.1,Net Banking,Delivered
ORD-13872,2025-10-20,CUST-1287,Anjali Jain,Electronics,Laptops,HP Laptop,West,Goa,Panaji,131540.4,2,0.1,97168.54,Debit Card,Shipped
ORD-13873,2025-12-31,CUST-1488,Vikas Yadav,Home Appliances,Cleaning,Vacuum Cleaner,South,Tamil Nadu,Madurai,26084.0,2,0.0,19601.74,Net Banking,Delivered
ORD-13874,2025-04-05,CUST-1114,Amit Singh,Furniture,Lighting,Table Lamp,South,Andhra Pradesh,Visakhapatnam,6191.4,4,0.15,5225.32,Debit Card,Shipped
ORD-13875,2025-09-10,CUST-1043,Pooja Patel,Home Appliances,Cooling,Air Cooler,West,Maharashtra,Mumbai,32009.3,2,0.05,21970.32,Credit Card,Delivered
ORD-13876,2025-10-25,CUST-1342,Amit Singh,Home Appliances,Kitchen,Electric Kettle,North,Uttar Pradesh,Lucknow,1016.0,1,0.0,746.15,Credit Card,Delivered
ORD-13877,2025-03-07,CUST-1057,Neha Gupta,Furniture,Lighting,LED Desk Lamp,South,Tamil Nadu,Chennai,3843.2,4,0.2,2854.77,UPI,Delivered
ORD-13878,2025-08-06,CUST-1393,Anil Agarwal,Office Supplies,Paper,Printer Paper,North,Uttar Pradesh,Lucknow,1693.2,3,0.15,1364.91,Cash on Delivery,Shipped
ORD-13879,2025-02-21,CUST-1788,Rohit Agarwal,Home Appliances,Cleaning,Vacuum Cleaner,South,Andhra Pradesh,Vijayawada,9280.0,1,0.2,6799.58,Cash on Delivery,Delivered
ORD-13880,2025-08-25,CUST-1735,Anjali Sharma,Electronics,Accessories,Keyboard,South,Kerala,Kochi,4452.0,2,0.0,2842.3,Debit Card,Returned
ORD-13881,2025-06-24,CUST-1016,Pooja Gupta,Office Supplies,Stationery,Pen Set,South,Kerala,Kochi,659.6,1,0.15,496.09,Debit Card,Returned
ORD-13882,2025-11-22,CUST-1762,Priya Yadav,Home Appliances,Cleaning,Vacuum Cleaner,West,Madhya Pradesh,Indore,28188.0,3,0.2,22951.5,UPI,Delivered
ORD-13883,2025-03-26,CUST-1732,Ritu Kumar,Electronics,Laptops,Dell Laptop,North,Uttar Pradesh,Lucknow,255519.6,4,0.05,181888.21,Debit Card,Delivered
ORD-13884,2025-02-19,CUST-1018,Sneha Gupta,Furniture,Storage,Filing Cabinet,South,Tamil Nadu,Chennai,21892.6,2,0.15,17406.77,Credit Card,Cancelled
ORD-13885,2025-03-14,CUST-1215,Deepak Kumar,Office Supplies,Paper,Printer Paper,West,Maharashtra,Mumbai,1706.8,4,0.15,1181.57,Cash on Delivery,Delivered
ORD-13886,2025-08-12,CUST-1081,Rahul Sharma,Electronics,Laptops,ASUS Laptop,North,Uttar Pradesh,Varanasi,106372.4,2,0.15,80002.42,Credit Card,Shipped
ORD-13887,2025-04-21,CUST-1641,Manish Kumar,Furniture,Storage,Storage Cabinet,North,Punjab,Ludhiana,13341.6,2,0.1,11240.77,Debit Card,Cancelled
ORD-13888,2025-06-29,CUST-1693,Ritu Sharma,Office Supplies,Paper,Copy Paper,North,Rajasthan,Jodhpur,1672.0,4,0.0,1399.02,Credit Card,Delivered
ORD-13889,2025-09-18,CUST-1781,Deepak Jain,Electronics,Monitors,LG Monitor,South,Tamil Nadu,Coimbatore,52125.6,3,0.2,43431.37,Debit Card,Delivered
ORD-13890,2025-02-23,CUST-1684,Manish Jain,Office Supplies,Stationery,Stapler,North,Delhi,Delhi,794.4,3,0.2,521.48,Net Banking,Cancelled
ORD-13891,2025-05-24,CUST-1331,Kavita Sharma,Furniture,Office Furniture,Office Desk,North,Haryana,Faridabad,10188.0,1,0.0,7188.23,Credit Card,Delivered
ORD-13892,2025-01-23,CUST-1355,Varun Patel,Home Appliances,Cooling,Air Cooler,East,West Bengal,Kolkata,16273.0,1,0.0,11936.26,Net Banking,Delivered
ORD-13893,2025-11-28,CUST-1664,Sneha Agarwal,Home Appliances,Cooling,Air Cooler,West,Madhya Pradesh,Bhopal,18952.8,3,0.2,13426.43,Net Banking,Delivered
ORD-13894,2025-11-09,CUST-1369,Pooja Yadav,Furniture,Lighting,Table Lamp,North,Uttar Pradesh,Prayagraj,740.35,1,0.15,502.18,Net Banking,Delivered
ORD-13895,2025-04-23,CUST-1370,Nisha Gupta,Office Supplies,Stationery,Notebook,North,Rajasthan,Jodhpur,804.0,4,0.0,674.91,Cash on Delivery,Returned
ORD-13896,2025-03-10,CUST-1514,Shweta Yadav,Home Appliances,Kitchen,Electric Kettle,North,Rajasthan,Kota,7850.6,4,0.15,5780.93,Credit Card,Delivered
ORD-13897,2025-06-12,CUST-1676,Arjun Patel,Furniture,Office Furniture,Office Desk,East,Odisha,Bhubaneswar,58585.5,5,0.1,46484.05,Cash on Delivery,Returned
ORD-13898,2025-05-04,CUST-1056,Amit Gupta,Office Supplies,Paper,Printer Paper,West,Maharashtra,Nashik,1703.7,3,0.1,1285.06,UPI,Shipped
ORD-13899,2025-09-23,CUST-1357,Deepak Kumar,Furniture,Storage,Filing Cabinet,South,Karnataka,Mangaluru,39196.8,4,0.2,31194.77,Debit Card,Delivered
ORD-13900,2025-09-12,CUST-1597,Manish Singh,Home Appliances,Cooling,Air Cooler,North,Rajasthan,Jaipur,11938.25,1,0.15,9149.09,UPI,Delivered
ORD-13901,2025-04-26,CUST-1292,Rahul Singh,Home Appliances,Kitchen,Microwave,North,Haryana,Gurugram,31191.6,3,0.15,24616.86,Debit Card,Delivered
ORD-13902,2025-08-31,CUST-1642,Meena Verma,Electronics,Laptops,HP Laptop,West,Maharashtra,Mumbai,49837.0,1,0.05,30637.06,Credit Card,Cancelled
ORD-13903,2025-03-02,CUST-1283,Nisha Patel,Electronics,Laptops,Dell Laptop,North,Punjab,Ludhiana,302970.0,5,0.0,208687.66,Cash on Delivery,Returned
ORD-13904,2025-02-09,CUST-1595,Vikas Agarwal,Office Supplies,Stationery,Stapler,East,Bihar,Gaya,2088.0,4,0.1,1421.04,UPI,Shipped
ORD-13905,2025-06-08,CUST-1437,Nisha Patel,Furniture,Office Furniture,Office Desk,North,Punjab,Jalandhar,60804.0,3,0.1,43891.17,UPI,Cancelled
ORD-13906,2025-10-30,CUST-1107,Varun Jain,Electronics,Smartphones,OnePlus Phone,East,West Bengal,Kolkata,142821.25,5,0.15,98101.87,UPI,Shipped
ORD-13907,2025-08-29,CUST-1548,Shweta Yadav,Home Appliances,Cleaning,Vacuum Cleaner,North,Delhi,Delhi,46096.0,4,0.2,37710.06,Net Banking,Returned
ORD-13908,2025-08-20,CUST-1691,Amit Jain,Home Appliances,Cleaning,Vacuum Cleaner,East,Jharkhand,Jamshedpur,37696.65,3,0.15,26786.45,Debit Card,Shipped
ORD-13909,2025-08-26,CUST-1503,Anjali Agarwal,Electronics,Accessories,Mouse,South,Andhra Pradesh,Vijayawada,1748.0,1,0.2,1106.97,Credit Card,Returned
ORD-13910,2025-09-01,CUST-1241,Deepak Patel,Office Supplies,Equipment,Calculator,South,Telangana,Warangal,2359.6,2,0.15,1747.51,Net Banking,Returned
ORD-13911,2025-06-22,CUST-1460,Rahul Agarwal,Office Supplies,Paper,Printer Paper,South,Andhra Pradesh,Visakhapatnam,987.0,3,0.0,832.3,Credit Card,Delivered
ORD-13912,2025-02-04,CUST-1255,Manish Sharma,Electronics,Smartphones,OnePlus Phone,West,Madhya Pradesh,Bhopal,214690.5,5,0.1,170529.66,Net Banking,Delivered
ORD-13913,2025-11-13,CUST-1775,Manish Sharma,Home Appliances,Cooling,Air Cooler,South,Kerala,Kochi,89500.0,5,0.0,63040.04,Credit Card,Cancelled
ORD-13914,2025-12-06,CUST-1665,Anil Mishra,Office Supplies,Equipment,Calculator,West,Gujarat,Surat,9316.0,5,0.15,6312.25,Net Banking,Delivered
ORD-13915,2025-11-23,CUST-1560,Varun Jain,Electronics,Accessories,Keyboard,East,Jharkhand,Ranchi,7912.8,3,0.2,5996.4,Cash on Delivery,Delivered
ORD-13916,2025-05-03,CUST-1263,Manish Yadav,Electronics,Accessories,Keyboard,West,Maharashtra,Nagpur,10123.2,4,0.05,6747.1,Cash on Delivery,Shipped
ORD-13917,2025-07-14,CUST-1168,Nisha Agarwal,Furniture,Office Furniture,Office Desk,North,Uttar Pradesh,Kanpur,74419.2,4,0.15,45802.52,Cash on Delivery,Delivered
ORD-13918,2025-09-19,CUST-1477,Rohit Agarwal,Office Supplies,Equipment,Calculator,North,Uttar Pradesh,Varanasi,1475.0,1,0.0,1220.58,Cash on Delivery,Shipped
ORD-13919,2025-12-09,CUST-1023,Vikas Singh,Home Appliances,Kitchen,Microwave,North,Delhi,New Delhi,9113.4,1,0.1,6344.72,UPI,Delivered
ORD-13920,2025-05-02,CUST-1303,Anil Agarwal,Home Appliances,Cleaning,Vacuum Cleaner,West,Maharashtra,Nagpur,31104.0,3,0.0,24934.28,Credit Card,Delivered
ORD-13921,2025-04-16,CUST-1349,Neha Patel,Electronics,Monitors,Samsung Monitor,North,Haryana,Faridabad,88574.2,4,0.05,53665.04,Credit Card,Delivered
ORD-13922,2025-04-13,CUST-1239,Ritu Yadav,Electronics,Laptops,ASUS Laptop,West,Madhya Pradesh,Indore,177167.4,3,0.05,120720.79,Debit Card,Returned
ORD-13923,2025-11-30,CUST-1002,Anil Patel,Furniture,Storage,Storage Cabinet,North,Haryana,Faridabad,21494.8,4,0.15,16396.68,Cash on Delivery,Delivered
ORD-13924,2025-11-17,CUST-1799,Sneha Agarwal,Electronics,Monitors,LG Monitor,North,Delhi,Delhi,32362.2,2,0.1,23847.36,Net Banking,Delivered
ORD-13925,2025-10-26,CUST-1067,Priya Gupta,Office Supplies,Stationery,Pen Set,West,Maharashtra,Mumbai,569.7,1,0.1,347.41,Net Banking,Delivered
ORD-13926,2025-11-03,CUST-1158,Meena Kumar,Furniture,Office Furniture,Office Desk,East,Odisha,Bhubaneswar,9611.0,1,0.0,6485.57,Cash on Delivery,Delivered
ORD-13927,2025-03-30,CUST-1440,Arjun Gupta,Electronics,Smartphones,Samsung Galaxy,West,Madhya Pradesh,Bhopal,50858.4,3,0.2,31723.75,Net Banking,Returned
ORD-13928,2025-04-19,CUST-1245,Shweta Singh,Office Supplies,Equipment,Calculator,South,Kerala,Kochi,3654.4,2,0.2,2584.11,Net Banking,Cancelled
ORD-13929,2025-03-03,CUST-1114,Meena Singh,Furniture,Office Furniture,Office Chair,West,Maharashtra,Pune,29780.6,4,0.05,23512.92,UPI,Shipped
ORD-13930,2025-04-19,CUST-1672,Meena Singh,Home Appliances,Cleaning,Vacuum Cleaner,West,Goa,Panaji,42075.0,4,0.15,26531.92,Cash on Delivery,Delivered
ORD-13931,2025-01-05,CUST-1504,Meena Verma,Furniture,Office Furniture,Office Chair,North,Haryana,Gurugram,42768.0,3,0.0,28322.1,Credit Card,Delivered
ORD-13932,2025-04-16,CUST-1085,Neha Gupta,Home Appliances,Cooling,Air Cooler,West,Madhya Pradesh,Bhopal,35400.0,3,0.0,28067.09,UPI,Shipped
ORD-13933,2025-05-10,CUST-1107,Arjun Agarwal,Furniture,Lighting,Table Lamp,East,West Bengal,Siliguri,2846.2,1,0.05,1914.23,Net Banking,Shipped
ORD-13934,2025-03-24,CUST-1100,Pooja Gupta,Electronics,Smartphones,Redmi Phone,East,Bihar,Gaya,69514.35,3,0.05,44167.87,Credit Card,Delivered
ORD-13935,2025-03-13,CUST-1142,Arjun Singh,Furniture,Storage,Filing Cabinet,East,Bihar,Gaya,19038.6,2,0.1,11918.3,Debit Card,Delivered
ORD-13936,2025-09-24,CUST-1797,Sneha Jain,Electronics,Monitors,LG Monitor,West,Madhya Pradesh,Indore,73096.0,4,0.0,51948.98,Debit Card,Delivered
ORD-13937,2025-05-20,CUST-1276,Anil Sharma,Electronics,Accessories,Headphones,West,Madhya Pradesh,Indore,6736.5,3,0.1,4407.23,Cash on Delivery,Delivered
ORD-13938,2025-11-20,CUST-1132,Arjun Kumar,Office Supplies,Stationery,Stapler,West,Gujarat,Surat,2371.5,5,0.1,1967.79,Cash on Delivery,Cancelled
ORD-13939,2025-12-24,CUST-1619,Kavita Agarwal,Furniture,Lighting,Table Lamp,West,Goa,Margao,7935.0,3,0.0,6569.42,Net Banking,Delivered
ORD-13940,2025-06-27,CUST-1731,Amit Verma,Electronics,Monitors,Dell Monitor,East,Bihar,Patna,98136.0,4,0.0,65237.09,Debit Card,Shipped
ORD-13941,2025-09-01,CUST-1169,Varun Jain,Electronics,Monitors,Dell Monitor,West,Gujarat,Surat,88940.0,5,0.0,60539.72,Net Banking,Shipped
ORD-13942,2025-03-10,CUST-1746,Rahul Jain,Electronics,Accessories,Headphones,North,Rajasthan,Jaipur,39965.0,5,0.0,29913.49,Cash on Delivery,Delivered
ORD-13943,2025-03-29,CUST-1037,Shweta Singh,Electronics,Laptops,Lenovo Laptop,West,Gujarat,Vadodara,95065.2,2,0.1,73170.17,Net Banking,Shipped
ORD-13944,2025-02-11,CUST-1217,Rahul Singh,Furniture,Storage,Filing Cabinet,East,Bihar,Patna,4990.35,1,0.05,3205.52,Cash on Delivery,Shipped
ORD-13945,2025-03-11,CUST-1370,Kavita Patel,Furniture,Office Furniture,Office Desk,South,Telangana,Warangal,14822.85,1,0.05,12009.25,Debit Card,Delivered
ORD-13946,2025-10-10,CUST-1005,Kavita Agarwal,Home Appliances,Cooling,Air Cooler,North,Uttar Pradesh,Kanpur,27838.8,4,0.1,17045.86,Net Banking,Shipped
ORD-13947,2025-06-17,CUST-1152,Varun Yadav,Office Supplies,Equipment,Calculator,North,Rajasthan,Kota,1447.2,1,0.1,910.67,Debit Card,Delivered
ORD-13948,2025-04-06,CUST-1144,Ritu Yadav,Home Appliances,Cooling,Air Cooler,East,West Bengal,Kolkata,52990.0,5,0.0,33155.85,Net Banking,Delivered
ORD-13949,2025-07-11,CUST-1597,Rahul Gupta,Furniture,Storage,Filing Cabinet,East,Odisha,Cuttack,45162.0,3,0.0,35619.71,Credit Card,Delivered
ORD-13950,2025-11-05,CUST-1590,Anjali Jain,Furniture,Lighting,Table Lamp,West,Gujarat,Surat,10432.0,5,0.2,8661.41,Net Banking,Cancelled
ORD-13951,2025-09-09,CUST-1077,Priya Kumar,Office Supplies,Paper,Printer Paper,South,Andhra Pradesh,Visakhapatnam,1717.0,5,0.15,1318.44,Net Banking,Delivered
ORD-13952,2025-01-23,CUST-1479,Anil Patel,Office Supplies,Stationery,Notebook,North,Uttar Pradesh,Kanpur,770.4,4,0.1,582.44,UPI,Cancelled
ORD-13953,2025-08-29,CUST-1184,Manish Kumar,Electronics,Monitors,LG Monitor,North,Punjab,Jalandhar,113908.5,5,0.15,80318.73,UPI,Cancelled
ORD-13954,2025-11-29,CUST-1279,Deepak Jain,Electronics,Laptops,Lenovo Laptop,East,West Bengal,Siliguri,148659.0,3,0.0,93373.7,Cash on Delivery,Returned
ORD-13955,2025-09-14,CUST-1636,Priya Patel,Home Appliances,Cleaning,Vacuum Cleaner,West,Maharashtra,Pune,12156.2,1,0.05,8001.14,Net Banking,Delivered
ORD-13956,2025-06-06,CUST-1562,Rohit Kumar,Home Appliances,Cleaning,Vacuum Cleaner,South,Karnataka,Bengaluru,5216.8,1,0.2,3843.24,UPI,Returned
ORD-13957,2025-02-25,CUST-1005,Anjali Gupta,Office Supplies,Stationery,Notebook,South,Tamil Nadu,Coimbatore,997.2,4,0.1,838.98,Cash on Delivery,Returned
ORD-13958,2025-06-10,CUST-1083,Ritu Patel,Office Supplies,Paper,Printer Paper,North,Rajasthan,Jodhpur,2224.0,4,0.0,1526.97,Credit Card,Delivered
ORD-13959,2025-10-24,CUST-1572,Rahul Gupta,Furniture,Office Furniture,Office Desk,West,Goa,Margao,84690.0,5,0.0,61919.24,Cash on Delivery,Delivered
ORD-13960,2025-01-18,CUST-1006,Anjali Patel,Furniture,Office Furniture,Office Chair,West,Madhya Pradesh,Bhopal,9786.05,1,0.15,7312.88,Credit Card,Delivered
ORD-13961,2025-07-17,CUST-1295,Amit Gupta,Electronics,Monitors,Samsung Monitor,North,Haryana,Faridabad,142875.0,5,0.0,109137.95,Net Banking,Delivered
ORD-13962,2025-01-11,CUST-1529,Rohit Sharma,Electronics,Laptops,ASUS Laptop,East,Jharkhand,Ranchi,313339.5,5,0.1,195676.68,Debit Card,Shipped
ORD-13963,2025-03-25,CUST-1027,Nisha Yadav,Home Appliances,Cleaning,Vacuum Cleaner,West,Gujarat,Vadodara,26052.0,3,0.2,16905.79,Credit Card,Delivered
ORD-13964,2025-09-26,CUST-1374,Anjali Yadav,Office Supplies,Paper,Printer Paper,West,Goa,Panaji,1093.1,2,0.15,797.2,Cash on Delivery,Cancelled
ORD-13965,2025-03-05,CUST-1008,Sneha Jain,Electronics,Laptops,ASUS Laptop,East,Bihar,Patna,59282.0,1,0.0,42839.09,Cash on Delivery,Delivered
ORD-13966,2025-08-26,CUST-1757,Anjali Singh,Office Supplies,Equipment,Calculator,South,Tamil Nadu,Coimbatore,1459.2,1,0.2,1112.74,Credit Card,Cancelled
ORD-13967,2025-08-14,CUST-1475,Anjali Verma,Home Appliances,Cooling,Air Cooler,West,Maharashtra,Mumbai,21807.9,3,0.1,15205.74,Net Banking,Returned
ORD-13968,2025-12-25,CUST-1020,Rahul Kumar,Home Appliances,Cleaning,Vacuum Cleaner,South,Telangana,Warangal,7207.2,1,0.1,4786.7,Debit Card,Shipped
ORD-13969,2025-06-04,CUST-1452,Shweta Mishra,Electronics,Monitors,Samsung Monitor,North,Rajasthan,Jodhpur,52920.0,5,0.0,44801.55,Debit Card,Delivered
ORD-13970,2025-12-21,CUST-1602,Amit Mishra,Home Appliances,Kitchen,Electric Kettle,West,Goa,Margao,4776.0,3,0.0,3368.28,Credit Card,Shipped
ORD-13971,2025-11-11,CUST-1468,Manish Patel,Home Appliances,Cooling,Air Cooler,North,Haryana,Faridabad,44999.6,4,0.05,36526.74,Debit Card,Delivered
ORD-13972,2025-01-08,CUST-1247,Rohit Mishra,Home Appliances,Cleaning,Vacuum Cleaner,East,Jharkhand,Ranchi,6430.5,1,0.1,4451.14,UPI,Returned
ORD-13973,2025-08-31,CUST-1449,Nisha Gupta,Electronics,Accessories,Headphones,East,Bihar,Gaya,6995.0,5,0.0,5191.72,Credit Card,Delivered
ORD-13974,2025-03-03,CUST-1783,Anjali Yadav,Furniture,Storage,Filing Cabinet,South,Tamil Nadu,Madurai,20080.0,4,0.0,14362.78,Net Banking,Delivered
ORD-13975,2025-08-02,CUST-1352,Priya Jain,Home Appliances,Kitchen,Mixer Grinder,North,Delhi,New Delhi,13192.65,3,0.05,10636.82,UPI,Delivered
ORD-13976,2025-12-10,CUST-1565,Vikas Gupta,Electronics,Laptops,Dell Laptop,South,Tamil Nadu,Madurai,193794.0,3,0.0,129619.67,Net Banking,Delivered
ORD-13977,2025-06-08,CUST-1018,Kavita Verma,Electronics,Laptops,Lenovo Laptop,West,Gujarat,Ahmedabad,189868.8,4,0.2,124360.32,Net Banking,Delivered
ORD-13978,2025-10-12,CUST-1472,Priya Gupta,Furniture,Office Furniture,Office Desk,North,Rajasthan,Jodhpur,38811.0,3,0.0,26630.38,Cash on Delivery,Delivered
ORD-13979,2025-05-10,CUST-1373,Ritu Agarwal,Furniture,Lighting,Table Lamp,North,Haryana,Faridabad,1566.55,1,0.05,1002.98,Net Banking,Returned
ORD-13980,2025-10-10,CUST-1731,Ritu Sharma,Furniture,Office Furniture,Bookshelf,East,West Bengal,Kolkata,24245.4,3,0.15,16140.51,UPI,Delivered
ORD-13981,2025-07-08,CUST-1103,Sanjay Verma,Electronics,Laptops,ASUS Laptop,South,Tamil Nadu,Coimbatore,198972.0,5,0.2,164228.42,Debit Card,Cancelled
ORD-13982,2025-12-30,CUST-1351,Neha Agarwal,Furniture,Storage,Filing Cabinet,East,Jharkhand,Jamshedpur,49576.0,4,0.0,31014.97,UPI,Cancelled
ORD-13983,2025-03-11,CUST-1045,Deepak Kumar,Electronics,Accessories,Mouse,West,Madhya Pradesh,Indore,6115.2,4,0.2,4771.56,Credit Card,Delivered
ORD-13984,2025-01-03,CUST-1049,Vikas Singh,Furniture,Storage,Filing Cabinet,West,Gujarat,Ahmedabad,40708.8,4,0.1,26745.6,Credit Card,Cancelled
ORD-13985,2025-04-09,CUST-1754,Neha Verma,Electronics,Laptops,Lenovo Laptop,East,Bihar,Patna,86013.2,2,0.15,67777.51,UPI,Returned
ORD-13986,2025-11-12,CUST-1698,Shweta Gupta,Home Appliances,Cooling,Air Cooler,North,Haryana,Faridabad,13554.0,2,0.0,10598.2,UPI,Delivered
ORD-13987,2025-12-22,CUST-1252,Anil Sharma,Electronics,Laptops,Lenovo Laptop,North,Uttar Pradesh,Prayagraj,169400.0,4,0.0,136397.41,Credit Card,Cancelled
ORD-13988,2025-01-24,CUST-1319,Shweta Mishra,Office Supplies,Stationery,Notebook,East,Jharkhand,Jamshedpur,608.0,2,0.2,419.26,Net Banking,Cancelled
ORD-13989,2025-11-21,CUST-1186,Vikas Agarwal,Electronics,Smartphones,iPhone,South,Andhra Pradesh,Vijayawada,120396.6,2,0.1,80300.28,Cash on Delivery,Shipped
ORD-13990,2025-01-12,CUST-1504,Anjali Patel,Home Appliances,Cleaning,Vacuum Cleaner,East,Odisha,Cuttack,20388.0,3,0.2,14029.53,Cash on Delivery,Delivered
ORD-13991,2025-10-11,CUST-1581,Rohit Kumar,Furniture,Lighting,LED Desk Lamp,East,Bihar,Patna,10830.0,3,0.05,7199.7,Debit Card,Shipped
ORD-13992,2025-12-27,CUST-1697,Anil Verma,Home Appliances,Cooling,Air Cooler,East,West Bengal,Siliguri,40802.5,5,0.05,26147.81,Debit Card,Cancelled
ORD-13993,2025-05-19,CUST-1650,Shweta Kumar,Office Supplies,Equipment,Paper Shredder,West,Madhya Pradesh,Indore,33200.0,4,0.2,26485.81,Debit Card,Delivered
ORD-13994,2025-06-18,CUST-1083,Arjun Singh,Furniture,Lighting,Table Lamp,North,Punjab,Amritsar,3422.1,3,0.15,2667.44,Net Banking,Delivered
ORD-13995,2025-04-23,CUST-1208,Shweta Verma,Furniture,Storage,Storage Cabinet,West,Gujarat,Vadodara,43003.2,3,0.15,27041.09,Credit Card,Delivered
ORD-13996,2025-11-04,CUST-1361,Priya Kumar,Electronics,Smartphones,Redmi Phone,West,Gujarat,Surat,17583.1,2,0.15,14039.98,Net Banking,Cancelled
ORD-13997,2025-12-08,CUST-1223,Rahul Patel,Furniture,Storage,Storage Cabinet,East,West Bengal,Kolkata,59246.75,5,0.05,36301.49,Net Banking,Delivered
ORD-13998,2025-04-19,CUST-1577,Rohit Patel,Furniture,Lighting,Table Lamp,North,Rajasthan,Jaipur,7483.5,5,0.1,4514.71,Credit Card,Shipped
ORD-13999,2025-09-14,CUST-1311,Nisha Mishra,Electronics,Accessories,Headphones,West,Maharashtra,Nagpur,3832.0,1,0.0,2955.13,Debit Card,Delivered
ORD-14000,2025-03-10,CUST-1472,Ritu Mishra,Electronics,Accessories,Headphones,East,Jharkhand,Ranchi,7911.8,4,0.15,6478.86,Credit Card,Delivered
ORD-14001,2025-04-28,CUST-1518,Rohit Kumar,Office Supplies,Stationery,Stapler,West,Goa,Margao,1655.1,3,0.1,1077.31,UPI,Delivered
ORD-14002,2025-06-01,CUST-1266,Pooja Gupta,Office Supplies,Paper,Copy Paper,South,Andhra Pradesh,Visakhapatnam,753.0,3,0.0,475.35,Credit Card,Delivered
ORD-14003,2025-02-07,CUST-1632,Ritu Jain,Electronics,Smartphones,Samsung Galaxy,West,Maharashtra,Pune,164604.6,3,0.05,101063.67,Cash on Delivery,Shipped
ORD-14004,2025-11-13,CUST-1730,Deepak Sharma,Electronics,Smartphones,iPhone,South,Tamil Nadu,Chennai,91838.25,1,0.15,64900.34,Cash on Delivery,Delivered
ORD-14005,2025-01-24,CUST-1697,Pooja Jain,Furniture,Storage,Storage Cabinet,South,Andhra Pradesh,Vijayawada,42972.0,4,0.0,33127.96,UPI,Cancelled
ORD-14006,2025-01-04,CUST-1613,Sneha Agarwal,Home Appliances,Kitchen,Microwave,South,Telangana,Warangal,50940.0,5,0.2,30796.06,UPI,Delivered
ORD-14007,2025-02-16,CUST-1223,Neha Mishra,Furniture,Storage,Filing Cabinet,South,Karnataka,Bengaluru,21042.6,3,0.15,16459.84,Net Banking,Delivered
ORD-14008,2025-10-25,CUST-1228,Kavita Sharma,Home Appliances,Cleaning,Vacuum Cleaner,East,Jharkhand,Jamshedpur,8449.0,1,0.0,5635.22,Credit Card,Delivered
ORD-14009,2025-03-03,CUST-1076,Meena Kumar,Electronics,Monitors,LG Monitor,West,Madhya Pradesh,Bhopal,46856.85,3,0.05,29295.2,Cash on Delivery,Returned
ORD-14010,2025-06-16,CUST-1361,Priya Sharma,Office Supplies,Stationery,Pen Set,South,Kerala,Thiruvananthapuram,1330.25,5,0.15,816.04,Credit Card,Delivered
ORD-14011,2025-10-14,CUST-1515,Varun Patel,Home Appliances,Cleaning,Vacuum Cleaner,South,Andhra Pradesh,Vijayawada,4683.5,1,0.15,3550.6,Debit Card,Returned
ORD-14012,2025-04-03,CUST-1543,Neha Kumar,Office Supplies,Stationery,Stapler,West,Gujarat,Ahmedabad,1170.0,2,0.0,979.45,UPI,Delivered
ORD-14013,2025-04-30,CUST-1669,Kavita Sharma,Office Supplies,Equipment,Calculator,East,Bihar,Gaya,532.8,1,0.1,326.73,Cash on Delivery,Delivered
ORD-14014,2025-01-03,CUST-1454,Shweta Patel,Home Appliances,Cooling,Air Cooler,South,Andhra Pradesh,Visakhapatnam,8241.6,1,0.2,5706.16,UPI,Delivered
ORD-14015,2025-11-02,CUST-1026,Neha Kumar,Office Supplies,Equipment,Calculator,South,Telangana,Warangal,1927.8,3,0.1,1397.38,UPI,Delivered
ORD-14016,2025-01-04,CUST-1697,Ritu Jain,Electronics,Monitors,Samsung Monitor,East,Jharkhand,Jamshedpur,95948.8,4,0.2,77480.78,Credit Card,Shipped
ORD-14017,2025-02-28,CUST-1662,Manish Agarwal,Office Supplies,Equipment,Calculator,North,Uttar Pradesh,Noida,4924.05,3,0.15,3996.83,Credit Card,Delivered
ORD-14018,2025-01-06,CUST-1800,Meena Patel,Office Supplies,Stationery,Pen Set,West,Madhya Pradesh,Bhopal,1160.0,5,0.2,783.57,Net Banking,Delivered
ORD-14019,2025-09-09,CUST-1468,Arjun Verma,Home Appliances,Cleaning,Vacuum Cleaner,East,Odisha,Bhubaneswar,39107.2,4,,26822.97,Net Banking,Delivered
ORD-14020,2025-12-17,CUST-1454,Rohit Yadav,Electronics,Laptops,HP Laptop,West,Gujarat,Surat,228422.4,4,0.2,158128.49,Debit Card,Delivered
ORD-14021,2025-06-09,CUST-1073,Sneha Verma,Home Appliances,Cooling,Air Cooler,East,Jharkhand,Jamshedpur,36092.4,3,0.05,24117.67,Credit Card,Delivered
ORD-14022,2025-06-16,CUST-1090,Amit Verma,Furniture,Lighting,Table Lamp,North,Uttar Pradesh,Kanpur,2905.2,3,0.1,1798.73,UPI,Delivered
ORD-14023,2025-03-08,CUST-1047,Anil Agarwal,Electronics,Monitors,Samsung Monitor,West,Madhya Pradesh,Indore,97352.2,4,0.15,60759.32,Cash on Delivery,Returned
ORD-14024,2025-05-21,CUST-1133,Manish Jain,Furniture,Storage,Storage Cabinet,North,Delhi,New Delhi,38358.0,5,0.1,31221.89,Net Banking,Cancelled
ORD-14025,2025-01-05,CUST-1522,Amit Agarwal,Home Appliances,Cooling,Air Cooler,North,Rajasthan,Jaipur,39558.0,4,0.05,27786.74,Debit Card,Delivered
ORD-14026,2025-06-18,CUST-1282,Sanjay Kumar,Home Appliances,Cooling,Air Cooler,East,West Bengal,Kolkata,45465.3,3,0.1,31808.49,Net Banking,Shipped
ORD-14027,2025-11-17,CUST-1135,Amit Agarwal,Furniture,Office Furniture,Office Chair,South,Andhra Pradesh,Visakhapatnam,13439.2,1,0.2,10240.51,UPI,Shipped
ORD-14028,2025-07-30,CUST-1709,Deepak Gupta,Furniture,Lighting,LED Desk Lamp,West,Goa,Margao,2858.4,3,0.2,1838.23,UPI,Cancelled
ORD-14029,2025-04-13,CUST-1526,Priya Yadav,Office Supplies,Stationery,Notebook,North,Delhi,Delhi,1383.2,4,0.05,975.12,Credit Card,Cancelled
ORD-14030,2025-07-13,CUST-1566,Arjun Patel,Home Appliances,Cooling,Air Cooler,West,Maharashtra,Nagpur,27262.05,3,0.15,18580.93,Debit Card,Delivered
ORD-14031,2025-09-09,CUST-1649,Meena Singh,Electronics,Smartphones,OnePlus Phone,East,West Bengal,Siliguri,173020.0,5,0.0,145250.45,UPI,Delivered
ORD-14032,2025-12-16,CUST-1652,Sanjay Patel,Home Appliances,Cooling,Air Cooler,East,West Bengal,Siliguri,34862.4,3,0.1,26421.58,Credit Card,Delivered
ORD-14033,2025-11-09,CUST-1151,Vikas Singh,Electronics,Accessories,Headphones,South,Karnataka,Bengaluru,2409.3,1,0.1,1939.24,Credit Card,Returned
ORD-14034,2025-03-31,CUST-1735,Vikas Gupta,Furniture,Storage,Storage Cabinet,South,Kerala,Kochi,20778.0,2,0.0,17134.65,Net Banking,Returned
ORD-14035,2025-01-30,CUST-1529,Manish Jain,Office Supplies,Equipment,Calculator,North,Punjab,Jalandhar,1784.1,2,0.05,1127.06,Cash on Delivery,Cancelled
ORD-14036,2025-06-04,CUST-1436,Pooja Verma,Electronics,Accessories,Keyboard,East,West Bengal,Kolkata,2382.6,2,0.05,1812.67,Net Banking,Returned
ORD-14037,2025-12-21,CUST-1326,Sanjay Verma,Office Supplies,Paper,Copy Paper,West,Goa,Margao,559.3,2,0.15,339.48,UPI,Returned
ORD-14038,2025-05-16,CUST-1529,Meena Patel,Furniture,Office Furniture,Bookshelf,East,Odisha,Cuttack,35822.4,3,0.15,23290.29,Credit Card,Delivered
ORD-14039,2025-05-10,CUST-1528,Neha Sharma,Furniture,Office Furniture,Bookshelf,South,Kerala,Thiruvananthapuram,4126.75,1,0.15,3155.67,Cash on Delivery,Delivered
ORD-14040,2025-01-02,CUST-1655,Kavita Agarwal,Home Appliances,Cleaning,Vacuum Cleaner,South,Kerala,Thiruvananthapuram,57375.0,5,0.15,47403.43,UPI,Cancelled
ORD-14041,2025-06-12,CUST-1480,Deepak Gupta,Furniture,Storage,Filing Cabinet,South,Telangana,Hyderabad,14465.6,2,0.2,11295.34,Cash on Delivery,Delivered
ORD-14042,2025-12-12,CUST-1058,Priya Yadav,Electronics,Smartphones,Redmi Phone,West,Madhya Pradesh,Indore,66143.75,5,0.05,51974.69,UPI,Delivered
ORD-14043,2025-11-07,CUST-1648,Pooja Singh,Furniture,Office Furniture,Office Desk,West,Maharashtra,Nagpur,41209.2,2,0.1,29121.43,Net Banking,Cancelled
ORD-14044,2025-05-06,CUST-1458,Vikas Sharma,Electronics,Laptops,HP Laptop,North,Haryana,Panipat,199886.4,4,0.1,136569.57,Net Banking,Delivered
ORD-14045,2025-08-24,CUST-1302,Sneha Gupta,Home Appliances,Cleaning,Vacuum Cleaner,West,Maharashtra,Mumbai,22238.4,3,0.2,17732.39,Cash on Delivery,Shipped
ORD-14046,2025-01-22,CUST-1727,Sneha Verma,Electronics,Smartphones,Samsung Galaxy,East,Jharkhand,Jamshedpur,58827.2,2,0.2,47778.62,Credit Card,Cancelled
ORD-14047,2025-12-13,CUST-1748,Amit Sharma,Electronics,Accessories,Keyboard,South,Tamil Nadu,Coimbatore,9976.5,3,0.1,7956.28,UPI,Returned
ORD-14048,2025-04-11,CUST-1632,Manish Sharma,Furniture,Storage,Storage Cabinet,South,Andhra Pradesh,Vijayawada,14681.3,2,0.05,10427.48,Credit Card,Delivered
ORD-14049,2025-03-19,CUST-1729,Shweta Mishra,Electronics,Accessories,Headphones,North,Punjab,Jalandhar,13509.6,3,0.2,9667.69,Credit Card,Cancelled
ORD-14050,2025-04-01,CUST-1658,Shweta Singh,Furniture,Lighting,LED Desk Lamp,East,West Bengal,Kolkata,6734.0,2,0.0,5099.45,Net Banking,Delivered
ORD-14051,2025-01-16,CUST-1284,Anjali Agarwal,Furniture,Lighting,Table Lamp,East,Bihar,Patna,3443.2,4,0.2,2715.45,Cash on Delivery,Delivered
ORD-14052,2025-09-03,CUST-1041,Kavita Yadav,Office Supplies,Equipment,Calculator,East,Odisha,Cuttack,1455.3,1,0.1,902.96,UPI,Delivered
ORD-14053,2025-05-15,CUST-1685,Sanjay Agarwal,Home Appliances,Kitchen,Mixer Grinder,South,Telangana,Warangal,6629.0,1,0.0,4848.17,Credit Card,Delivered
ORD-14054,2025-09-15,CUST-1309,Sanjay Gupta,Home Appliances,Kitchen,Microwave,North,Delhi,New Delhi,28776.0,3,0.0,22209.65,Credit Card,Delivered
ORD-14055,2025-12-08,CUST-1151,Deepak Verma,Office Supplies,Stationery,Stapler,North,Punjab,Ludhiana,2059.6,4,0.05,1514.91,Net Banking,Delivered
ORD-14056,2025-08-13,CUST-1776,Neha Patel,Home Appliances,Cleaning,Vacuum Cleaner,East,Bihar,Gaya,60021.0,5,0.1,42125.62,Debit Card,Delivered
ORD-14057,2025-12-26,CUST-1309,Pooja Mishra,Home Appliances,Cooling,Air Cooler,East,Odisha,Bhubaneswar,41556.0,3,0.2,34849.22,Cash on Delivery,Shipped
ORD-14058,2025-09-08,CUST-1097,Anjali Kumar,Electronics,Accessories,Mouse,East,Bihar,Patna,4190.0,2,0.0,2855.11,Cash on Delivery,Delivered
ORD-14059,2025-10-06,CUST-1066,Anil Sharma,Home Appliances,Cooling,Air Cooler,North,Uttar Pradesh,Noida,13768.35,1,0.05,10782.16,Credit Card,Delivered
ORD-14060,2025-11-24,CUST-1257,Anil Patel,Furniture,Office Furniture,Office Desk,East,West Bengal,Kolkata,24882.0,1,0.0,18813.86,Credit Card,Shipped
ORD-14061,2025-12-12,CUST-1154,Sanjay Agarwal,Office Supplies,Equipment,Paper Shredder,West,Goa,Margao,27801.9,3,0.1,23021.24,Credit Card,Delivered
ORD-14062,2025-09-23,CUST-1507,Meena Singh,Home Appliances,Kitchen,Microwave,West,Goa,Margao,18839.4,3,0.15,15662.17,Cash on Delivery,Delivered
ORD-14063,2025-08-19,CUST-1583,Shweta Kumar,Home Appliances,Kitchen,Mixer Grinder,South,Karnataka,Mangaluru,19244.8,4,0.2,16231.36,Credit Card,Delivered
ORD-14064,2025-08-20,CUST-1385,Anil Jain,Electronics,Accessories,Headphones,South,Telangana,Hyderabad,22472.0,4,0.0,16854.61,Credit Card,Shipped
ORD-14065,2025-02-09,CUST-1181,Anil Singh,Electronics,Monitors,LG Monitor,East,Bihar,Gaya,45824.0,4,0.0,29476.11,Net Banking,Delivered
ORD-14066,2025-03-29,CUST-1727,Priya Verma,Home Appliances,Kitchen,Electric Kettle,South,Tamil Nadu,Coimbatore,6241.5,3,0.05,4505.23,Credit Card,Returned
ORD-14067,2025-10-05,CUST-1189,Ritu Kumar,Office Supplies,Equipment,Calculator,North,Uttar Pradesh,Kanpur,529.2,1,0.1,350.01,UPI,Shipped
ORD-14068,2025-02-05,CUST-1554,Sanjay Jain,Home Appliances,Cooling,Air Cooler,North,Delhi,Delhi,44410.8,4,0.15,32342.97,UPI,Delivered
ORD-14069,2025-02-19,CUST-1502,Sanjay Patel,Home Appliances,Cleaning,Vacuum Cleaner,West,Maharashtra,Pune,22059.2,2,0.15,18124.59,Cash on Delivery,Returned
ORD-14070,2025-05-13,CUST-1544,Rohit Kumar,Home Appliances,Cleaning,Vacuum Cleaner,North,Rajasthan,Kota,43920.0,5,0.1,27101.76,Credit Card,Delivered
ORD-14071,2025-09-18,CUST-1740,Arjun Patel,Office Supplies,Stationery,Stapler,East,Odisha,Bhubaneswar,513.0,3,0.1,427.86,Cash on Delivery,Delivered
ORD-14072,2025-12-16,CUST-1356,Shweta Gupta,Electronics,Accessories,Mouse,West,Maharashtra,Mumbai,4669.9,2,0.15,3628.32,Cash on Delivery,Shipped
ORD-14073,2025-08-31,CUST-1169,Vikas Mishra,Furniture,Office Furniture,Office Desk,East,Odisha,Bhubaneswar,80710.0,5,0.0,61785.31,Credit Card,Delivered
ORD-14074,2025-03-28,CUST-1382,Arjun Kumar,Furniture,Lighting,Table Lamp,West,Goa,Panaji,6716.8,4,0.2,4252.59,Debit Card,Returned
ORD-14075,2025-08-08,CUST-1481,Kavita Singh,Home Appliances,Cooling,Air Cooler,South,Andhra Pradesh,Visakhapatnam,36532.0,5,0.2,22019.07,Net Banking,Delivered
ORD-14076,2025-02-11,CUST-1417,Manish Jain,Furniture,Storage,Storage Cabinet,North,Haryana,Faridabad,54485.0,5,0.0,40984.75,Cash on Delivery,Returned
ORD-14077,2025-01-20,CUST-1471,Manish Agarwal,Electronics,Accessories,Mouse,South,Tamil Nadu,Madurai,8046.0,3,0.0,5265.11,UPI,Delivered
ORD-14078,2025-11-21,CUST-1684,Neha Kumar,Electronics,Monitors,LG Monitor,West,Maharashtra,Pune,26009.1,3,0.1,20465.64,Debit Card,Shipped
ORD-14079,2025-06-03,CUST-1073,Arjun Patel,Furniture,Storage,Storage Cabinet,South,Tamil Nadu,Madurai,16736.15,1,0.05,10605.82,Cash on Delivery,Delivered
ORD-14080,2025-07-02,CUST-1066,Anil Agarwal,Home Appliances,Cooling,Air Cooler,West,Madhya Pradesh,Bhopal,30402.0,5,0.1,22337.0,Net Banking,Delivered
ORD-14081,2025-08-31,CUST-1007,Arjun Gupta,Office Supplies,Equipment,Calculator,West,Maharashtra,Nashik,1326.2,1,0.05,935.66,UPI,Delivered
ORD-14082,2025-10-05,CUST-1690,Arjun Mishra,Office Supplies,Paper,Copy Paper,East,Bihar,Patna,609.9,1,0.05,430.26,UPI,Shipped
ORD-14083,2025-10-02,CUST-1729,Meena Patel,Office Supplies,Stationery,Pen Set,East,Odisha,Cuttack,3038.75,5,0.15,2578.6,Cash on Delivery,Returned
ORD-14084,2025-02-11,CUST-1437,Anjali Jain,Office Supplies,Stationery,Notebook,North,Rajasthan,Jodhpur,1524.0,5,0.2,1125.36,Debit Card,Cancelled
ORD-14085,2025-06-05,CUST-1723,Sneha Gupta,Home Appliances,Cooling,Air Cooler,South,Karnataka,Mysuru,28585.5,3,0.15,19189.27,Net Banking,Cancelled
ORD-14086,2025-08-25,CUST-1024,Pooja Sharma,Office Supplies,Equipment,Paper Shredder,West,Goa,Panaji,24027.4,4,0.05,19995.81,Net Banking,Cancelled
ORD-14087,2025-07-06,CUST-1316,Anil Verma,Furniture,Storage,Storage Cabinet,West,Madhya Pradesh,Indore,6644.7,1,0.1,5343.44,Net Banking,Delivered
ORD-14088,2025-07-19,CUST-1411,Meena Patel,Office Supplies,Stationery,Pen Set,North,Rajasthan,Jaipur,1265.0,5,0.0,773.26,Debit Card,Delivered
ORD-14089,2025-07-23,CUST-1244,Rohit Yadav,Home Appliances,Cooling,Air Cooler,West,Madhya Pradesh,Bhopal,43439.7,3,0.05,35425.95,Credit Card,Delivered
ORD-14090,2025-06-21,CUST-1337,Nisha Gupta,Electronics,Monitors,Samsung Monitor,South,Tamil Nadu,Chennai,59521.3,2,0.05,41034.81,Debit Card,Shipped
ORD-14091,2025-06-16,CUST-1592,Sanjay Jain,Home Appliances,Cleaning,Vacuum Cleaner,South,Karnataka,Mysuru,15704.6,2,0.15,11819.85,UPI,Delivered
ORD-14092,2025-10-18,CUST-1022,Amit Singh,Electronics,Smartphones,OnePlus Phone,North,Uttar Pradesh,Lucknow,173947.4,4,0.15,141292.29,Net Banking,Shipped
ORD-14093,2025-01-07,CUST-1521,Ritu Yadav,Home Appliances,Kitchen,Microwave,West,Goa,Panaji,49615.2,4,0.1,29812.75,Cash on Delivery,Returned
ORD-14094,2025-06-01,CUST-1783,Sanjay Mishra,Furniture,Lighting,Table Lamp,North,Uttar Pradesh,Kanpur,4384.8,3,0.1,2853.15,Debit Card,Shipped
ORD-14095,2025-03-22,CUST-1493,Anil Patel,Electronics,Accessories,Keyboard,East,Jharkhand,Jamshedpur,3259.2,3,0.2,2568.51,Credit Card,Delivered
ORD-14096,2025-09-29,CUST-1026,Rohit Sharma,Home Appliances,Cleaning,Vacuum Cleaner,East,West Bengal,Kolkata,34476.0,3,0.0,25333.2,Debit Card,Shipped
ORD-14097,2025-07-12,CUST-1272,Shweta Verma,Home Appliances,Cooling,Air Cooler,East,Odisha,Bhubaneswar,7754.85,1,0.05,5084.53,Debit Card,Returned
ORD-14098,2025-12-16,CUST-1232,Arjun Patel,Electronics,Accessories,Mouse,East,Jharkhand,Ranchi,590.9,1,0.05,421.39,UPI,Delivered
ORD-14099,2025-02-24,CUST-1389,Arjun Jain,Furniture,Lighting,LED Desk Lamp,East,Jharkhand,Ranchi,6940.7,2,0.05,4937.01,Net Banking,Delivered
ORD-14100,2025-03-23,CUST-1539,Varun Patel,Office Supplies,Paper,Printer Paper,East,Bihar,Gaya,322.0,1,0.0,246.15,Cash on Delivery,Returned
ORD-14101,2025-02-11,CUST-1269,Shweta Patel,Furniture,Storage,Storage Cabinet,West,Gujarat,Surat,12246.0,2,0.0,9716.38,Net Banking,Delivered
ORD-14102,2025-05-20,CUST-1583,Sneha Sharma,Office Supplies,Equipment,Calculator,West,Goa,Margao,3251.85,3,,2577.58,UPI,Delivered
ORD-14103,2025-03-12,CUST-1039,Manish Jain,Electronics,Smartphones,Redmi Phone,East,West Bengal,Siliguri,18466.1,1,0.05,11387.53,UPI,Returned
ORD-14104,2025-01-04,CUST-1035,Varun Yadav,Furniture,Office Furniture,Office Chair,East,Jharkhand,Jamshedpur,12259.8,1,0.1,9045.38,Debit Card,Delivered
ORD-14105,2025-03-31,CUST-1356,Priya Yadav,Furniture,Lighting,Table Lamp,East,Bihar,Patna,5103.0,3,0.1,4090.56,Net Banking,Delivered
ORD-14106,2025-01-10,CUST-1356,Pooja Agarwal,Furniture,Lighting,LED Desk Lamp,South,Andhra Pradesh,Vijayawada,4819.5,5,0.15,4083.77,Net Banking,Delivered
ORD-14107,2025-12-14,CUST-1529,Sneha Singh,Office Supplies,Stationery,Pen Set,South,Telangana,Hyderabad,2137.5,3,0.05,1311.56,Net Banking,Delivered
ORD-14108,2025-01-12,CUST-1041,Varun Jain,Home Appliances,Cleaning,Vacuum Cleaner,South,Karnataka,Mangaluru,34481.2,4,0.05,23808.78,Credit Card,Shipped
ORD-14109,2025-03-22,CUST-1472,Varun Gupta,Home Appliances,Kitchen,Mixer Grinder,South,Tamil Nadu,Madurai,7593.9,3,0.15,6211.86,Credit Card,Delivered
ORD-14110,2025-09-29,CUST-1216,Kavita Gupta,Electronics,Monitors,LG Monitor,South,Tamil Nadu,Chennai,58379.7,3,0.15,40332.64,UPI,Delivered
ORD-14111,2025-09-29,CUST-1058,Meena Mishra,Furniture,Office Furniture,Office Chair,West,Maharashtra,Nagpur,65545.0,5,0.0,53169.79,UPI,Cancelled
ORD-14112,2025-01-11,CUST-1283,Arjun Gupta,Electronics,Laptops,Dell Laptop,South,Karnataka,Mysuru,126451.2,3,0.2,102387.71,UPI,Delivered
ORD-14113,2025-09-28,CUST-1493,Pooja Jain,Office Supplies,Equipment,Paper Shredder,West,Madhya Pradesh,Indore,9599.4,2,0.1,6203.76,Net Banking,Delivered
ORD-14114,2025-07-19,CUST-1536,Neha Agarwal,Office Supplies,Paper,Printer Paper,West,Goa,Margao,1440.75,5,0.15,1042.27,UPI,Delivered
ORD-14115,2025-11-05,CUST-1216,Vikas Mishra,Office Supplies,Equipment,Paper Shredder,South,Kerala,Thiruvananthapuram,20955.1,2,0.05,16570.42,Credit Card,Delivered
ORD-14116,2025-08-06,CUST-1395,Rahul Patel,Electronics,Monitors,Samsung Monitor,West,Gujarat,Ahmedabad,123740.0,5,0.0,95559.74,Credit Card,Cancelled
ORD-14117,2025-01-12,CUST-1749,Deepak Mishra,Furniture,Office Furniture,Office Chair,East,Jharkhand,Jamshedpur,15743.7,3,0.1,11766.8,Cash on Delivery,Delivered
ORD-14118,2025-12-31,CUST-1219,Pooja Singh,Office Supplies,Equipment,Paper Shredder,South,Karnataka,Mysuru,9836.2,2,0.15,6393.78,Debit Card,Delivered
ORD-14119,2025-08-28,CUST-1666,Anjali Gupta,Office Supplies,Equipment,Calculator,North,Haryana,Faridabad,7843.8,4,0.15,6650.12,Debit Card,Returned
ORD-14120,2025-11-19,CUST-1398,Meena Patel,Home Appliances,Kitchen,Electric Kettle,North,Punjab,Jalandhar,1701.7,1,0.15,1341.45,Debit Card,Shipped
ORD-14121,2025-02-22,CUST-1275,Varun Singh,Home Appliances,Kitchen,Electric Kettle,South,Kerala,Thiruvananthapuram,2595.6,1,0.1,1572.66,Net Banking,Delivered
ORD-14122,2025-02-20,CUST-1734,Neha Mishra,Home Appliances,Cleaning,Vacuum Cleaner,West,Maharashtra,Mumbai,57540.75,5,0.15,45963.99,Cash on Delivery,Returned
ORD-14123,2025-07-15,CUST-1107,Anil Mishra,Electronics,Accessories,Keyboard,North,Uttar Pradesh,Noida,13340.0,5,0.0,10750.88,Credit Card,Delivered
ORD-14124,2025-09-17,CUST-1219,Rohit Mishra,Furniture,Office Furniture,Office Desk,East,Bihar,Gaya,20264.0,1,0.0,16100.0,Net Banking,Shipped
ORD-14125,2025-09-04,CUST-1428,Meena Sharma,Office Supplies,Stationery,Pen Set,West,Goa,Panaji,1140.0,5,0.0,856.32,Debit Card,Cancelled
ORD-14126,2025-08-18,CUST-1086,Shweta Sharma,Home Appliances,Cooling,Air Cooler,South,Tamil Nadu,Chennai,14807.85,1,0.15,11778.45,Credit Card,Delivered
ORD-14127,2025-08-20,CUST-1375,Meena Singh,Electronics,Smartphones,iPhone,North,Delhi,New Delhi,380736.0,5,0.2,301057.53,UPI,Delivered
ORD-14128,2025-07-29,CUST-1730,Arjun Gupta,Electronics,Laptops,Lenovo Laptop,North,Haryana,Gurugram,214924.0,4,0.0,171426.21,Cash on Delivery,Cancelled
ORD-14129,2025-07-17,CUST-1781,Kavita Sharma,Home Appliances,Cooling,Air Cooler,North,Rajasthan,Kota,17082.9,3,0.1,11534.84,Debit Card,Delivered
ORD-14130,2025-11-14,CUST-1195,Rohit Jain,Furniture,Storage,Storage Cabinet,North,Delhi,New Delhi,19385.6,4,0.2,14443.1,Credit Card,Delivered
ORD-14131,2025-02-22,CUST-1242,Neha Sharma,Home Appliances,Cleaning,Vacuum Cleaner,West,Goa,Panaji,21744.0,4,0.2,17591.51,Net Banking,Cancelled
ORD-14132,2025-03-08,CUST-1646,Shweta Kumar,Furniture,Office Furniture,Office Desk,South,Kerala,Kochi,37593.6,3,0.2,25201.37,UPI,Returned
ORD-14133,2025-08-28,CUST-1137,Amit Agarwal,Office Supplies,Equipment,Paper Shredder,West,Goa,Margao,5175.6,1,0.05,3314.47,Net Banking,Delivered
ORD-14134,2025-12-18,CUST-1006,Vikas Verma,Home Appliances,Kitchen,Microwave,North,Haryana,Faridabad,22961.6,2,0.2,14878.82,Debit Card,Delivered
ORD-14135,2025-05-19,CUST-1360,Rohit Patel,Home Appliances,Cleaning,Vacuum Cleaner,North,Haryana,Faridabad,4101.6,1,0.2,2658.11,Net Banking,Delivered
ORD-14136,2025-05-22,CUST-1303,Manish Agarwal,Office Supplies,Stationery,Pen Set,North,Uttar Pradesh,Prayagraj,1634.4,4,0.1,1056.35,Credit Card,Delivered
ORD-14137,2025-05-03,CUST-1346,Manish Kumar,Home Appliances,Cooling,Air Cooler,East,Bihar,Gaya,15555.6,2,0.1,12633.89,Credit Card,Delivered
ORD-14138,2025-01-14,CUST-1189,Sanjay Agarwal,Electronics,Smartphones,OnePlus Phone,East,Odisha,Cuttack,177216.5,5,0.15,145066.6,Credit Card,Delivered
ORD-14139,2025-01-05,CUST-1348,Ritu Agarwal,Furniture,Office Furniture,Office Chair,East,Odisha,Bhubaneswar,33710.0,2,0.0,20508.74,Debit Card,Delivered
ORD-14140,2025-11-21,CUST-1154,Manish Kumar,Furniture,Lighting,LED Desk Lamp,South,Karnataka,Bengaluru,5877.0,2,0.1,4074.14,Credit Card,Delivered
ORD-14141,2025-01-17,CUST-1056,Vikas Verma,Furniture,Storage,Storage Cabinet,West,Madhya Pradesh,Bhopal,54972.0,4,0.1,41777.69,Credit Card,Delivered
ORD-14142,2025-06-23,CUST-1520,Pooja Patel,Office Supplies,Equipment,Calculator,West,Maharashtra,Nashik,3515.4,2,0.1,2367.41,Debit Card,Cancelled
ORD-14143,2025-06-14,CUST-1254,Sanjay Patel,Furniture,Storage,Storage Cabinet,East,Jharkhand,Jamshedpur,52748.75,5,0.05,38791.75,UPI,Shipped
ORD-14144,2025-11-28,CUST-1557,Ritu Yadav,Home Appliances,Kitchen,Mixer Grinder,North,Haryana,Faridabad,9631.2,3,0.2,7730.15,Cash on Delivery,Delivered
ORD-14145,2025-02-19,CUST-1348,Arjun Verma,Home Appliances,Cleaning,Vacuum Cleaner,East,Bihar,Gaya,22188.0,3,0.2,13944.14,Debit Card,Delivered
ORD-14146,2025-08-08,CUST-1381,Arjun Agarwal,Furniture,Storage,Storage Cabinet,East,Odisha,Bhubaneswar,47349.0,3,0.0,33831.14,Credit Card,Delivered
ORD-14147,2025-02-21,CUST-1206,Ritu Gupta,Furniture,Lighting,Table Lamp,West,Goa,Margao,3257.6,2,0.2,2219.41,Debit Card,Delivered
ORD-14148,2025-06-21,CUST-1710,Nisha Singh,Office Supplies,Paper,Copy Paper,South,Tamil Nadu,Chennai,340.0,1,0.2,240.29,Net Banking,Cancelled
ORD-14149,2025-07-06,CUST-1687,Anjali Verma,Furniture,Storage,Storage Cabinet,South,Telangana,Hyderabad,9448.6,1,0.15,6816.59,Cash on Delivery,Returned
ORD-14150,2025-07-16,CUST-1596,Manish Jain,Electronics,Monitors,Samsung Monitor,South,Telangana,Hyderabad,73656.75,5,0.15,61792.31,Debit Card,Cancelled
ORD-14151,2025-11-30,CUST-1674,Sanjay Patel,Electronics,Laptops,ASUS Laptop,North,Rajasthan,Jaipur,308732.75,5,0.15,238482.68,Debit Card,Returned
ORD-14152,2025-08-18,CUST-1537,Anjali Jain,Electronics,Accessories,Keyboard,East,Bihar,Patna,5770.0,5,0.0,4044.66,Debit Card,Delivered
ORD-14153,2025-02-28,CUST-1680,Nisha Singh,Home Appliances,Cooling,Air Cooler,East,Jharkhand,Ranchi,11035.2,1,0.05,8607.68,Cash on Delivery,Cancelled
ORD-14154,2025-08-25,CUST-1275,Amit Mishra,Office Supplies,Equipment,Paper Shredder,West,Maharashtra,Mumbai,10934.0,1,0.0,9061.93,Debit Card,Delivered
ORD-14155,2025-07-19,CUST-1082,Varun Singh,Electronics,Monitors,LG Monitor,South,Kerala,Thiruvananthapuram,13774.05,1,0.05,10068.33,Debit Card,Returned
ORD-14156,2025-09-14,CUST-1580,Manish Agarwal,Electronics,Smartphones,iPhone,North,Rajasthan,Jaipur,359254.8,4,0.1,235651.39,UPI,Shipped
ORD-14157,2025-10-18,CUST-1120,Rahul Sharma,Home Appliances,Kitchen,Mixer Grinder,West,Gujarat,Surat,12492.0,2,0.1,8305.79,Cash on Delivery,Shipped
ORD-14158,2025-11-24,CUST-1469,Sanjay Yadav,Office Supplies,Stationery,Stapler,South,Karnataka,Mangaluru,126.4,1,0.2,89.58,Net Banking,Returned
ORD-14159,2025-01-28,CUST-1275,Vikas Patel,Furniture,Storage,Storage Cabinet,West,Madhya Pradesh,Bhopal,11111.4,1,0.1,7082.72,Cash on Delivery,Delivered
ORD-14160,2025-04-24,CUST-1369,Shweta Jain,Electronics,Accessories,Mouse,West,Madhya Pradesh,Indore,8280.0,5,0.0,7018.74,UPI,Delivered
ORD-14161,2025-05-02,CUST-1289,Shweta Yadav,Furniture,Storage,Filing Cabinet,North,Punjab,Jalandhar,25143.0,4,0.15,15985.9,Debit Card,Delivered
ORD-14162,2025-07-20,CUST-1277,Manish Yadav,Home Appliances,Kitchen,Electric Kettle,North,Uttar Pradesh,Kanpur,8766.0,3,0.0,7221.79,Net Banking,Delivered
ORD-14163,2025-11-14,CUST-1520,Arjun Agarwal,Electronics,Laptops,ASUS Laptop,West,Goa,Margao,215973.0,3,0.0,143995.71,Cash on Delivery,Shipped
ORD-14164,2025-05-24,CUST-1527,Deepak Jain,Electronics,Accessories,Mouse,West,Madhya Pradesh,Bhopal,7544.0,5,0.2,6257.74,Net Banking,Delivered
ORD-14165,2025-08-14,CUST-1540,Meena Mishra,Home Appliances,Cleaning,Vacuum Cleaner,South,Tamil Nadu,Coimbatore,42135.0,5,0.0,27671.69,Net Banking,Delivered
ORD-14166,2025-11-10,CUST-1585,Shweta Gupta,Furniture,Lighting,LED Desk Lamp,South,Kerala,Kochi,3231.0,1,0.1,2521.3,Debit Card,Delivered
ORD-14167,2025-04-07,CUST-1403,Nisha Gupta,Home Appliances,Kitchen,Microwave,East,West Bengal,Kolkata,13606.8,1,0.15,9259.24,Cash on Delivery,Delivered
ORD-14168,2025-08-22,CUST-1292,Pooja Verma,Home Appliances,Cleaning,Vacuum Cleaner,South,Karnataka,Mysuru,30213.0,3,0.1,21406.69,Credit Card,Cancelled
ORD-14169,2025-07-17,CUST-1768,Manish Yadav,Furniture,Lighting,Table Lamp,South,Andhra Pradesh,Vijayawada,2888.0,2,0.05,2354.47,Debit Card,Returned
ORD-14170,2025-04-04,CUST-1100,Rahul Gupta,Office Supplies,Equipment,Paper Shredder,East,Bihar,Patna,55503.75,5,0.05,40217.84,UPI,Returned
ORD-14171,2025-02-17,CUST-1179,Deepak Gupta,Home Appliances,Cooling,Air Cooler,West,Madhya Pradesh,Bhopal,47346.0,3,0.0,29364.07,Cash on Delivery,Delivered
ORD-14172,2025-10-29,CUST-1697,Meena Singh,Furniture,Office Furniture,Office Desk,South,Karnataka,Bengaluru,15628.5,1,0.1,12828.64,Debit Card,Cancelled
ORD-14173,2025-01-04,CUST-1678,Nisha Mishra,Office Supplies,Equipment,Calculator,North,Haryana,Panipat,769.6,1,0.2,491.66,Credit Card,Delivered
ORD-14174,2025-07-30,CUST-1594,Anjali Kumar,Home Appliances,Cooling,Air Cooler,South,Andhra Pradesh,Vijayawada,7926.4,1,0.2,4783.36,UPI,Cancelled
ORD-14175,2025-12-17,CUST-1224,Deepak Jain,Home Appliances,Cooling,Air Cooler,South,Tamil Nadu,Coimbatore,25736.4,4,0.1,20070.63,UPI,Delivered
ORD-14176,2025-09-13,CUST-1690,Anjali Verma,Electronics,Monitors,Samsung Monitor,West,Goa,Margao,26551.0,1,0.0,20213.34,UPI,Delivered
ORD-14177,2025-12-25,CUST-1625,Meena Kumar,Furniture,Office Furniture,Office Chair,South,Andhra Pradesh,Vijayawada,52140.0,5,0.2,38836.77,Debit Card,Cancelled
ORD-14178,2025-12-13,CUST-1536,Shweta Gupta,Electronics,Laptops,HP Laptop,South,Karnataka,Bengaluru,190710.6,4,0.05,121478.79,Credit Card,Cancelled
ORD-14179,2025-12-11,CUST-1510,Varun Agarwal,Office Supplies,Paper,Printer Paper,South,Karnataka,Bengaluru,408.0,1,0.2,265.55,Debit Card,Delivered
ORD-14180,2025-03-19,CUST-1348,Deepak Agarwal,Office Supplies,Stationery,Pen Set,West,Gujarat,Surat,1756.0,5,0.2,1169.02,Net Banking,Delivered
ORD-14181,2025-03-21,CUST-1221,Shweta Singh,Electronics,Monitors,LG Monitor,South,Karnataka,Bengaluru,12070.0,1,0.0,8123.59,Credit Card,Cancelled
ORD-14182,2025-10-31,CUST-1456,Shweta Singh,Electronics,Smartphones,iPhone,South,Telangana,Hyderabad,155638.0,2,0.0,105912.66,Net Banking,Delivered
ORD-14183,2025-02-24,CUST-1058,Pooja Singh,Electronics,Accessories,Mouse,East,Odisha,Cuttack,8675.2,4,0.2,6105.22,Net Banking,Delivered
ORD-14184,2025-11-21,CUST-1547,Kavita Singh,Office Supplies,Stationery,Stapler,East,Bihar,Patna,1680.0,4,0.2,1271.93,UPI,Delivered
ORD-14185,2025-12-19,CUST-1317,Anil Sharma,Furniture,Storage,Filing Cabinet,North,Rajasthan,Kota,9817.5,2,0.15,6736.09,UPI,Delivered
ORD-14186,2025-07-31,CUST-1571,Sanjay Mishra,Electronics,Laptops,Lenovo Laptop,North,Punjab,Ludhiana,336490.0,5,0.0,271228.25,Debit Card,Delivered
ORD-14187,2025-10-16,CUST-1025,Neha Sharma,Home Appliances,Cooling,Air Cooler,West,Goa,Panaji,24180.0,3,0.0,19100.38,Net Banking,Delivered
ORD-14188,2025-01-12,CUST-1537,Kavita Jain,Home Appliances,Kitchen,Mixer Grinder,East,Odisha,Bhubaneswar,12198.6,2,0.1,8220.52,Credit Card,Delivered
ORD-14189,2025-12-14,CUST-1197,Priya Jain,Electronics,Smartphones,Redmi Phone,North,Delhi,New Delhi,41972.0,4,0.0,26672.74,Credit Card,Delivered
ORD-14190,2025-10-05,CUST-1143,Manish Mishra,Home Appliances,Cleaning,Vacuum Cleaner,North,Haryana,Gurugram,38265.0,3,0.0,31510.08,Cash on Delivery,Delivered
ORD-14191,2025-03-27,CUST-1520,Pooja Sharma,Electronics,Monitors,Dell Monitor,West,Maharashtra,Nashik,54614.55,3,0.05,43809.51,Debit Card,Shipped
ORD-14192,2025-02-27,CUST-1733,Ritu Patel,Office Supplies,Paper,Copy Paper,South,Telangana,Warangal,2052.0,4,0.1,1602.3,Credit Card,Delivered
ORD-14193,2025-01-29,CUST-1279,Amit Gupta,Electronics,Laptops,Lenovo Laptop,North,Punjab,Jalandhar,298893.75,5,0.05,204980.52,Net Banking,Delivered
ORD-14194,2025-11-05,CUST-1156,Neha Jain,Office Supplies,Equipment,Calculator,North,Rajasthan,Kota,8280.0,5,0.1,6569.4,Net Banking,Delivered
ORD-14195,2025-05-02,CUST-1219,Anil Singh,Office Supplies,Paper,Copy Paper,South,Andhra Pradesh,Visakhapatnam,2120.0,5,0.0,1725.44,Credit Card,Delivered
ORD-14196,2025-11-23,CUST-1545,Amit Mishra,Home Appliances,Cooling,Air Cooler,South,Andhra Pradesh,Visakhapatnam,56635.2,4,0.1,34905.95,Credit Card,Returned
ORD-14197,2025-05-24,CUST-1406,Priya Verma,Office Supplies,Paper,Printer Paper,South,Telangana,Hyderabad,544.0,2,0.0,425.7,UPI,Cancelled
ORD-14198,2025-08-21,CUST-1604,Ritu Gupta,Home Appliances,Cleaning,Vacuum Cleaner,West,Maharashtra,Mumbai,23924.0,4,0.0,18756.34,Cash on Delivery,Cancelled
ORD-14199,2025-04-23,CUST-1795,Rohit Agarwal,Furniture,Office Furniture,Office Chair,South,Telangana,Warangal,31030.8,3,0.05,23665.02,Credit Card,Returned
ORD-14200,2025-11-12,CUST-1476,Priya Gupta,Furniture,Lighting,LED Desk Lamp,North,Haryana,Faridabad,1669.15,1,0.05,1108.05,UPI,Cancelled
ORD-14201,2025-12-10,CUST-1049,Rahul Singh,Office Supplies,Equipment,Calculator,West,Gujarat,Surat,4347.0,5,0.1,2649.83,UPI,Delivered
ORD-14202,2025-03-16,CUST-1575,Sneha Kumar,Home Appliances,Cleaning,Vacuum Cleaner,North,Rajasthan,Kota,44075.25,5,0.05,36530.45,Debit Card,Delivered
ORD-14203,2025-11-18,CUST-1575,Rahul Singh,Electronics,Monitors,Samsung Monitor,East,Odisha,Bhubaneswar,43916.8,2,0.2,29610.37,Net Banking,Cancelled
ORD-14204,2025-04-30,CUST-1727,Arjun Kumar,Home Appliances,Cooling,Air Cooler,East,Jharkhand,Ranchi,37024.0,5,0.2,28431.98,Credit Card,Delivered
ORD-14205,2025-06-27,CUST-1378,Anil Mishra,Office Supplies,Equipment,Calculator,East,West Bengal,Siliguri,939.6,2,0.1,615.23,Cash on Delivery,Delivered
ORD-14206,2025-10-12,CUST-1115,Neha Patel,Office Supplies,Paper,Printer Paper,South,Kerala,Thiruvananthapuram,1009.8,2,0.15,834.73,Credit Card,Delivered
ORD-14207,2025-05-15,CUST-1646,Amit Singh,Electronics,Laptops,HP Laptop,North,Delhi,New Delhi,129794.0,2,0.0,80155.3,Debit Card,Delivered
ORD-14208,2025-09-09,CUST-1353,Neha Patel,Electronics,Accessories,Keyboard,East,Jharkhand,Ranchi,7754.4,3,0.1,6086.2,Debit Card,Delivered
ORD-14209,2025-01-31,CUST-1342,Manish Kumar,Office Supplies,Stationery,Stapler,West,Madhya Pradesh,Indore,614.4,2,0.2,390.99,Cash on Delivery,Shipped
ORD-14210,2025-02-19,CUST-1404,Anil Gupta,Electronics,Accessories,Keyboard,East,West Bengal,Siliguri,5568.0,2,0.0,3768.94,Credit Card,Delivered
ORD-14211,2025-06-25,CUST-1302,Vikas Jain,Furniture,Lighting,LED Desk Lamp,West,Madhya Pradesh,Indore,2308.5,2,0.05,1937.59,Credit Card,Delivered
ORD-14212,2025-09-26,CUST-1229,Vikas Singh,Office Supplies,Stationery,Notebook,East,West Bengal,Siliguri,1638.0,4,0.1,994.43,Net Banking,Delivered
ORD-14213,2025-06-25,CUST-1563,Priya Patel,Electronics,Smartphones,OnePlus Phone,South,Telangana,Warangal,65818.0,2,0.0,47845.21,Cash on Delivery,Delivered
ORD-14214,2025-11-28,CUST-1287,Nisha Sharma,Furniture,Lighting,Table Lamp,West,Maharashtra,Nagpur,5858.2,4,0.15,4446.04,Debit Card,Shipped
ORD-14215,2025-01-24,CUST-1601,Shweta Kumar,Electronics,Smartphones,OnePlus Phone,West,Madhya Pradesh,Bhopal,70130.1,3,0.15,44704.21,UPI,Cancelled
ORD-14216,2025-05-26,CUST-1419,Rohit Gupta,Home Appliances,Kitchen,Electric Kettle,South,Telangana,Warangal,5866.0,2,0.0,3767.11,Debit Card,Delivered
ORD-14217,2025-06-27,CUST-1774,Pooja Gupta,Electronics,Monitors,LG Monitor,West,Maharashtra,Nagpur,40412.8,4,0.2,24818.69,Net Banking,Delivered
ORD-14218,2025-10-17,CUST-1139,Vikas Gupta,Furniture,Lighting,LED Desk Lamp,East,Jharkhand,Jamshedpur,3254.4,1,0.1,2039.15,UPI,Shipped
ORD-14219,2025-04-03,CUST-1786,Kavita Kumar,Office Supplies,Paper,Copy Paper,West,Madhya Pradesh,Indore,2332.0,5,0.2,1486.74,Debit Card,Delivered
ORD-14220,2025-09-07,CUST-1440,Manish Gupta,Office Supplies,Stationery,Pen Set,East,Bihar,Gaya,1214.0,2,0.0,783.26,Debit Card,Delivered
ORD-14221,2025-05-05,CUST-1055,Sneha Sharma,Furniture,Office Furniture,Office Desk,North,Rajasthan,Jodhpur,39637.8,2,0.05,25261.23,UPI,Delivered
ORD-14222,2025-04-01,CUST-1414,Neha Mishra,Office Supplies,Equipment,Paper Shredder,East,Odisha,Cuttack,23965.75,5,0.15,16736.85,Credit Card,Delivered
ORD-14223,2025-03-15,CUST-1102,Pooja Sharma,Furniture,Lighting,LED Desk Lamp,South,Telangana,Hyderabad,2436.0,3,0.2,1590.61,Cash on Delivery,Delivered
ORD-14224,2025-05-17,CUST-1628,Pooja Kumar,Furniture,Lighting,LED Desk Lamp,East,Bihar,Gaya,6684.0,4,0.0,5250.06,Debit Card,Delivered
ORD-14225,2025-12-27,CUST-1427,Vikas Yadav,Home Appliances,Cooling,Air Cooler,East,West Bengal,Kolkata,7097.45,1,0.05,5023.45,Cash on Delivery,Delivered
ORD-14226,2025-07-31,CUST-1397,Kavita Gupta,Home Appliances,Cooling,Air Cooler,South,Tamil Nadu,Chennai,42284.7,3,0.1,33947.62,Debit Card,Delivered
ORD-14227,2025-09-07,CUST-1491,Sanjay Sharma,Furniture,Storage,Storage Cabinet,West,Goa,Panaji,53908.0,5,0.2,33709.01,Net Banking,Delivered
ORD-14228,2025-08-24,CUST-1409,Vikas Kumar,Electronics,Accessories,Keyboard,South,Andhra Pradesh,Visakhapatnam,814.3,1,0.15,608.59,Credit Card,Delivered
ORD-14229,2025-12-29,CUST-1222,Nisha Patel,Home Appliances,Kitchen,Electric Kettle,North,Haryana,Panipat,7737.75,3,0.05,5846.09,UPI,Delivered
ORD-14230,2025-09-15,CUST-1465,Nisha Verma,Home Appliances,Cleaning,Vacuum Cleaner,East,Bihar,Gaya,20757.0,3,0.0,14287.38,Cash on Delivery,Delivered
ORD-14231,2025-04-19,CUST-1307,Varun Yadav,Office Supplies,Paper,Copy Paper,West,Maharashtra,Mumbai,2038.4,4,0.2,1306.46,Credit Card,Returned
ORD-14232,2025-11-28,CUST-1409,Rohit Yadav,Home Appliances,Cooling,Air Cooler,East,Bihar,Patna,49800.0,5,0.2,42213.43,Net Banking,Delivered
ORD-14233,2025-11-28,CUST-1438,Sneha Agarwal,Home Appliances,Kitchen,Microwave,East,Bihar,Gaya,28089.6,2,0.05,19683.98,UPI,Returned
ORD-14234,2025-08-20,CUST-1370,Neha Sharma,Electronics,Smartphones,OnePlus Phone,West,Maharashtra,Nagpur,141670.0,5,0.0,87351.31,Debit Card,Delivered
ORD-14235,2025-10-06,CUST-1662,Vikas Sharma,Home Appliances,Cooling,Air Cooler,East,West Bengal,Siliguri,13738.9,1,0.05,9526.81,UPI,Delivered
ORD-14236,2025-08-07,CUST-1268,Rahul Singh,Furniture,Office Furniture,Office Chair,North,Delhi,New Delhi,25038.45,3,0.15,17734.26,Net Banking,Delivered
ORD-14237,2025-02-17,CUST-1485,Neha Jain,Furniture,Storage,Storage Cabinet,East,Jharkhand,Jamshedpur,24692.4,4,0.1,20414.01,Cash on Delivery,Returned
ORD-14238,2025-09-29,CUST-1206,Manish Patel,Office Supplies,Stationery,Stapler,South,Tamil Nadu,Madurai,1287.25,5,0.05,1021.56,Cash on Delivery,Delivered
ORD-14239,2025-08-22,CUST-1415,Arjun Patel,Office Supplies,Stationery,Pen Set,West,Madhya Pradesh,Indore,675.2,2,0.2,498.44,Debit Card,Delivered
ORD-14240,2025-12-14,CUST-1699,Kavita Sharma,Furniture,Office Furniture,Bookshelf,West,Goa,Margao,19978.2,2,0.1,16222.76,Net Banking,Cancelled
ORD-14241,2025-06-17,CUST-1146,Shweta Yadav,Electronics,Laptops,ASUS Laptop,East,Odisha,Cuttack,162696.8,4,0.15,107066.82,UPI,Cancelled
ORD-14242,2025-01-24,CUST-1030,Anil Agarwal,Home Appliances,Cooling,Air Cooler,East,Jharkhand,Jamshedpur,8484.45,1,0.05,5119.78,Credit Card,Cancelled
ORD-14243,2025-12-25,CUST-1441,Varun Singh,Furniture,Office Furniture,Office Desk,South,Andhra Pradesh,Vijayawada,39672.0,3,0.05,24096.82,Debit Card,Delivered
ORD-14244,2025-03-26,CUST-1267,Priya Yadav,Electronics,Smartphones,iPhone,South,Karnataka,Bengaluru,324849.0,3,0.0,241770.69,UPI,Delivered
ORD-14245,2025-04-07,CUST-1583,Pooja Mishra,Office Supplies,Equipment,Paper Shredder,West,Goa,Panaji,6495.7,1,0.15,4416.26,Cash on Delivery,Shipped
ORD-14246,2025-04-23,CUST-1432,Varun Patel,Home Appliances,Kitchen,Electric Kettle,West,Maharashtra,Pune,13383.0,5,0.1,10292.96,Net Banking,Delivered
ORD-14247,2025-01-31,CUST-1747,Manish Verma,Home Appliances,Kitchen,Microwave,West,Gujarat,Ahmedabad,15848.0,2,0.2,11491.4,Debit Card,Shipped
ORD-14248,2025-10-23,CUST-1637,Varun Agarwal,Electronics,Accessories,Headphones,North,Rajasthan,Kota,27888.0,5,0.2,17525.22,Cash on Delivery,Delivered
ORD-14249,2025-04-25,CUST-1484,Anil Sharma,Home Appliances,Kitchen,Electric Kettle,West,Goa,Panaji,1627.75,1,0.15,1079.97,Cash on Delivery,Shipped
ORD-14250,2025-01-28,CUST-1395,Nisha Jain,Furniture,Lighting,Table Lamp,East,Odisha,Bhubaneswar,4566.2,2,0.15,3445.07,UPI,Delivered
ORD-14251,2025-04-08,CUST-1688,Nisha Agarwal,Furniture,Lighting,LED Desk Lamp,West,Maharashtra,Nagpur,5720.5,2,0.15,4349.56,UPI,Delivered
ORD-14252,2025-10-19,CUST-1762,Kavita Agarwal,Electronics,Laptops,Lenovo Laptop,South,Tamil Nadu,Madurai,53949.55,1,0.05,34594.97,Net Banking,Cancelled
ORD-14253,2025-12-18,CUST-1661,Meena Kumar,Office Supplies,Stationery,Notebook,West,Maharashtra,Mumbai,214.0,2,0.0,176.21,Cash on Delivery,Delivered
ORD-14254,2025-07-06,CUST-1560,Pooja Singh,Home Appliances,Cooling,Air Cooler,South,Tamil Nadu,Coimbatore,43884.0,5,0.1,35753.54,UPI,Delivered
ORD-14255,2025-05-26,CUST-1449,Varun Yadav,Furniture,Office Furniture,Bookshelf,East,Odisha,Cuttack,14539.5,3,0.1,9119.91,Net Banking,Delivered
ORD-14256,2025-08-22,CUST-1195,Anil Singh,Electronics,Accessories,Headphones,West,Gujarat,Ahmedabad,5219.0,2,0.15,4188.65,Net Banking,Delivered
ORD-14257,2025-08-25,CUST-1281,Rahul Gupta,Electronics,Laptops,Lenovo Laptop,West,Gujarat,Vadodara,266850.0,4,0.1,168367.97,Net Banking,Delivered
ORD-14258,2025-09-08,CUST-1216,Arjun Sharma,Office Supplies,Stationery,Notebook,East,Jharkhand,Jamshedpur,562.4,2,0.05,438.45,UPI,Returned
ORD-14259,2025-12-09,CUST-1106,Priya Sharma,Furniture,Office Furniture,Bookshelf,South,Tamil Nadu,Madurai,12736.0,2,0.0,10076.51,Credit Card,Delivered
ORD-14260,2025-01-16,CUST-1260,Priya Sharma,Electronics,Accessories,Keyboard,South,Andhra Pradesh,Visakhapatnam,9609.25,5,0.05,5849.34,Credit Card,Shipped
ORD-14261,2025-08-23,CUST-1193,Arjun Mishra,Electronics,Accessories,Headphones,North,Delhi,Delhi,9716.4,2,0.1,6639.11,Net Banking,Delivered
ORD-14262,2025-11-16,CUST-1738,Deepak Verma,Home Appliances,Cooling,Air Cooler,East,West Bengal,Kolkata,32322.6,2,0.1,23715.04,Net Banking,Returned
ORD-14263,2025-08-03,CUST-1797,Neha Yadav,Home Appliances,Cooling,Air Cooler,North,Delhi,New Delhi,25761.0,3,0.0,16135.46,Cash on Delivery,Returned
ORD-14264,2025-06-19,CUST-1218,Anil Yadav,Home Appliances,Cleaning,Vacuum Cleaner,North,Punjab,Amritsar,61340.0,5,0.0,40038.95,UPI,Delivered
ORD-14265,2025-03-08,CUST-1623,Vikas Jain,Furniture,Office Furniture,Bookshelf,North,Uttar Pradesh,Varanasi,40660.95,3,0.05,26973.51,Cash on Delivery,Delivered
ORD-14266,2025-06-13,CUST-1706,Neha Kumar,Office Supplies,Paper,Copy Paper,West,Maharashtra,Nagpur,2565.0,5,0.0,1787.16,UPI,Delivered
ORD-14267,2025-05-04,CUST-1594,Nisha Agarwal,Electronics,Accessories,Keyboard,West,Goa,Margao,3822.4,2,0.2,3015.82,UPI,Shipped
ORD-14268,2025-11-22,CUST-1375,Meena Kumar,Furniture,Office Furniture,Bookshelf,North,Punjab,Jalandhar,53604.0,5,0.2,32410.0,UPI,Returned
ORD-14269,2025-09-12,CUST-1477,Sneha Gupta,Electronics,Monitors,Dell Monitor,North,Rajasthan,Kota,12267.2,1,0.2,8036.27,Credit Card,Delivered
ORD-14270,2025-08-27,CUST-1460,Rahul Mishra,Furniture,Storage,Filing Cabinet,South,Andhra Pradesh,Visakhapatnam,50195.0,5,0.0,38967.4,Credit Card,Returned
ORD-14271,2025-12-23,CUST-1460,Shweta Verma,Furniture,Office Furniture,Office Chair,South,Tamil Nadu,Coimbatore,32448.0,3,0.2,23599.98,Debit Card,Returned
ORD-14272,2025-11-27,CUST-1800,Amit Kumar,Home Appliances,Cleaning,Vacuum Cleaner,North,Haryana,Gurugram,12524.8,2,0.05,9618.2,UPI,Delivered
ORD-14273,2025-06-16,CUST-1309,Arjun Kumar,Office Supplies,Paper,Printer Paper,West,Maharashtra,Pune,597.0,1,0.0,416.24,Cash on Delivery,Delivered
ORD-14274,2025-01-02,CUST-1507,Rohit Gupta,Furniture,Office Furniture,Bookshelf,East,Jharkhand,Jamshedpur,15014.7,3,0.1,11389.73,Net Banking,Delivered
ORD-14275,2025-08-17,CUST-1195,Sneha Singh,Furniture,Lighting,Table Lamp,North,Punjab,Ludhiana,2259.9,3,0.1,1527.35,UPI,Delivered
ORD-14276,2025-03-23,CUST-1078,Kavita Jain,Office Supplies,Stationery,Pen Set,West,Madhya Pradesh,Bhopal,342.0,1,0.1,236.38,UPI,Delivered
ORD-14277,2025-03-22,CUST-1615,Amit Kumar,Home Appliances,Cooling,Air Cooler,South,Karnataka,Bengaluru,45869.4,4,0.15,31480.58,Debit Card,Delivered
ORD-14278,2025-11-09,CUST-1514,Manish Yadav,Electronics,Monitors,Samsung Monitor,South,Tamil Nadu,Chennai,18654.4,1,0.2,15105.87,Credit Card,Delivered
ORD-14279,2025-10-26,CUST-1593,Meena Sharma,Office Supplies,Paper,Printer Paper,East,West Bengal,Kolkata,2450.0,5,0.0,1950.21,Credit Card,Delivered
ORD-14280,2025-12-24,CUST-1234,Meena Singh,Furniture,Office Furniture,Office Desk,West,Madhya Pradesh,Indore,65287.8,4,0.05,44621.76,UPI,Shipped
ORD-14281,2025-09-22,CUST-1752,Sanjay Gupta,Home Appliances,Cooling,Air Cooler,South,Telangana,Hyderabad,45321.15,3,0.15,34872.67,Net Banking,Delivered
ORD-14282,2025-03-18,CUST-1256,Sneha Singh,Furniture,Lighting,Table Lamp,West,Gujarat,Vadodara,3313.6,2,0.05,2241.46,UPI,Delivered
ORD-14283,2025-02-06,CUST-1530,Pooja Patel,Office Supplies,Paper,Printer Paper,West,Madhya Pradesh,Bhopal,1364.4,4,0.1,827.85,Debit Card,Cancelled
ORD-14284,2025-12-26,CUST-1417,Meena Mishra,Home Appliances,Cooling,Air Cooler,South,Kerala,Kochi,20007.0,2,0.05,15148.46,Cash on Delivery,Cancelled
ORD-14285,2025-02-06,CUST-1160,Priya Jain,Home Appliances,Kitchen,Mixer Grinder,North,Delhi,Delhi,27558.0,5,0.1,19809.56,UPI,Delivered
ORD-14286,2025-06-02,CUST-1060,Varun Singh,Furniture,Lighting,LED Desk Lamp,West,Maharashtra,Nagpur,7227.6,3,0.05,5099.8,Net Banking,Delivered
ORD-14287,2025-05-12,CUST-1414,Varun Gupta,Furniture,Storage,Storage Cabinet,North,Uttar Pradesh,Noida,49360.0,4,0.0,41483.75,Debit Card,Returned
ORD-14288,2025-04-22,CUST-1074,Manish Patel,Office Supplies,Paper,Copy Paper,East,Bihar,Gaya,1980.8,4,0.2,1575.81,Net Banking,Delivered
ORD-14289,2025-09-04,CUST-1190,Varun Singh,Office Supplies,Equipment,Calculator,West,Gujarat,Surat,3572.8,2,0.2,2739.54,Net Banking,Returned
ORD-14290,2025-02-24,CUST-1137,Ritu Singh,Office Supplies,Equipment,Paper Shredder,East,West Bengal,Kolkata,28771.2,4,0.2,21580.6,Debit Card,Cancelled
ORD-14291,2025-09-16,CUST-1076,Shweta Kumar,Electronics,Smartphones,Redmi Phone,North,Haryana,Panipat,69486.0,3,0.0,54257.39,Debit Card,Delivered
ORD-14292,2025-10-14,CUST-1436,Sneha Gupta,Office Supplies,Equipment,Calculator,South,Telangana,Warangal,1211.25,1,0.05,810.3,UPI,Delivered
ORD-14293,2025-06-27,CUST-1402,Meena Gupta,Furniture,Office Furniture,Office Desk,East,Odisha,Bhubaneswar,31406.4,3,0.1,25058.63,Cash on Delivery,Delivered
ORD-14294,2025-09-05,CUST-1514,Anjali Kumar,Electronics,Accessories,Headphones,East,Jharkhand,Ranchi,8536.0,4,0.0,7010.07,Credit Card,Cancelled
ORD-14295,2025-05-03,CUST-1198,Pooja Singh,Office Supplies,Stationery,Stapler,East,West Bengal,Siliguri,1059.25,5,0.05,850.69,Cash on Delivery,Shipped
ORD-14296,2025-06-19,CUST-1397,Vikas Gupta,Office Supplies,Equipment,Calculator,West,Goa,Panaji,3410.0,2,0.0,2311.48,Cash on Delivery,Returned
ORD-14297,2025-10-17,CUST-1426,Deepak Jain,Office Supplies,Stationery,Pen Set,West,Goa,Panaji,142.2,1,0.1,114.74,UPI,Cancelled
ORD-14298,2025-01-12,CUST-1751,Pooja Yadav,Electronics,Monitors,Samsung Monitor,East,West Bengal,Siliguri,55825.2,2,0.1,36441.89,Cash on Delivery,Delivered
ORD-14299,2025-06-22,CUST-1540,Ritu Gupta,Home Appliances,Kitchen,Mixer Grinder,South,Tamil Nadu,Coimbatore,2872.15,1,0.15,2113.11,Net Banking,Delivered
ORD-14300,2025-12-07,CUST-1045,Sanjay Jain,Office Supplies,Equipment,Paper Shredder,South,Andhra Pradesh,Vijayawada,28761.45,3,0.15,23442.54,Cash on Delivery,Cancelled
ORD-14301,2025-02-18,CUST-1731,Sneha Jain,Furniture,Storage,Filing Cabinet,North,Punjab,Amritsar,9667.2,1,0.05,7148.22,Credit Card,Delivered
ORD-14302,2025-07-18,CUST-1781,Varun Kumar,Office Supplies,Stationery,Notebook,South,Telangana,Warangal,475.0,2,0.05,336.09,Net Banking,Shipped
ORD-14303,2025-05-18,CUST-1350,Pooja Yadav,Office Supplies,Paper,Printer Paper,North,Uttar Pradesh,Varanasi,803.2,4,0.2,678.72,Debit Card,Cancelled
ORD-14304,2025-01-30,CUST-1379,Kavita Jain,Electronics,Laptops,ASUS Laptop,East,Jharkhand,Jamshedpur,221304.0,5,0.2,153853.9,UPI,Returned
ORD-14305,2025-05-26,CUST-1767,Sneha Gupta,Electronics,Smartphones,Redmi Phone,North,Haryana,Faridabad,125015.25,5,0.05,104538.82,Net Banking,Delivered
ORD-14306,2025-01-07,CUST-1115,Shweta Patel,Office Supplies,Stationery,Notebook,East,Odisha,Cuttack,896.4,4,0.1,684.04,Debit Card,Shipped
ORD-14307,2025-10-25,CUST-1710,Nisha Jain,Home Appliances,Cooling,Air Cooler,West,Gujarat,Vadodara,23299.2,3,0.2,14110.87,Net Banking,Shipped
ORD-14308,2025-05-21,CUST-1109,Varun Mishra,Home Appliances,Kitchen,Electric Kettle,East,Odisha,Cuttack,2041.7,1,0.15,1591.04,Cash on Delivery,Shipped
ORD-14309,2025-08-29,CUST-1659,Vikas Jain,Electronics,Smartphones,Samsung Galaxy,North,Punjab,Amritsar,112286.2,2,0.05,91420.03,Net Banking,Returned
ORD-14310,2025-07-26,CUST-1221,Meena Verma,Furniture,Lighting,LED Desk Lamp,East,Odisha,Cuttack,10686.2,4,0.15,8227.81,Net Banking,Delivered
ORD-14311,2025-10-26,CUST-1419,Varun Agarwal,Home Appliances,Cleaning,Vacuum Cleaner,North,Rajasthan,Jaipur,13531.2,3,0.2,9580.99,Cash on Delivery,Cancelled
ORD-14312,2025-11-13,CUST-1452,Neha Verma,Home Appliances,Kitchen,Microwave,North,Haryana,Faridabad,20290.35,3,0.15,12427.15,UPI,Delivered
ORD-14313,2025-10-29,CUST-1104,Pooja Singh,Home Appliances,Kitchen,Microwave,East,Jharkhand,Jamshedpur,51841.5,5,0.05,33374.27,Credit Card,Delivered
ORD-14314,2025-04-17,CUST-1504,Manish Verma,Furniture,Storage,Filing Cabinet,East,Bihar,Gaya,11512.0,2,0.0,8146.27,Cash on Delivery,Cancelled
ORD-14315,2025-11-11,CUST-1460,Sanjay Yadav,Home Appliances,Cooling,Air Cooler,East,West Bengal,Siliguri,45560.85,3,0.15,36514.33,UPI,Delivered
ORD-14316,2025-03-22,CUST-1634,Nisha Gupta,Electronics,Accessories,Mouse,West,Goa,Margao,2077.4,4,0.15,1602.63,Debit Card,Delivered
ORD-14317,2025-01-01,CUST-1442,Pooja Mishra,Furniture,Office Furniture,Office Chair,South,Andhra Pradesh,Visakhapatnam,27999.0,3,0.1,20085.36,Cash on Delivery,Delivered
ORD-14318,2025-10-01,CUST-1344,Meena Singh,Electronics,Laptops,ASUS Laptop,South,Tamil Nadu,Chennai,194684.85,3,0.15,131694.14,UPI,Delivered
ORD-14319,2025-05-20,CUST-1139,Rahul Verma,Furniture,Office Furniture,Bookshelf,North,Delhi,Delhi,44206.8,4,0.15,35895.68,Credit Card,Delivered
ORD-14320,2025-09-13,CUST-1029,Arjun Yadav,Electronics,Accessories,Headphones,East,Jharkhand,Ranchi,8640.0,4,0.0,5358.03,Net Banking,Delivered
ORD-14321,2025-02-25,CUST-1151,Deepak Sharma,Furniture,Storage,Storage Cabinet,West,Madhya Pradesh,Indore,63924.0,5,0.2,38390.51,UPI,Delivered
ORD-14322,2025-12-10,CUST-1426,Neha Jain,Home Appliances,Cooling,Air Cooler,North,Delhi,Delhi,17016.0,2,0.0,12520.26,UPI,Cancelled
ORD-14323,2025-01-15,CUST-1143,Rohit Gupta,Home Appliances,Kitchen,Electric Kettle,North,Punjab,Ludhiana,8776.25,5,0.15,6473.9,Debit Card,Shipped
ORD-14324,2025-10-08,CUST-1074,Arjun Yadav,Office Supplies,Equipment,Paper Shredder,North,Rajasthan,Jaipur,10521.3,3,0.15,7802.64,Debit Card,Delivered
ORD-14325,2025-06-09,CUST-1320,Varun Verma,Home Appliances,Cleaning,Vacuum Cleaner,East,Odisha,Cuttack,54753.25,5,0.05,34050.46,Credit Card,Delivered
ORD-14326,2025-10-26,CUST-1185,Meena Mishra,Home Appliances,Cleaning,Vacuum Cleaner,North,Uttar Pradesh,Prayagraj,7773.85,1,0.05,6224.78,Net Banking,Delivered
ORD-14327,2025-09-15,CUST-1724,Amit Jain,Home Appliances,Cooling,Air Cooler,East,Bihar,Gaya,50379.0,3,0.0,39414.01,Cash on Delivery,Delivered
ORD-14328,2025-09-26,CUST-1549,Manish Sharma,Electronics,Accessories,Headphones,North,Punjab,Amritsar,29871.8,4,0.05,22411.16,UPI,Shipped
ORD-14329,2025-05-05,CUST-1011,Arjun Singh,Office Supplies,Equipment,Calculator,North,Uttar Pradesh,Prayagraj,2108.85,3,0.15,1385.13,UPI,Returned
ORD-14330,2025-10-09,CUST-1450,Pooja Mishra,Furniture,Storage,Filing Cabinet,East,Jharkhand,Ranchi,22722.2,2,0.15,18881.38,UPI,Cancelled
ORD-14331,2025-05-08,CUST-1529,Varun Verma,Office Supplies,Equipment,Calculator,North,Uttar Pradesh,Prayagraj,1567.8,2,0.1,1170.1,Debit Card,Delivered
ORD-14332,2025-05-15,CUST-1029,Pooja Yadav,Furniture,Lighting,Table Lamp,North,Punjab,Jalandhar,1624.0,2,0.2,1173.62,Net Banking,Cancelled
ORD-14333,2025-12-12,CUST-1285,Nisha Yadav,Furniture,Storage,Storage Cabinet,North,Rajasthan,Jaipur,35757.0,5,0.1,23415.26,UPI,Returned
ORD-14334,2025-02-28,CUST-1726,Sneha Singh,Electronics,Monitors,Dell Monitor,West,Goa,Margao,78650.0,5,0.0,57555.5,UPI,Shipped
ORD-14335,2025-07-31,CUST-1117,Kavita Jain,Electronics,Smartphones,iPhone,North,Rajasthan,Jodhpur,188806.4,2,0.2,147197.16,Net Banking,Returned
ORD-14336,2025-04-11,CUST-1154,Arjun Singh,Electronics,Smartphones,Redmi Phone,North,Punjab,Amritsar,77314.5,3,0.1,57607.92,Debit Card,Delivered
ORD-14337,2025-01-14,CUST-1505,Sanjay Agarwal,Office Supplies,Equipment,Paper Shredder,South,Andhra Pradesh,Vijayawada,47228.0,5,0.2,34689.8,UPI,Returned
ORD-14338,2025-02-05,CUST-1746,Kavita Singh,Electronics,Smartphones,Redmi Phone,North,Delhi,Delhi,19164.95,1,0.15,11941.45,Net Banking,Delivered
ORD-14339,2025-09-12,CUST-1055,Vikas Singh,Furniture,Storage,Filing Cabinet,West,Maharashtra,Mumbai,4216.8,1,0.2,2747.75,Cash on Delivery,Delivered
ORD-14340,2025-04-06,CUST-1020,Shweta Verma,Electronics,Smartphones,iPhone,West,Gujarat,Vadodara,95626.8,1,0.1,76529.43,Credit Card,Delivered
ORD-14341,2025-12-13,CUST-1071,Ritu Patel,Home Appliances,Kitchen,Mixer Grinder,South,Tamil Nadu,Chennai,11951.0,2,0.05,8867.16,Cash on Delivery,Delivered
ORD-14342,2025-04-02,CUST-1542,Kavita Agarwal,Office Supplies,Stationery,Notebook,North,Delhi,New Delhi,1445.0,5,0.15,1049.19,UPI,Cancelled
ORD-14343,2025-10-28,CUST-1008,Amit Agarwal,Furniture,Lighting,LED Desk Lamp,East,Jharkhand,Jamshedpur,3651.2,4,0.2,2997.8,Cash on Delivery,Returned
ORD-14344,2025-07-08,CUST-1153,Neha Gupta,Office Supplies,Stationery,Notebook,North,Delhi,Delhi,396.1,1,0.15,299.76,Debit Card,Delivered
ORD-14345,2025-10-03,CUST-1689,Priya Verma,Furniture,Lighting,Table Lamp,West,Goa,Margao,3357.0,2,0.1,2048.99,Debit Card,Cancelled
ORD-14346,2025-10-12,CUST-1669,Ritu Mishra,Furniture,Lighting,Table Lamp,West,Maharashtra,Mumbai,4772.0,4,0.0,3927.42,Net Banking,Delivered
ORD-14347,2025-10-02,CUST-1333,Deepak Verma,Home Appliances,Cooling,Air Cooler,West,Madhya Pradesh,Indore,63407.75,5,0.05,51112.85,Debit Card,Delivered
ORD-14348,2025-09-13,CUST-1508,Sneha Mishra,Home Appliances,Cleaning,Vacuum Cleaner,South,Andhra Pradesh,Vijayawada,23113.5,3,0.05,15459.28,Cash on Delivery,Delivered
ORD-14349,2025-02-27,CUST-1012,Rohit Yadav,Home Appliances,Cleaning,Vacuum Cleaner,South,Karnataka,Mangaluru,55149.4,4,0.05,34330.69,Cash on Delivery,Cancelled
ORD-14350,2025-02-15,CUST-1713,Neha Verma,Electronics,Accessories,Keyboard,East,Odisha,Bhubaneswar,5235.3,3,0.1,3292.99,Net Banking,Delivered
ORD-14351,2025-10-22,CUST-1186,Deepak Sharma,Electronics,Laptops,ASUS Laptop,East,Jharkhand,Ranchi,213086.7,3,0.1,136585.81,Debit Card,Delivered
ORD-14352,2025-05-18,CUST-1419,Kavita Verma,Office Supplies,Paper,Printer Paper,South,Karnataka,Mysuru,1048.0,5,0.2,754.38,Credit Card,Delivered
ORD-14353,2025-10-01,CUST-1670,Shweta Jain,Office Supplies,Stationery,Pen Set,South,Tamil Nadu,Madurai,2345.0,5,0.0,1545.19,Credit Card,Delivered
ORD-14354,2025-07-29,CUST-1761,Meena Mishra,Furniture,Office Furniture,Office Desk,West,Gujarat,Ahmedabad,54676.8,4,0.1,37671.88,Net Banking,Shipped
ORD-14355,2025-09-12,CUST-1565,Ritu Gupta,Furniture,Office Furniture,Office Desk,East,Jharkhand,Jamshedpur,48616.0,2,0.0,35271.39,Cash on Delivery,Cancelled
ORD-14356,2025-05-20,CUST-1146,Kavita Verma,Home Appliances,Cleaning,Vacuum Cleaner,East,Jharkhand,Jamshedpur,20570.4,3,0.2,16759.03,Credit Card,Shipped
ORD-14357,2025-05-14,CUST-1019,Manish Kumar,Office Supplies,Equipment,Paper Shredder,East,Jharkhand,Jamshedpur,31374.0,3,0.1,18827.88,Net Banking,Shipped
ORD-14358,2025-11-01,CUST-1606,Varun Singh,Furniture,Storage,Filing Cabinet,West,Gujarat,Ahmedabad,12202.4,1,0.2,7413.25,UPI,Cancelled
ORD-14359,2025-12-09,CUST-1554,Sneha Singh,Electronics,Smartphones,Samsung Galaxy,North,Delhi,New Delhi,35012.35,1,0.15,26496.67,Debit Card,Delivered
ORD-14360,2025-03-26,CUST-1682,Manish Jain,Electronics,Laptops,ASUS Laptop,East,West Bengal,Siliguri,49476.0,1,0.05,41342.3,Net Banking,Cancelled
ORD-14361,2025-05-19,CUST-1061,Anjali Patel,Electronics,Monitors,Dell Monitor,West,Maharashtra,Nagpur,66776.85,3,0.15,44094.64,UPI,Delivered
ORD-14362,2025-03-03,CUST-1525,Ritu Kumar,Home Appliances,Kitchen,Mixer Grinder,East,Odisha,Bhubaneswar,12261.6,2,0.1,8444.04,Credit Card,Returned
ORD-14363,2025-04-28,CUST-1433,Anjali Sharma,Furniture,Lighting,Table Lamp,South,Tamil Nadu,Coimbatore,5392.0,4,0.0,3393.99,Cash on Delivery,Delivered
ORD-14364,2025-10-01,CUST-1588,Anil Gupta,Electronics,Smartphones,Redmi Phone,North,Punjab,Ludhiana,9520.2,1,0.1,7855.07,Cash on Delivery,Delivered
ORD-14365,2025-05-16,CUST-1471,Shweta Yadav,Furniture,Office Furniture,Office Chair,North,Punjab,Amritsar,13210.2,1,0.1,9441.0,Net Banking,Delivered
ORD-14366,2025-09-21,CUST-1540,Priya Kumar,Office Supplies,Paper,Printer Paper,South,Telangana,Warangal,1867.5,5,0.1,1308.61,Credit Card,Returned
ORD-14367,2025-09-02,CUST-1213,Deepak Gupta,Electronics,Monitors,LG Monitor,North,Uttar Pradesh,Kanpur,18265.65,1,0.15,14668.31,Credit Card,Delivered
ORD-14368,2025-05-26,CUST-1668,Sanjay Mishra,Furniture,Lighting,Table Lamp,South,Karnataka,Bengaluru,9900.0,5,0.0,7801.25,UPI,Delivered
ORD-14369,2025-03-11,CUST-1602,Neha Singh,Electronics,Accessories,Headphones,North,Haryana,Panipat,4860.0,3,0.1,3385.5,Net Banking,Returned
ORD-14370,2025-08-02,CUST-1667,Deepak Agarwal,Office Supplies,Equipment,Calculator,North,Haryana,Gurugram,3056.6,4,0.15,2371.82,UPI,Delivered
ORD-14371,2025-05-01,CUST-1383,Deepak Mishra,Furniture,Office Furniture,Office Chair,West,Goa,Margao,74772.0,5,0.1,53428.3,Net Banking,Delivered
ORD-14372,2025-01-19,CUST-1058,Meena Agarwal,Furniture,Storage,Filing Cabinet,West,Maharashtra,Mumbai,39190.5,5,0.1,28950.84,Debit Card,Delivered
ORD-14373,2025-06-02,CUST-1099,Nisha Mishra,Office Supplies,Equipment,Paper Shredder,West,Maharashtra,Mumbai,22683.0,3,0.0,16740.49,Net Banking,Shipped
ORD-14374,2025-07-08,CUST-1278,Arjun Patel,Home Appliances,Cleaning,Vacuum Cleaner,West,Madhya Pradesh,Indore,23138.2,4,0.05,15305.44,UPI,Delivered
ORD-14375,2025-02-11,CUST-1773,Priya Singh,Office Supplies,Stationery,Stapler,South,Andhra Pradesh,Vijayawada,515.0,1,0.0,371.15,Credit Card,Shipped
ORD-14376,2025-05-19,CUST-1175,Amit Verma,Furniture,Office Furniture,Office Chair,South,Karnataka,Mysuru,47139.0,5,0.05,31297.48,Credit Card,Delivered
ORD-14377,2025-09-23,CUST-1141,Varun Verma,Home Appliances,Kitchen,Microwave,West,Madhya Pradesh,Indore,17068.65,1,0.05,14338.56,Credit Card,Delivered
ORD-14378,2025-01-21,CUST-1735,Kavita Gupta,Furniture,Storage,Filing Cabinet,West,Madhya Pradesh,Bhopal,52207.0,5,0.15,34640.1,Net Banking,Shipped
ORD-14379,2025-10-31,CUST-1369,Manish Mishra,Furniture,Storage,Storage Cabinet,South,Telangana,Warangal,69061.5,5,0.1,43507.42,Debit Card,Delivered
ORD-14380,2025-05-30,CUST-1255,Anjali Sharma,Home Appliances,Kitchen,Microwave,West,Gujarat,Vadodara,11259.2,2,0.2,8198.57,Cash on Delivery,Returned
ORD-14381,2025-07-27,CUST-1749,Rahul Yadav,Office Supplies,Equipment,Calculator,West,Maharashtra,Nagpur,6084.0,3,0.0,4513.99,Net Banking,Shipped
ORD-14382,2025-04-09,CUST-1255,Sneha Mishra,Office Supplies,Paper,Printer Paper,East,West Bengal,Kolkata,2645.0,5,0.0,2160.92,Credit Card,Shipped
ORD-14383,2025-06-23,CUST-1534,Varun Mishra,Office Supplies,Equipment,Calculator,West,Goa,Panaji,5832.0,5,0.1,3847.56,UPI,Returned
ORD-14384,2025-05-11,CUST-1486,Anjali Jain,Office Supplies,Paper,Printer Paper,North,Rajasthan,Kota,747.9,3,0.1,467.02,Cash on Delivery,Delivered
ORD-14385,2025-05-22,CUST-1316,Amit Singh,Office Supplies,Equipment,Paper Shredder,East,Odisha,Cuttack,4517.1,1,0.1,2910.6,Cash on Delivery,Delivered
ORD-14386,2025-01-11,CUST-1247,Manish Yadav,Office Supplies,Stationery,Notebook,South,Kerala,Kochi,163.0,1,0.0,108.75,Debit Card,Returned
ORD-14387,2025-10-20,CUST-1533,Rahul Kumar,Office Supplies,Stationery,Pen Set,East,West Bengal,Siliguri,1590.0,5,0.0,1200.54,Net Banking,Returned
ORD-14388,2025-08-12,CUST-1203,Varun Patel,Electronics,Monitors,Samsung Monitor,North,Haryana,Faridabad,66690.15,3,0.15,56075.45,Cash on Delivery,Delivered
ORD-14389,2025-05-14,CUST-1368,Priya Kumar,Furniture,Office Furniture,Office Chair,South,Kerala,Kochi,72537.25,5,0.05,44861.05,Credit Card,Cancelled
ORD-14390,2025-02-08,CUST-1736,Rahul Jain,Furniture,Lighting,LED Desk Lamp,North,Uttar Pradesh,Lucknow,5705.6,4,0.2,3460.58,UPI,Delivered
ORD-14391,2025-09-13,CUST-1573,Meena Jain,Home Appliances,Cooling,Air Cooler,North,Rajasthan,Kota,14758.55,1,0.15,12036.37,Net Banking,Shipped
ORD-14392,2025-12-05,CUST-1520,Varun Gupta,Office Supplies,Stationery,Stapler,South,Karnataka,Mysuru,1748.0,5,0.05,1441.59,UPI,Cancelled
ORD-14393,2025-04-03,CUST-1503,Vikas Kumar,Electronics,Monitors,LG Monitor,North,Uttar Pradesh,Varanasi,29777.4,2,0.1,20670.0,Cash on Delivery,Shipped
ORD-14394,2025-11-04,CUST-1534,Arjun Agarwal,Furniture,Lighting,LED Desk Lamp,South,Andhra Pradesh,Visakhapatnam,5690.5,2,0.05,4807.92,Cash on Delivery,Delivered
ORD-14395,2025-02-16,CUST-1345,Deepak Mishra,Electronics,Laptops,Dell Laptop,West,Madhya Pradesh,Bhopal,129442.0,2,0.0,82920.4,UPI,Cancelled
ORD-14396,2025-11-08,CUST-1139,Pooja Jain,Home Appliances,Kitchen,Electric Kettle,East,West Bengal,Kolkata,6274.8,3,0.1,4335.06,UPI,Delivered
ORD-14397,2025-02-18,CUST-1641,Nisha Verma,Office Supplies,Stationery,Pen Set,East,Jharkhand,Ranchi,867.6,4,0.1,586.86,Net Banking,Delivered
ORD-14398,2025-09-02,CUST-1781,Amit Kumar,Electronics,Laptops,Dell Laptop,North,Uttar Pradesh,Lucknow,217782.4,4,0.2,136282.63,Debit Card,Cancelled
ORD-14399,2025-10-29,CUST-1489,Arjun Jain,Furniture,Storage,Filing Cabinet,West,Madhya Pradesh,Indore,40090.0,4,0.05,24958.29,Net Banking,Returned
ORD-14400,2025-10-27,CUST-1072,Amit Mishra,Office Supplies,Paper,Copy Paper,South,Kerala,Kochi,1383.2,4,0.05,1001.66,Debit Card,Delivered
ORD-14401,2025-06-07,CUST-1560,Nisha Patel,Electronics,Laptops,HP Laptop,North,Rajasthan,Jaipur,101110.4,2,0.05,61227.0,UPI,Returned
ORD-14402,2025-03-09,CUST-1461,Kavita Yadav,Furniture,Storage,Storage Cabinet,North,Haryana,Faridabad,50704.2,4,0.15,34172.67,UPI,Delivered
ORD-14403,2025-03-08,CUST-1750,Ritu Kumar,Home Appliances,Cooling,Air Cooler,West,Gujarat,Ahmedabad,38581.4,4,0.05,23899.14,Cash on Delivery,Delivered
ORD-14404,2025-01-29,CUST-1676,Varun Agarwal,Home Appliances,Kitchen,Microwave,North,Delhi,Delhi,14731.35,1,0.15,10772.13,Debit Card,Returned
ORD-14405,2025-10-29,CUST-1685,Ritu Patel,Furniture,Lighting,Table Lamp,North,Delhi,Delhi,8252.0,4,0.0,5583.46,Debit Card,Delivered
ORD-14406,2025-10-30,CUST-1477,Deepak Gupta,Home Appliances,Kitchen,Mixer Grinder,South,Karnataka,Mangaluru,17203.5,5,0.1,13939.82,Cash on Delivery,Shipped
ORD-14407,2025-07-04,CUST-1768,Vikas Agarwal,Home Appliances,Cooling,Air Cooler,North,Punjab,Jalandhar,29740.5,3,0.1,24863.13,Net Banking,Delivered
ORD-14408,2025-12-04,CUST-1302,Pooja Kumar,Office Supplies,Equipment,Calculator,East,Odisha,Cuttack,1402.0,2,0.0,846.27,Debit Card,Delivered
ORD-14409,2025-03-26,CUST-1737,Anil Jain,Office Supplies,Equipment,Calculator,North,Punjab,Jalandhar,1530.0,2,0.15,1223.17,Cash on Delivery,Shipped
ORD-14410,2025-07-30,CUST-1394,Rahul Jain,Furniture,Storage,Filing Cabinet,South,Tamil Nadu,Chennai,7229.6,1,0.2,4931.81,Credit Card,Delivered
ORD-14411,2025-06-15,CUST-1738,Arjun Patel,Electronics,Smartphones,Samsung Galaxy,West,Goa,Margao,141929.6,4,0.2,108543.33,UPI,Returned
ORD-14412,2025-02-14,CUST-1775,Manish Singh,Home Appliances,Kitchen,Mixer Grinder,West,Madhya Pradesh,Bhopal,14895.0,5,0.1,9230.21,Credit Card,Delivered
ORD-14413,2025-08-13,CUST-1367,Kavita Kumar,Electronics,Accessories,Keyboard,West,Goa,Margao,1640.0,2,0.0,1150.66,Debit Card,Returned
ORD-14414,2025-09-17,CUST-1467,Pooja Mishra,Electronics,Accessories,Mouse,East,West Bengal,Siliguri,5625.0,3,0.0,4486.9,Credit Card,Returned
ORD-14415,2025-10-13,CUST-1397,Arjun Singh,Electronics,Laptops,ASUS Laptop,North,Delhi,Delhi,55184.55,1,0.15,45681.42,Credit Card,Delivered
ORD-14416,2025-12-12,CUST-1129,Meena Kumar,Home Appliances,Cooling,Air Cooler,West,Gujarat,Ahmedabad,11068.2,1,0.1,8833.97,UPI,Shipped
ORD-14417,2025-12-05,CUST-1016,Priya Kumar,Office Supplies,Equipment,Calculator,North,Uttar Pradesh,Prayagraj,10030.0,5,0.0,7684.86,Cash on Delivery,Delivered
ORD-14418,2025-03-23,CUST-1020,Kavita Patel,Home Appliances,Cooling,Air Cooler,East,West Bengal,Kolkata,46317.0,3,0.0,30408.95,UPI,Shipped
ORD-14419,2025-09-13,CUST-1023,Ritu Agarwal,Office Supplies,Equipment,Calculator,North,Punjab,Amritsar,7599.0,4,0.15,4687.33,Debit Card,Delivered
ORD-14420,2025-08-30,CUST-1051,Shweta Jain,Office Supplies,Stationery,Stapler,East,Jharkhand,Jamshedpur,1328.0,4,0.0,863.63,Cash on Delivery,Returned
ORD-14421,2025-07-08,CUST-1150,Ritu Mishra,Electronics,Monitors,LG Monitor,East,Odisha,Bhubaneswar,21048.0,1,0.0,14728.16,Cash on Delivery,Shipped
ORD-14422,2025-06-24,CUST-1092,Rohit Jain,Home Appliances,Cooling,Air Cooler,North,Uttar Pradesh,Noida,16724.8,2,0.2,14167.14,Cash on Delivery,Returned
ORD-14423,2025-06-14,CUST-1120,Arjun Patel,Office Supplies,Paper,Printer Paper,East,Jharkhand,Jamshedpur,1951.2,4,0.1,1312.39,Credit Card,Delivered
ORD-14424,2025-02-18,CUST-1206,Varun Singh,Office Supplies,Paper,Printer Paper,East,Bihar,Gaya,1065.6,2,0.2,857.57,Net Banking,Delivered
ORD-14425,2025-01-24,CUST-1109,Anjali Jain,Furniture,Office Furniture,Bookshelf,West,Goa,Panaji,42972.0,3,0.0,27654.06,Cash on Delivery,Returned
ORD-14426,2025-08-16,CUST-1549,Meena Gupta,Office Supplies,Equipment,Paper Shredder,North,Delhi,New Delhi,47044.0,4,0.0,31460.1,Cash on Delivery,Delivered
ORD-14427,2025-12-24,CUST-1189,Anjali Singh,Office Supplies,Stationery,Pen Set,South,Tamil Nadu,Unknown,1088.0,4,0.0,885.98,Cash on Delivery,Shipped
ORD-14428,2025-07-04,CUST-1205,Sanjay Agarwal,Electronics,Accessories,Mouse,South,Kerala,Kochi,7232.4,4,0.1,5931.59,UPI,Delivered
ORD-14429,2025-10-23,CUST-1510,Manish Sharma,Furniture,Storage,Storage Cabinet,South,Kerala,Thiruvananthapuram,51864.0,3,0.0,43412.52,Cash on Delivery,Delivered
ORD-14430,2025-01-03,CUST-1736,Pooja Jain,Electronics,Accessories,Keyboard,South,Andhra Pradesh,Visakhapatnam,8086.05,3,0.15,5838.36,Cash on Delivery,Delivered
ORD-14431,2025-03-11,CUST-1457,Meena Verma,Home Appliances,Cooling,Air Cooler,North,Haryana,Gurugram,8851.05,1,0.15,5634.05,Credit Card,Cancelled
ORD-14432,2025-09-29,CUST-1551,Nisha Singh,Home Appliances,Kitchen,Electric Kettle,South,Andhra Pradesh,Visakhapatnam,11800.0,4,0.0,9621.82,Debit Card,Cancelled
ORD-14433,2025-03-28,CUST-1763,Varun Singh,Electronics,Laptops,Dell Laptop,West,Goa,Panaji,305087.75,5,0.05,190271.14,Credit Card,Delivered
ORD-14434,2025-08-30,CUST-1669,Arjun Sharma,Office Supplies,Equipment,Paper Shredder,North,Rajasthan,Jaipur,16140.0,2,0.0,12885.44,Cash on Delivery,Delivered
ORD-14435,2025-02-25,CUST-1709,Ritu Verma,Furniture,Office Furniture,Office Desk,North,Delhi,Delhi,14310.4,1,0.2,11385.42,Credit Card,Delivered
ORD-14436,2025-06-19,CUST-1765,Varun Mishra,Home Appliances,Cooling,Air Cooler,North,Rajasthan,Jaipur,63418.5,5,0.15,46270.84,Cash on Delivery,Delivered
ORD-14437,2025-11-01,CUST-1506,Arjun Jain,Office Supplies,Equipment,Calculator,West,Madhya Pradesh,Indore,1689.1,2,0.05,1347.44,Net Banking,Delivered
ORD-14438,2025-03-26,CUST-1343,Amit Kumar,Electronics,Accessories,Mouse,East,Odisha,Cuttack,3751.2,2,0.1,3014.98,Cash on Delivery,Shipped
ORD-14439,2025-06-02,CUST-1055,Anjali Yadav,Office Supplies,Stationery,Notebook,North,Delhi,Delhi,321.0,1,0.0,257.64,Credit Card,Returned
ORD-14440,2025-11-23,CUST-1277,Rohit Jain,Electronics,Accessories,Mouse,North,Uttar Pradesh,Noida,1828.0,2,0.0,1363.9,Net Banking,Shipped
ORD-14441,2025-11-29,CUST-1738,Sanjay Yadav,Office Supplies,Paper,Printer Paper,South,Karnataka,Mysuru,330.0,1,0.0,229.32,UPI,Returned
ORD-14442,2025-06-09,CUST-1070,Rahul Patel,Furniture,Office Furniture,Bookshelf,South,Telangana,Warangal,26601.0,3,0.0,20379.09,Net Banking,Returned
ORD-14443,2025-09-29,CUST-1719,Pooja Kumar,Electronics,Accessories,Keyboard,South,Andhra Pradesh,Visakhapatnam,9970.5,3,0.15,8244.22,Credit Card,Returned
ORD-14444,2025-09-09,CUST-1692,Manish Verma,Electronics,Monitors,LG Monitor,East,West Bengal,Siliguri,54624.0,4,0.0,35652.73,Debit Card,Delivered
ORD-14445,2025-07-01,CUST-1487,Anil Patel,Home Appliances,Kitchen,Microwave,North,Haryana,Panipat,34542.0,2,0.0,22920.76,UPI,Delivered
ORD-14446,2025-05-23,CUST-1026,Kavita Jain,Home Appliances,Cleaning,Vacuum Cleaner,North,Delhi,Delhi,21942.75,5,0.15,13480.01,Cash on Delivery,Returned
ORD-14447,2025-04-24,CUST-1578,Varun Singh,Office Supplies,Stationery,Pen Set,East,West Bengal,Kolkata,537.2,4,0.15,411.96,Debit Card,Cancelled
ORD-14448,2025-12-09,CUST-1583,Vikas Singh,Electronics,Accessories,Headphones,South,Telangana,Warangal,4218.0,3,0.0,2826.24,Cash on Delivery,Cancelled
ORD-14449,2025-10-20,CUST-1369,Sanjay Kumar,Office Supplies,Equipment,Paper Shredder,North,Punjab,Ludhiana,22171.4,4,0.15,18382.91,Credit Card,Shipped
ORD-14450,2025-09-04,CUST-1082,Ritu Sharma,Home Appliances,Kitchen,Mixer Grinder,North,Delhi,New Delhi,17676.9,3,0.1,13419.67,Cash on Delivery,Cancelled
ORD-14451,2025-09-02,CUST-1635,Arjun Patel,Home Appliances,Cleaning,Vacuum Cleaner,East,Odisha,Cuttack,28570.2,3,0.15,20685.07,Net Banking,Delivered
ORD-14452,2025-05-11,CUST-1589,Anil Gupta,Office Supplies,Stationery,Notebook,West,Maharashtra,Nashik,482.6,2,0.05,309.03,Net Banking,Cancelled
ORD-14453,2025-05-11,CUST-1761,Neha Gupta,Furniture,Office Furniture,Office Desk,South,Telangana,Warangal,44460.0,4,0.0,26857.42,Cash on Delivery,Shipped
ORD-14454,2025-04-09,CUST-1323,Meena Sharma,Electronics,Smartphones,Redmi Phone,North,Punjab,Jalandhar,33682.5,3,0.1,23580.47,UPI,Delivered
ORD-14455,2025-11-01,CUST-1683,Anil Jain,Office Supplies,Stationery,Stapler,South,Kerala,Thiruvananthapuram,732.0,4,0.0,497.91,Cash on Delivery,Delivered
ORD-14456,2025-05-11,CUST-1094,Amit Jain,Electronics,Monitors,Dell Monitor,North,Haryana,Faridabad,37076.4,2,0.1,30614.78,Debit Card,Delivered
ORD-14457,2025-04-18,CUST-1441,Arjun Sharma,Furniture,Lighting,Table Lamp,South,Andhra Pradesh,Visakhapatnam,1729.6,1,0.2,1176.7,Credit Card,Returned
ORD-14458,2025-02-21,CUST-1149,Rohit Mishra,Furniture,Storage,Filing Cabinet,West,Goa,Margao,60995.0,5,0.0,43205.43,Debit Card,Delivered
ORD-14459,2025-04-21,CUST-1389,Rahul Verma,Electronics,Smartphones,OnePlus Phone,North,Uttar Pradesh,Noida,132515.5,5,0.05,84516.8,Debit Card,Delivered
ORD-14460,2025-10-03,CUST-1205,Pooja Verma,Home Appliances,Cooling,Air Cooler,West,Goa,Panaji,14212.0,1,0.15,9727.87,Debit Card,Returned
ORD-14461,2025-10-07,CUST-1124,Anil Verma,Furniture,Storage,Filing Cabinet,West,Madhya Pradesh,Indore,12432.65,1,0.05,8945.95,Credit Card,Delivered
ORD-14462,2025-07-11,CUST-1214,Nisha Kumar,Office Supplies,Paper,Copy Paper,West,Maharashtra,Pune,1456.0,4,0.0,945.98,UPI,Delivered
ORD-14463,2025-03-02,CUST-1208,Anil Singh,Home Appliances,Cleaning,Vacuum Cleaner,West,Gujarat,Surat,29812.0,2,0.0,25042.2,Net Banking,Delivered
ORD-14464,2025-02-10,CUST-1343,Deepak Patel,Home Appliances,Kitchen,Mixer Grinder,West,Goa,Panaji,17799.0,3,0.0,13774.43,UPI,Delivered
ORD-14465,2025-10-11,CUST-1282,Meena Jain,Office Supplies,Stationery,Stapler,West,Goa,Margao,1170.0,2,0.0,710.14,Debit Card,Shipped
ORD-14466,2025-02-25,CUST-1207,Manish Mishra,Furniture,Storage,Storage Cabinet,South,Tamil Nadu,Madurai,11933.1,1,0.1,7491.17,UPI,Cancelled
ORD-14467,2025-01-02,CUST-1460,Neha Yadav,Office Supplies,Paper,Printer Paper,West,Gujarat,Surat,1872.0,5,0.2,1472.35,Net Banking,Delivered
ORD-14468,2025-03-14,CUST-1204,Priya Jain,Electronics,Accessories,Keyboard,East,West Bengal,Siliguri,2941.6,1,0.2,1810.43,Credit Card,Shipped
ORD-14469,2025-05-09,CUST-1700,Ritu Mishra,Home Appliances,Cleaning,Vacuum Cleaner,East,Bihar,Gaya,12543.8,2,0.05,9898.25,Net Banking,Cancelled
ORD-14470,2025-04-02,CUST-1707,Ritu Yadav,Home Appliances,Cleaning,Vacuum Cleaner,South,Tamil Nadu,Madurai,21512.0,4,0.0,16502.97,Credit Card,Delivered
ORD-14471,2025-05-28,CUST-1202,Neha Patel,Office Supplies,Stationery,Pen Set,South,Andhra Pradesh,Vijayawada,1185.6,2,0.05,981.32,Cash on Delivery,Shipped
ORD-14472,2025-03-03,CUST-1787,Neha Yadav,Office Supplies,Stationery,Notebook,West,Madhya Pradesh,Bhopal,1853.0,5,0.15,1242.25,Net Banking,Delivered
ORD-14473,2025-01-10,CUST-1394,Arjun Jain,Office Supplies,Paper,Printer Paper,North,Delhi,New Delhi,2732.0,5,0.2,2181.47,Debit Card,Returned
ORD-14474,2025-05-26,CUST-1134,Deepak Mishra,Office Supplies,Stationery,Stapler,North,Haryana,Panipat,604.8,2,0.2,421.75,Net Banking,Cancelled
ORD-14475,2025-03-16,CUST-1433,Manish Jain,Electronics,Smartphones,iPhone,South,Tamil Nadu,Madurai,369433.6,4,0.2,285151.34,Net Banking,Delivered
ORD-14476,2025-07-01,CUST-1263,Neha Yadav,Home Appliances,Cooling,Air Cooler,North,Delhi,New Delhi,44297.55,3,0.05,31836.84,Cash on Delivery,Delivered
ORD-14477,2025-09-22,CUST-1117,Sanjay Patel,Office Supplies,Equipment,Calculator,East,Odisha,Cuttack,6056.0,4,0.0,4490.47,Debit Card,Shipped
ORD-14478,2025-02-11,CUST-1650,Rohit Patel,Home Appliances,Cleaning,Vacuum Cleaner,West,Maharashtra,Pune,48305.6,4,0.05,35968.92,UPI,Shipped
ORD-14479,2025-09-15,CUST-1291,Varun Sharma,Electronics,Smartphones,OnePlus Phone,North,Punjab,Amritsar,49707.0,1,0.0,35686.9,Credit Card,Delivered
ORD-14480,2025-09-20,CUST-1560,Vikas Jain,Home Appliances,Kitchen,Electric Kettle,West,Goa,Panaji,5035.5,5,0.1,3475.86,Cash on Delivery,Delivered
ORD-14481,2025-03-31,CUST-1556,Meena Patel,Electronics,Accessories,Mouse,West,Maharashtra,Pune,6253.2,3,0.1,5249.4,Credit Card,Delivered
ORD-14482,2025-06-25,CUST-1128,Ritu Gupta,Home Appliances,Kitchen,Electric Kettle,East,West Bengal,Siliguri,3041.3,2,0.15,2405.41,Credit Card,Delivered
ORD-14483,2025-01-12,CUST-1386,Ritu Singh,Furniture,Storage,Filing Cabinet,North,Delhi,New Delhi,25687.0,2,0.15,21747.3,Cash on Delivery,Cancelled
ORD-14484,2025-06-19,CUST-1085,Meena Yadav,Furniture,Storage,Filing Cabinet,South,Telangana,Warangal,26239.2,3,0.2,19458.97,Credit Card,Delivered
ORD-14485,2025-07-05,CUST-1610,Anil Patel,Furniture,Lighting,Table Lamp,West,Goa,Panaji,11037.25,5,0.15,8793.13,Credit Card,Delivered
ORD-14486,2025-11-19,CUST-1600,Nisha Kumar,Office Supplies,Stationery,Notebook,West,Goa,Margao,237.6,1,0.1,185.84,Cash on Delivery,Cancelled
ORD-14487,2025-08-20,CUST-1183,Shweta Verma,Home Appliances,Kitchen,Mixer Grinder,South,Andhra Pradesh,Visakhapatnam,11296.5,3,0.15,6858.67,Net Banking,Cancelled
ORD-14488,2025-04-21,CUST-1150,Manish Sharma,Electronics,Monitors,LG Monitor,North,Uttar Pradesh,Noida,87761.0,4,0.05,55565.21,Debit Card,Cancelled
ORD-14489,2025-03-03,CUST-1403,Anjali Singh,Home Appliances,Cooling,Air Cooler,North,Punjab,Jalandhar,38591.7,3,0.15,25134.19,Debit Card,Returned
ORD-14490,2025-09-09,CUST-1053,Deepak Sharma,Furniture,Lighting,LED Desk Lamp,South,Kerala,Thiruvananthapuram,1293.7,1,0.15,978.83,Net Banking,Returned
ORD-14491,2025-03-01,CUST-1698,Kavita Mishra,Furniture,Office Furniture,Bookshelf,West,Maharashtra,Nagpur,47974.5,5,0.1,35335.56,Credit Card,Delivered
ORD-14492,2025-09-17,CUST-1527,Sneha Yadav,Home Appliances,Cleaning,Vacuum Cleaner,North,Haryana,Gurugram,4912.45,1,0.05,4025.26,UPI,Delivered
ORD-14493,2025-07-11,CUST-1575,Nisha Singh,Office Supplies,Stationery,Pen Set,East,West Bengal,Kolkata,562.4,1,0.2,375.3,Cash on Delivery,Delivered
ORD-14494,2025-05-13,CUST-1347,Amit Sharma,Office Supplies,Equipment,Paper Shredder,East,West Bengal,Siliguri,8982.8,1,0.15,6871.86,UPI,Cancelled
ORD-14495,2025-03-30,CUST-1697,Priya Gupta,Electronics,Monitors,LG Monitor,West,Madhya Pradesh,Bhopal,40435.2,3,0.1,30624.29,Credit Card,Delivered
ORD-14496,2025-10-14,CUST-1696,Sanjay Sharma,Electronics,Laptops,Dell Laptop,North,Punjab,Jalandhar,79497.9,1,0.05,59514.38,Credit Card,Delivered
ORD-14497,2025-02-08,CUST-1787,Anjali Patel,Furniture,Office Furniture,Office Chair,West,Maharashtra,Nagpur,31092.0,3,0.0,25118.79,Cash on Delivery,Shipped
ORD-14498,2025-08-05,CUST-1030,Sneha Verma,Home Appliances,Cleaning,Vacuum Cleaner,South,Kerala,Thiruvananthapuram,25534.0,5,0.15,20188.63,Net Banking,Delivered
ORD-14499,2025-06-25,CUST-1735,Rahul Yadav,Electronics,Laptops,Dell Laptop,West,Maharashtra,Nagpur,136108.0,2,0.0,109829.39,UPI,Cancelled
ORD-14500,2025-05-31,CUST-1743,Arjun Sharma,Furniture,Lighting,Table Lamp,East,West Bengal,Siliguri,5166.0,3,0.0,3686.61,Credit Card,Returned
ORD-14501,2025-05-29,CUST-1444,Rohit Mishra,Office Supplies,Equipment,Calculator,West,Gujarat,Ahmedabad,907.2,1,0.1,562.22,Cash on Delivery,Returned
ORD-14502,2025-02-23,CUST-1142,Anjali Jain,Furniture,Storage,Filing Cabinet,South,Kerala,Thiruvananthapuram,28572.8,4,0.2,18605.55,Cash on Delivery,Delivered
ORD-14503,2025-09-14,CUST-1560,Priya Yadav,Office Supplies,Paper,Copy Paper,North,Haryana,Panipat,2574.0,5,0.1,1826.95,Cash on Delivery,Returned
ORD-14504,2025-04-21,CUST-1083,Meena Mishra,Electronics,Smartphones,OnePlus Phone,East,Jharkhand,Jamshedpur,187078.5,5,0.1,150538.14,Cash on Delivery,Delivered
ORD-14505,2025-11-12,CUST-1223,Amit Agarwal,Office Supplies,Paper,Printer Paper,West,Goa,Margao,1261.6,2,0.05,775.36,Net Banking,Delivered
ORD-14506,2025-06-08,CUST-1672,Pooja Mishra,Electronics,Laptops,HP Laptop,North,Delhi,Delhi,226053.25,5,0.15,158722.61,Cash on Delivery,Delivered
ORD-14507,2025-01-17,CUST-1523,Anil Jain,Electronics,Laptops,HP Laptop,North,Delhi,Delhi,46184.75,1,0.15,27748.58,Debit Card,Delivered
ORD-14508,2025-12-24,CUST-1260,Arjun Mishra,Home Appliances,Cleaning,Vacuum Cleaner,South,Tamil Nadu,Coimbatore,4842.4,1,0.2,3729.0,Debit Card,Delivered
ORD-14509,2025-02-14,CUST-1008,Shweta Kumar,Office Supplies,Equipment,Calculator,West,Gujarat,Surat,1198.8,1,0.1,826.18,Debit Card,Returned
ORD-14510,2025-08-11,CUST-1177,Amit Sharma,Home Appliances,Cooling,Air Cooler,North,Rajasthan,Kota,20922.3,3,0.1,13808.52,Net Banking,Delivered
ORD-14511,2025-03-23,CUST-1184,Ritu Mishra,Electronics,Monitors,Samsung Monitor,West,Madhya Pradesh,Bhopal,38939.4,2,0.1,28584.36,UPI,Cancelled
ORD-14512,2025-01-23,CUST-1739,Sneha Gupta,Electronics,Laptops,Dell Laptop,South,Kerala,Thiruvananthapuram,275087.2,4,0.15,182043.77,UPI,Delivered
ORD-14513,2025-03-29,CUST-1327,Manish Agarwal,Office Supplies,Equipment,Paper Shredder,West,Gujarat,Ahmedabad,8721.0,1,0.1,6687.24,Debit Card,Shipped
ORD-14514,2025-05-21,CUST-1041,Amit Agarwal,Furniture,Office Furniture,Bookshelf,West,Madhya Pradesh,Indore,45449.6,4,0.2,33364.71,UPI,Delivered
ORD-14515,2025-09-26,CUST-1517,Vikas Verma,Electronics,Monitors,Samsung Monitor,North,Haryana,Faridabad,98595.0,5,0.1,72353.92,Net Banking,Returned
ORD-14516,2025-01-24,CUST-1258,Vikas Mishra,Home Appliances,Cooling,Air Cooler,South,Kerala,Thiruvananthapuram,67328.4,4,0.05,42601.7,Debit Card,Delivered
ORD-14517,2025-10-28,CUST-1402,Pooja Sharma,Home Appliances,Kitchen,Microwave,East,West Bengal,Kolkata,16686.4,2,0.2,10130.54,Net Banking,Delivered
ORD-14518,2025-03-21,CUST-1119,Pooja Yadav,Home Appliances,Cooling,Air Cooler,South,Andhra Pradesh,Visakhapatnam,35096.4,4,0.1,22541.62,Cash on Delivery,Returned
ORD-14519,2025-01-31,CUST-1670,Arjun Singh,Office Supplies,Paper,Printer Paper,East,Odisha,Cuttack,1628.8,4,0.2,1211.16,Cash on Delivery,Shipped
ORD-14520,2025-11-08,CUST-1245,Vikas Verma,Electronics,Monitors,LG Monitor,North,Delhi,New Delhi,20588.7,2,0.15,15467.24,Credit Card,Delivered
ORD-14521,2025-12-20,CUST-1545,Neha Yadav,Office Supplies,Paper,Copy Paper,West,Goa,Panaji,764.0,2,0.0,621.99,Debit Card,Cancelled
ORD-14522,2025-11-29,CUST-1299,Rohit Yadav,Home Appliances,Cleaning,Vacuum Cleaner,South,Karnataka,Mysuru,23600.0,4,0.0,14528.18,Credit Card,Delivered
ORD-14523,2025-10-28,CUST-1017,Arjun Agarwal,Furniture,Lighting,Table Lamp,West,Gujarat,Ahmedabad,9664.0,4,0.0,6704.17,Cash on Delivery,Delivered
ORD-14524,2025-12-22,CUST-1549,Priya Yadav,Home Appliances,Kitchen,Electric Kettle,North,Delhi,New Delhi,15280.0,5,0.0,10844.74,Credit Card,Delivered
ORD-14525,2025-03-18,CUST-1064,Sneha Mishra,Home Appliances,Cleaning,Vacuum Cleaner,South,Karnataka,Mangaluru,17940.8,2,0.2,12664.86,Net Banking,Delivered
ORD-14526,2025-04-26,CUST-1286,Meena Mishra,Office Supplies,Equipment,Calculator,East,West Bengal,Kolkata,1424.7,1,0.1,1135.71,Debit Card,Returned
ORD-14527,2025-05-19,CUST-1590,Anil Kumar,Home Appliances,Cleaning,Vacuum Cleaner,East,Odisha,Bhubaneswar,6240.7,1,0.15,3846.09,Cash on Delivery,Returned
ORD-14528,2025-06-13,CUST-1146,Pooja Verma,Home Appliances,Kitchen,Electric Kettle,East,West Bengal,Siliguri,11048.0,5,0.2,7292.53,Net Banking,Delivered
ORD-14529,2025-01-14,CUST-1070,Anjali Kumar,Electronics,Smartphones,OnePlus Phone,West,Goa,Margao,74198.4,2,0.2,46218.18,Cash on Delivery,Cancelled
ORD-14530,2025-07-28,CUST-1214,Arjun Jain,Electronics,Monitors,Samsung Monitor,North,Delhi,New Delhi,42902.0,2,0.05,36235.56,Net Banking,Shipped
ORD-14531,2025-02-28,CUST-1685,Priya Gupta,Electronics,Accessories,Headphones,South,Karnataka,Mysuru,8474.4,4,0.1,5091.65,Net Banking,Delivered
ORD-14532,2025-02-17,CUST-1029,Anil Sharma,Electronics,Accessories,Keyboard,East,West Bengal,Siliguri,15713.0,5,0.05,12239.08,Cash on Delivery,Cancelled
ORD-14533,2025-10-05,CUST-1442,Priya Gupta,Office Supplies,Paper,Printer Paper,East,Jharkhand,Ranchi,533.0,1,0.0,394.61,Cash on Delivery,Delivered
ORD-14534,2025-01-30,CUST-1233,Kavita Kumar,Furniture,Storage,Filing Cabinet,South,Kerala,Kochi,19686.0,3,0.15,16117.96,Cash on Delivery,Shipped
ORD-14535,2025-12-13,CUST-1082,Vikas Kumar,Furniture,Office Furniture,Office Chair,North,Punjab,Jalandhar,12551.2,1,0.2,8284.21,Credit Card,Shipped
ORD-14536,2025-08-21,CUST-1212,Amit Sharma,Furniture,Lighting,LED Desk Lamp,East,West Bengal,Kolkata,17289.0,5,0.1,14467.53,Credit Card,Delivered
ORD-14537,2025-08-25,CUST-1377,Anjali Kumar,Office Supplies,Paper,Printer Paper,North,Uttar Pradesh,Prayagraj,470.25,1,0.05,396.0,Debit Card,Shipped
ORD-14538,2025-05-20,CUST-1763,Amit Gupta,Office Supplies,Equipment,Calculator,East,Jharkhand,Jamshedpur,1968.0,2,0.0,1640.63,Cash on Delivery,Returned
ORD-14539,2025-05-11,CUST-1750,Priya Mishra,Office Supplies,Paper,Copy Paper,South,Tamil Nadu,Coimbatore,537.6,2,0.2,368.41,UPI,Delivered
ORD-14540,2025-02-16,CUST-1241,Pooja Gupta,Home Appliances,Kitchen,Mixer Grinder,South,Telangana,Warangal,7702.6,2,0.05,4642.34,Net Banking,Delivered
ORD-14541,2025-11-18,CUST-1233,Rohit Verma,Furniture,Office Furniture,Bookshelf,North,Delhi,Delhi,37408.0,4,0.2,22950.92,Credit Card,Cancelled
ORD-14542,2025-03-05,CUST-1217,Neha Singh,Electronics,Laptops,HP Laptop,South,Karnataka,Bengaluru,299240.5,5,0.05,229116.55,UPI,Shipped
ORD-14543,2025-09-04,CUST-1599,Shweta Gupta,Electronics,Smartphones,Samsung Galaxy,South,Tamil Nadu,Chennai,233104.0,5,0.15,187761.42,UPI,Delivered
ORD-14544,2025-01-10,CUST-1777,Ritu Singh,Office Supplies,Stationery,Notebook,East,West Bengal,Kolkata,1029.6,3,0.2,726.29,Cash on Delivery,Delivered
ORD-14545,2025-07-09,CUST-1518,Nisha Sharma,Home Appliances,Cooling,Air Cooler,West,Madhya Pradesh,Indore,40582.4,4,0.2,29370.86,UPI,Delivered
ORD-14546,2025-05-24,CUST-1291,Anjali Kumar,Office Supplies,Equipment,Paper Shredder,West,Gujarat,Ahmedabad,22172.4,3,0.1,13460.06,Cash on Delivery,Delivered
ORD-14547,2025-12-18,CUST-1792,Sneha Sharma,Home Appliances,Cleaning,Vacuum Cleaner,South,Andhra Pradesh,Vijayawada,13509.0,2,0.1,9977.83,Cash on Delivery,Delivered
ORD-14548,2025-02-16,CUST-1309,Kavita Yadav,Electronics,Monitors,Samsung Monitor,South,Kerala,Kochi,69440.0,4,0.2,48177.27,Cash on Delivery,Cancelled
ORD-14549,2025-02-24,CUST-1280,Rahul Gupta,Office Supplies,Paper,Printer Paper,West,Goa,Margao,1542.4,4,0.2,1240.42,Credit Card,Cancelled
ORD-14550,2025-03-30,CUST-1427,Manish Gupta,Electronics,Laptops,HP Laptop,West,Goa,Margao,181680.0,4,0.2,126167.77,UPI,Cancelled
ORD-14551,2025-05-30,CUST-1314,Anjali Yadav,Office Supplies,Paper,Printer Paper,West,Goa,Panaji,497.0,1,0.0,345.93,UPI,Delivered
ORD-14552,2025-01-08,CUST-1181,Sanjay Gupta,Home Appliances,Cleaning,Vacuum Cleaner,West,Madhya Pradesh,Bhopal,22355.4,3,0.05,18377.64,Cash on Delivery,Returned
ORD-14553,2025-07-05,CUST-1024,Meena Kumar,Electronics,Monitors,Samsung Monitor,West,Gujarat,Surat,77712.0,5,0.2,59406.16,Net Banking,Cancelled
ORD-14554,2025-02-03,CUST-1546,Rohit Agarwal,Office Supplies,Paper,Copy Paper,West,Goa,Margao,1343.0,5,0.15,1024.5,Net Banking,Shipped
ORD-14555,2025-12-24,CUST-1696,Amit Sharma,Furniture,Storage,Storage Cabinet,East,Bihar,Patna,87330.0,5,0.0,62553.5,Debit Card,Delivered
ORD-14556,2025-08-13,CUST-1257,Manish Gupta,Electronics,Monitors,LG Monitor,West,Maharashtra,Nashik,29919.0,3,0.0,23149.44,Credit Card,Delivered
ORD-14557,2025-04-10,CUST-1794,Varun Gupta,Furniture,Lighting,LED Desk Lamp,North,Haryana,Panipat,9049.95,3,0.15,7003.51,UPI,Shipped
ORD-14558,2025-09-17,CUST-1365,Deepak Kumar,Electronics,Laptops,HP Laptop,North,Delhi,Unknown,166612.8,3,0.2,135145.95,Credit Card,Delivered
ORD-14559,2025-04-17,CUST-1174,Manish Verma,Office Supplies,Paper,Copy Paper,North,Haryana,Panipat,2408.0,5,0.2,1614.16,Credit Card,Delivered
ORD-14560,2025-07-10,CUST-1298,Vikas Sharma,Home Appliances,Cleaning,Vacuum Cleaner,North,Uttar Pradesh,Prayagraj,26173.2,4,0.15,17188.31,Debit Card,Delivered
ORD-14561,2025-02-10,CUST-1800,Ritu Jain,Home Appliances,Cooling,Air Cooler,North,Punjab,Jalandhar,18648.0,3,0.2,15435.61,Cash on Delivery,Cancelled
ORD-14562,2025-03-06,CUST-1475,Anil Mishra,Office Supplies,Equipment,Calculator,North,Delhi,New Delhi,7823.25,5,0.05,5607.09,Credit Card,Delivered
ORD-14563,2025-04-18,CUST-1611,Arjun Yadav,Electronics,Accessories,Headphones,South,Telangana,Warangal,34285.5,5,0.05,23291.36,Debit Card,Delivered
ORD-14564,2025-04-29,CUST-1478,Varun Mishra,Home Appliances,Kitchen,Microwave,East,West Bengal,Siliguri,34701.6,3,0.2,28831.65,UPI,Cancelled
ORD-14565,2025-11-30,CUST-1615,Nisha Sharma,Furniture,Office Furniture,Office Desk,East,West Bengal,Kolkata,99208.0,4,0.0,76481.89,UPI,Delivered
ORD-14566,2025-07-01,CUST-1277,Sanjay Gupta,Home Appliances,Cooling,Air Cooler,East,Bihar,Gaya,51324.0,3,0.0,34008.38,Debit Card,Shipped
ORD-14567,2025-10-01,CUST-1424,Anil Gupta,Furniture,Office Furniture,Office Desk,East,Odisha,Bhubaneswar,38551.75,5,0.15,25466.46,Cash on Delivery,Delivered
ORD-14568,2025-08-20,CUST-1329,Priya Kumar,Office Supplies,Stationery,Notebook,West,Maharashtra,Mumbai,400.0,1,0.2,297.68,Cash on Delivery,Cancelled
ORD-14569,2025-09-24,CUST-1531,Priya Agarwal,Home Appliances,Cooling,Air Cooler,East,West Bengal,Kolkata,58677.2,4,0.15,43601.62,Cash on Delivery,Shipped
ORD-14570,2025-04-06,CUST-1506,Nisha Gupta,Electronics,Accessories,Headphones,East,West Bengal,Siliguri,28063.0,5,0.05,22542.73,Net Banking,Cancelled
ORD-14571,2025-10-23,CUST-1524,Deepak Gupta,Furniture,Storage,Filing Cabinet,North,Uttar Pradesh,Lucknow,12213.6,3,0.2,9597.58,UPI,Shipped
ORD-14572,2025-06-21,CUST-1697,Vikas Yadav,Office Supplies,Paper,Copy Paper,West,Madhya Pradesh,Indore,2291.4,4,0.05,1791.51,Credit Card,Delivered
ORD-14573,2025-11-26,CUST-1753,Priya Sharma,Home Appliances,Cooling,Air Cooler,West,Goa,Margao,75525.0,5,0.0,59514.26,Debit Card,Shipped
ORD-14574,2025-06-19,CUST-1269,Sneha Kumar,Furniture,Lighting,Table Lamp,South,Karnataka,Bengaluru,3883.6,2,0.05,2972.73,UPI,Delivered
ORD-14575,2025-03-31,CUST-1725,Varun Gupta,Home Appliances,Kitchen,Electric Kettle,North,Uttar Pradesh,Kanpur,9940.8,3,0.05,7295.16,Debit Card,Returned
ORD-14576,2025-01-17,CUST-1756,Shweta Yadav,Furniture,Lighting,LED Desk Lamp,East,Odisha,Cuttack,6067.3,2,0.15,4117.93,UPI,Delivered
ORD-14577,2025-03-19,CUST-1013,Sneha Singh,Electronics,Monitors,LG Monitor,North,Punjab,Unknown,14069.5,1,0.05,8969.78,Net Banking,Cancelled
ORD-14578,2025-01-19,CUST-1237,Sanjay Verma,Electronics,Laptops,ASUS Laptop,South,Tamil Nadu,Coimbatore,326180.0,5,0.0,245946.3,Net Banking,Delivered
ORD-14579,2025-03-17,CUST-1587,Deepak Jain,Electronics,Accessories,Headphones,West,Goa,Margao,12098.25,5,0.05,9618.0,UPI,Delivered
ORD-14580,2025-12-19,CUST-1725,Ritu Singh,Electronics,Smartphones,Samsung Galaxy,South,Telangana,Warangal,98480.0,4,0.0,71687.83,Debit Card,Cancelled
ORD-14581,2025-09-06,CUST-1057,Arjun Verma,Electronics,Accessories,Mouse,South,Kerala,Thiruvananthapuram,2034.0,1,0.0,1712.79,UPI,Shipped
ORD-14582,2025-03-11,CUST-1187,Sanjay Kumar,Office Supplies,Stationery,Notebook,North,Delhi,New Delhi,156.75,1,0.05,101.06,Credit Card,Cancelled
ORD-14583,2025-03-03,CUST-1223,Shweta Patel,Electronics,Monitors,Dell Monitor,South,Andhra Pradesh,Visakhapatnam,63536.4,4,0.1,38697.2,Credit Card,Delivered
ORD-14584,2025-05-18,CUST-1633,Anil Yadav,Office Supplies,Stationery,Stapler,North,Uttar Pradesh,Lucknow,488.0,2,0.0,332.89,Net Banking,Shipped
ORD-14585,2025-11-25,CUST-1305,Sanjay Jain,Furniture,Lighting,LED Desk Lamp,North,Punjab,Jalandhar,3132.0,1,0.2,2386.32,UPI,Shipped
ORD-14586,2025-10-20,CUST-1480,Meena Jain,Furniture,Office Furniture,Bookshelf,North,Haryana,Faridabad,13741.0,1,0.0,8615.69,Debit Card,Returned
ORD-14587,2025-04-18,CUST-1750,Rohit Yadav,Office Supplies,Stationery,Notebook,East,West Bengal,Kolkata,1068.0,3,0.2,780.13,UPI,Delivered
ORD-14588,2025-05-15,CUST-1681,Neha Yadav,Electronics,Smartphones,OnePlus Phone,South,Karnataka,Mangaluru,127438.8,4,0.15,100889.86,Credit Card,Cancelled
ORD-14589,2025-12-20,CUST-1685,Shweta Gupta,Furniture,Office Furniture,Bookshelf,East,Bihar,Gaya,27553.5,3,0.1,19370.24,Net Banking,Shipped
ORD-14590,2025-02-18,CUST-1781,Anjali Agarwal,Office Supplies,Paper,Printer Paper,North,Delhi,Delhi,366.0,1,0.0,251.46,Cash on Delivery,Delivered
ORD-14591,2025-03-08,CUST-1329,Manish Gupta,Electronics,Accessories,Headphones,South,Telangana,Warangal,1926.1,2,0.15,1423.46,Cash on Delivery,Shipped
ORD-14592,2025-08-30,CUST-1565,Anjali Verma,Furniture,Lighting,Table Lamp,South,Karnataka,Mangaluru,9949.5,5,0.1,6081.88,UPI,Delivered
ORD-14593,2025-07-26,CUST-1769,Anil Yadav,Electronics,Laptops,Lenovo Laptop,East,Odisha,Cuttack,184372.2,4,0.05,126408.02,Cash on Delivery,Delivered
ORD-14594,2025-09-23,CUST-1118,Meena Sharma,Office Supplies,Equipment,Calculator,East,West Bengal,Siliguri,6496.0,4,0.0,4357.52,Net Banking,Delivered
ORD-14595,2025-06-24,CUST-1680,Anjali Kumar,Furniture,Lighting,Table Lamp,East,West Bengal,Siliguri,3902.4,2,0.2,2842.15,Debit Card,Returned
ORD-14596,2025-05-05,CUST-1229,Arjun Mishra,Office Supplies,Stationery,Notebook,South,Tamil Nadu,Madurai,2023.5,5,0.05,1425.3,Net Banking,Shipped
ORD-14597,2025-09-19,CUST-1668,Manish Gupta,Electronics,Monitors,Samsung Monitor,North,Uttar Pradesh,Kanpur,20552.4,2,0.1,14387.17,Debit Card,Shipped
ORD-14598,2025-09-26,CUST-1010,Manish Kumar,Office Supplies,Paper,Copy Paper,West,Maharashtra,Nagpur,2180.0,5,0.0,1626.24,Net Banking,Cancelled
ORD-14599,2025-05-12,CUST-1716,Deepak Patel,Office Supplies,Equipment,Paper Shredder,West,Maharashtra,Nagpur,47481.0,5,0.05,37449.86,UPI,Shipped
ORD-14600,2025-07-10,CUST-1287,Priya Mishra,Furniture,Office Furniture,Office Chair,West,Maharashtra,Pune,52534.4,4,0.2,42728.99,Cash on Delivery,Delivered
ORD-14601,2025-05-19,CUST-1135,Sanjay Jain,Office Supplies,Equipment,Paper Shredder,South,Tamil Nadu,Madurai,13443.6,3,0.15,11260.09,Cash on Delivery,Returned
ORD-14602,2025-07-30,CUST-1760,Deepak Sharma,Electronics,Monitors,LG Monitor,West,Goa,Margao,96507.0,5,0.1,59524.29,Net Banking,Delivered
ORD-14603,2025-10-07,CUST-1567,Sanjay Jain,Furniture,Storage,Filing Cabinet,North,Uttar Pradesh,Varanasi,13430.0,2,0.0,10982.52,Cash on Delivery,Shipped
ORD-14604,2025-05-25,CUST-1391,Sanjay Gupta,Home Appliances,Cleaning,Vacuum Cleaner,North,Uttar Pradesh,Noida,29406.6,4,0.15,24023.92,UPI,Delivered
ORD-14605,2025-12-15,CUST-1303,Manish Gupta,Office Supplies,Paper,Copy Paper,West,Maharashtra,Mumbai,435.6,1,0.1,352.51,Debit Card,Cancelled
ORD-14606,2025-07-26,CUST-1581,Varun Verma,Furniture,Storage,Filing Cabinet,West,Madhya Pradesh,Indore,32788.0,5,0.2,22813.03,Credit Card,Delivered
ORD-14607,2025-08-31,CUST-1469,Arjun Verma,Office Supplies,Paper,Copy Paper,East,West Bengal,Siliguri,1241.85,3,0.15,841.33,Net Banking,Delivered
ORD-14608,2025-05-05,CUST-1393,Neha Mishra,Electronics,Laptops,HP Laptop,East,West Bengal,Siliguri,216542.6,4,0.15,154805.32,Net Banking,Shipped
ORD-14609,2025-04-26,CUST-1631,Sanjay Kumar,Office Supplies,Paper,Printer Paper,East,Bihar,Patna,2116.6,4,0.05,1536.25,Debit Card,Delivered
ORD-14610,2025-06-26,CUST-1426,Sanjay Jain,Home Appliances,Cleaning,Vacuum Cleaner,South,Kerala,Thiruvananthapuram,12527.65,1,0.05,8216.22,Credit Card,Delivered
ORD-14611,2025-01-29,CUST-1119,Rahul Agarwal,Electronics,Monitors,Dell Monitor,East,Jharkhand,Jamshedpur,62910.0,3,0.0,40968.68,Cash on Delivery,Returned
ORD-14612,2025-12-20,CUST-1799,Rohit Yadav,Home Appliances,Kitchen,Electric Kettle,West,Goa,Panaji,6922.8,3,0.1,5112.88,Net Banking,Delivered
ORD-14613,2025-01-04,CUST-1536,Neha Agarwal,Electronics,Smartphones,Redmi Phone,East,Odisha,Cuttack,27964.8,2,0.1,17689.66,Net Banking,Delivered
ORD-14614,2025-04-02,CUST-1148,Sneha Verma,Furniture,Storage,Storage Cabinet,South,Karnataka,Mysuru,33484.05,3,0.15,23916.38,Cash on Delivery,Delivered
ORD-14615,2025-07-13,CUST-1697,Rahul Agarwal,Furniture,Lighting,Table Lamp,South,Kerala,Thiruvananthapuram,7918.6,4,0.15,5567.04,Debit Card,Delivered
ORD-14616,2025-12-24,CUST-1443,Anjali Mishra,Office Supplies,Stationery,Notebook,East,West Bengal,Siliguri,604.0,2,0.0,505.35,Credit Card,Returned
ORD-14617,2025-04-11,CUST-1262,Shweta Kumar,Office Supplies,Equipment,Paper Shredder,West,Madhya Pradesh,Bhopal,20038.75,5,0.15,14179.83,Cash on Delivery,Cancelled
ORD-14618,2025-04-05,CUST-1433,Rohit Kumar,Office Supplies,Equipment,Paper Shredder,North,Uttar Pradesh,Prayagraj,53040.0,5,0.0,44603.41,Credit Card,Delivered
ORD-14619,2025-09-23,CUST-1654,Amit Agarwal,Electronics,Monitors,LG Monitor,North,Delhi,New Delhi,99344.0,4,0.0,68055.18,Credit Card,Cancelled
ORD-14620,2025-12-09,CUST-1042,Nisha Mishra,Furniture,Lighting,LED Desk Lamp,North,Rajasthan,Kota,2101.6,1,0.2,1472.48,Credit Card,Delivered
ORD-14621,2025-11-13,CUST-1561,Meena Mishra,Electronics,Smartphones,Samsung Galaxy,East,West Bengal,Kolkata,240358.75,5,0.15,196776.01,Cash on Delivery,Delivered
ORD-14622,2025-04-20,CUST-1569,Amit Kumar,Electronics,Accessories,Keyboard,North,Punjab,Amritsar,9848.0,4,0.0,6404.18,UPI,Delivered
ORD-14623,2025-04-13,CUST-1336,Varun Jain,Home Appliances,Kitchen,Electric Kettle,West,Gujarat,Vadodara,1752.0,1,0.2,1395.65,Cash on Delivery,Shipped
ORD-14624,2025-01-04,CUST-1323,Sneha Kumar,Electronics,Smartphones,iPhone,East,Odisha,Cuttack,283916.0,5,0.2,202985.8,Credit Card,Shipped
ORD-14625,2025-11-04,CUST-1613,Vikas Agarwal,Office Supplies,Equipment,Paper Shredder,South,Telangana,Warangal,25080.0,3,0.2,20725.32,Cash on Delivery,Delivered
ORD-14626,2025-06-25,CUST-1753,Kavita Gupta,Office Supplies,Stationery,Pen Set,North,Uttar Pradesh,Prayagraj,344.7,1,0.1,275.18,Net Banking,Cancelled
ORD-14627,2025-09-23,CUST-1175,Varun Mishra,Home Appliances,Kitchen,Mixer Grinder,East,Jharkhand,Ranchi,9704.25,3,0.05,7076.51,UPI,Delivered
ORD-14628,2025-04-11,CUST-1449,Meena Patel,Home Appliances,Kitchen,Mixer Grinder,East,Bihar,Patna,9152.8,2,0.15,6752.28,Credit Card,Delivered
ORD-14629,2025-10-20,CUST-1783,Priya Agarwal,Office Supplies,Equipment,Calculator,North,Uttar Pradesh,Lucknow,2000.7,2,0.05,1260.18,Net Banking,Delivered
ORD-14630,2025-11-09,CUST-1182,Manish Mishra,Furniture,Storage,Filing Cabinet,East,Bihar,Patna,18795.2,2,0.15,11692.66,Credit Card,Delivered
ORD-14631,2025-06-15,CUST-1500,Varun Patel,Home Appliances,Kitchen,Microwave,South,Karnataka,Bengaluru,40252.0,5,0.2,30303.14,Credit Card,Returned
ORD-14632,2025-12-08,CUST-1680,Ritu Agarwal,Office Supplies,Paper,Copy Paper,North,Delhi,Delhi,1824.0,3,0.05,1500.54,UPI,Delivered
ORD-14633,2025-07-23,CUST-1655,Shweta Sharma,Home Appliances,Kitchen,Electric Kettle,East,West Bengal,Kolkata,11840.5,5,0.15,8010.16,Credit Card,Cancelled
ORD-14634,2025-06-15,CUST-1601,Deepak Kumar,Home Appliances,Cooling,Air Cooler,West,Madhya Pradesh,Bhopal,42467.7,3,0.15,27675.0,Net Banking,Delivered
ORD-14635,2025-07-28,CUST-1696,Anil Sharma,Furniture,Office Furniture,Office Chair,North,Delhi,New Delhi,10168.8,2,0.05,8364.99,Net Banking,Delivered
ORD-14636,2025-08-07,CUST-1516,Varun Agarwal,Electronics,Accessories,Headphones,South,Karnataka,Mangaluru,2357.1,1,0.1,1431.14,Debit Card,Delivered
ORD-14637,2025-01-23,CUST-1410,Vikas Jain,Furniture,Storage,Storage Cabinet,West,Maharashtra,Nagpur,16297.0,1,0.0,12464.01,Cash on Delivery,Cancelled
ORD-14638,2025-10-13,CUST-1753,Deepak Patel,Office Supplies,Stationery,Stapler,South,Karnataka,Bengaluru,2102.4,4,0.2,1443.39,Net Banking,Delivered
ORD-14639,2025-04-10,CUST-1762,Arjun Yadav,Home Appliances,Cooling,Air Cooler,East,Jharkhand,Jamshedpur,47015.0,5,0.0,39876.3,Net Banking,Delivered
ORD-14640,2025-08-30,CUST-1015,Deepak Jain,Home Appliances,Cleaning,Vacuum Cleaner,East,Jharkhand,Jamshedpur,52985.0,5,0.0,38742.82,Credit Card,Delivered
ORD-14641,2025-12-11,CUST-1462,Amit Kumar,Office Supplies,Stationery,Stapler,West,Goa,Margao,841.6,2,0.2,618.44,Net Banking,Cancelled
ORD-14642,2025-05-11,CUST-1177,Rohit Sharma,Electronics,Monitors,LG Monitor,West,Gujarat,Vadodara,56480.0,4,0.2,42219.72,Credit Card,Delivered
ORD-14643,2025-03-03,CUST-1534,Anjali Sharma,Furniture,Lighting,Table Lamp,North,Haryana,Faridabad,9677.25,5,0.15,6898.51,Net Banking,Returned
ORD-14644,2025-01-05,CUST-1030,Arjun Singh,Home Appliances,Cleaning,Vacuum Cleaner,East,West Bengal,Kolkata,65614.5,5,0.1,49734.49,Credit Card,Returned
ORD-14645,2025-09-21,CUST-1661,Amit Mishra,Office Supplies,Paper,Printer Paper,South,Kerala,Kochi,1609.6,4,0.2,982.15,Net Banking,Cancelled
ORD-14646,2025-12-07,CUST-1568,Rahul Mishra,Furniture,Lighting,Table Lamp,West,Goa,Margao,8287.8,3,0.05,6929.33,Cash on Delivery,Delivered
ORD-14647,2025-05-27,CUST-1560,Amit Jain,Furniture,Office Furniture,Bookshelf,East,Odisha,Cuttack,63597.75,5,0.05,39713.06,UPI,Delivered
ORD-14648,2025-09-24,CUST-1493,Pooja Jain,Electronics,Monitors,Dell Monitor,East,Odisha,Cuttack,69907.4,4,0.15,43037.4,UPI,Cancelled
ORD-14649,2025-09-13,CUST-1565,Kavita Kumar,Home Appliances,Cleaning,Vacuum Cleaner,North,Uttar Pradesh,Varanasi,22311.7,2,0.05,18094.12,Net Banking,Delivered
ORD-14650,2025-01-17,CUST-1185,Priya Agarwal,Office Supplies,Paper,Copy Paper,East,Odisha,Bhubaneswar,1530.0,4,0.15,1262.83,Net Banking,Returned
ORD-14651,2025-01-15,CUST-1225,Vikas Verma,Office Supplies,Equipment,Paper Shredder,North,Delhi,Delhi,6238.8,1,0.1,4495.83,Cash on Delivery,Shipped
ORD-14652,2025-06-02,CUST-1272,Rohit Jain,Furniture,Lighting,Table Lamp,West,Maharashtra,Nashik,9560.8,4,0.05,7623.75,Cash on Delivery,Shipped
ORD-14653,2025-11-20,CUST-1060,Ritu Singh,Electronics,Monitors,Samsung Monitor,South,Kerala,Kochi,39398.4,4,0.05,25582.67,Cash on Delivery,Shipped
ORD-14654,2025-01-11,CUST-1284,Kavita Gupta,Furniture,Storage,Filing Cabinet,South,Kerala,Kochi,32547.2,4,0.2,25577.55,UPI,Delivered
ORD-14655,2025-08-07,CUST-1138,Neha Patel,Office Supplies,Stationery,Notebook,East,Jharkhand,Ranchi,1127.1,3,0.15,800.68,UPI,Delivered
ORD-14656,2025-04-14,CUST-1120,Priya Patel,Home Appliances,Kitchen,Electric Kettle,South,Andhra Pradesh,Vijayawada,10519.6,4,0.15,8627.35,UPI,Delivered
ORD-14657,2025-09-23,CUST-1766,Shweta Verma,Office Supplies,Equipment,Paper Shredder,South,Andhra Pradesh,Vijayawada,10316.05,1,0.05,7308.15,UPI,Cancelled
ORD-14658,2025-09-20,CUST-1231,Priya Jain,Office Supplies,Equipment,Paper Shredder,East,Odisha,Bhubaneswar,8778.4,1,0.2,7009.95,Cash on Delivery,Delivered
ORD-14659,2025-03-23,CUST-1002,Varun Patel,Home Appliances,Cleaning,Vacuum Cleaner,West,Goa,Panaji,30860.1,3,0.15,20952.71,Cash on Delivery,Delivered
ORD-14660,2025-07-29,CUST-1574,Ritu Verma,Furniture,Lighting,LED Desk Lamp,West,Goa,Panaji,1727.1,1,0.05,1247.15,Credit Card,Returned
ORD-14661,2025-03-30,CUST-1405,Varun Sharma,Office Supplies,Paper,Copy Paper,North,Rajasthan,Kota,2710.0,5,0.0,2146.27,Credit Card,Delivered
ORD-14662,2025-09-24,CUST-1304,Vikas Agarwal,Furniture,Office Furniture,Office Desk,South,Telangana,Hyderabad,83667.2,4,0.15,67291.95,Debit Card,Cancelled
ORD-14663,2025-05-22,CUST-1729,Ritu Singh,Electronics,Monitors,Dell Monitor,East,West Bengal,Kolkata,123290.0,5,0.0,75070.98,Cash on Delivery,Delivered
ORD-14664,2025-07-12,CUST-1162,Varun Yadav,Furniture,Office Furniture,Office Desk,West,Gujarat,Ahmedabad,46915.2,4,0.1,31555.5,Net Banking,Delivered
ORD-14665,2025-03-20,CUST-1625,Vikas Sharma,Office Supplies,Paper,Copy Paper,East,Jharkhand,Jamshedpur,2210.0,4,0.15,1355.77,Credit Card,Delivered
ORD-14666,2025-01-25,CUST-1451,Rahul Verma,Office Supplies,Paper,Copy Paper,North,Rajasthan,Jodhpur,814.4,2,0.2,682.49,Credit Card,Delivered
ORD-14667,2025-12-25,CUST-1464,Nisha Kumar,Electronics,Accessories,Headphones,South,Kerala,Kochi,6321.6,1,0.2,4346.81,Net Banking,Shipped
ORD-14668,2025-02-24,CUST-1705,Anil Agarwal,Home Appliances,Cleaning,Vacuum Cleaner,North,Rajasthan,Kota,33619.2,3,0.2,26797.98,Cash on Delivery,Cancelled
ORD-14669,2025-08-08,CUST-1143,Deepak Patel,Electronics,Accessories,Keyboard,South,Kerala,Thiruvananthapuram,9736.75,5,0.15,6034.44,Net Banking,Returned
ORD-14670,2025-04-01,CUST-1780,Rohit Sharma,Home Appliances,Cooling,Air Cooler,North,Uttar Pradesh,Varanasi,53870.0,5,0.0,38169.76,Debit Card,Delivered
ORD-14671,2025-09-22,CUST-1348,Shweta Sharma,Electronics,Accessories,Keyboard,North,Delhi,Delhi,7216.2,3,0.05,5392.43,UPI,Delivered
ORD-14672,2025-08-24,CUST-1649,Varun Singh,Home Appliances,Cooling,Air Cooler,South,Kerala,Kochi,19766.0,2,0.0,15435.72,Debit Card,Delivered
ORD-14673,2025-01-03,CUST-1096,Vikas Yadav,Furniture,Lighting,Table Lamp,North,Punjab,Amritsar,7641.6,4,0.2,4895.15,Credit Card,Delivered
ORD-14674,2025-03-10,CUST-1054,Rohit Gupta,Office Supplies,Equipment,Paper Shredder,West,Gujarat,Ahmedabad,23508.0,4,0.0,14970.08,Cash on Delivery,Shipped
ORD-14675,2025-07-21,CUST-1135,Ritu Verma,Furniture,Office Furniture,Bookshelf,North,Rajasthan,Jaipur,40099.2,4,0.2,27365.71,Debit Card,Shipped
ORD-14676,2025-02-05,CUST-1197,Neha Jain,Home Appliances,Cooling,Air Cooler,South,Kerala,Kochi,46723.2,4,0.2,38098.8,Cash on Delivery,Delivered
ORD-14677,2025-06-02,CUST-1340,Meena Verma,Furniture,Lighting,Table Lamp,East,West Bengal,Kolkata,5350.4,4,0.05,4229.17,Cash on Delivery,Shipped
ORD-14678,2025-03-22,CUST-1659,Deepak Patel,Office Supplies,Stationery,Notebook,South,Kerala,Thiruvananthapuram,1705.0,5,0.0,1181.76,Debit Card,Delivered
ORD-14679,2025-05-25,CUST-1028,Priya Kumar,Furniture,Office Furniture,Office Desk,East,Odisha,Cuttack,12410.85,1,0.15,10507.53,Cash on Delivery,Delivered
ORD-14680,2025-09-02,CUST-1036,Sanjay Kumar,Electronics,Laptops,ASUS Laptop,North,Punjab,Jalandhar,60744.8,1,0.2,43419.22,Cash on Delivery,Delivered
ORD-14681,2025-09-11,CUST-1769,Neha Gupta,Office Supplies,Paper,Copy Paper,East,West Bengal,Kolkata,1212.0,3,0.2,812.63,Net Banking,Returned
ORD-14682,2025-07-09,CUST-1236,Kavita Gupta,Home Appliances,Cooling,Air Cooler,East,Bihar,Patna,25439.1,2,0.05,16889.68,Debit Card,Shipped
ORD-14683,2025-09-01,CUST-1741,Rohit Singh,Electronics,Monitors,Samsung Monitor,South,Kerala,Thiruvananthapuram,37827.2,2,0.2,24230.15,UPI,Delivered
ORD-14684,2025-10-24,CUST-1099,Vikas Mishra,Electronics,Smartphones,Redmi Phone,West,Gujarat,Surat,21316.8,1,0.2,14679.99,Cash on Delivery,Returned
ORD-14685,2025-12-28,CUST-1624,Sneha Sharma,Electronics,Smartphones,Redmi Phone,East,Odisha,Bhubaneswar,67600.8,3,0.2,47185.62,Net Banking,Shipped
ORD-14686,2025-03-08,CUST-1439,Deepak Agarwal,Home Appliances,Kitchen,Mixer Grinder,East,Bihar,Gaya,13488.0,3,0.0,9933.13,UPI,Delivered
ORD-14687,2025-12-08,CUST-1308,Sneha Patel,Electronics,Monitors,Dell Monitor,West,Maharashtra,Nagpur,78791.4,3,0.1,59193.26,Net Banking,Returned
ORD-14688,2025-02-01,CUST-1249,Priya Yadav,Home Appliances,Kitchen,Mixer Grinder,South,Kerala,Kochi,8472.0,3,0.0,7177.06,Cash on Delivery,Delivered
ORD-14689,2025-09-06,CUST-1108,Meena Mishra,Electronics,Accessories,Mouse,South,Kerala,Kochi,1257.6,3,0.2,947.98,Cash on Delivery,Delivered
ORD-14690,2025-08-31,CUST-1592,Kavita Mishra,Electronics,Monitors,Samsung Monitor,South,Karnataka,Mangaluru,61689.0,3,0.0,43507.08,Credit Card,Cancelled
ORD-14691,2025-05-05,CUST-1707,Shweta Jain,Home Appliances,Cleaning,Vacuum Cleaner,South,Andhra Pradesh,Vijayawada,12509.45,1,0.15,8294.22,UPI,Returned
ORD-14692,2025-10-10,CUST-1562,Anjali Jain,Office Supplies,Paper,Printer Paper,South,Andhra Pradesh,Visakhapatnam,2380.0,5,0.2,1753.37,Credit Card,Cancelled
ORD-14693,2025-12-18,CUST-1199,Rahul Agarwal,Home Appliances,Cooling,Air Cooler,West,Goa,Margao,35798.4,4,0.2,23735.84,Credit Card,Returned
ORD-14694,2025-01-04,CUST-1038,Meena Gupta,Home Appliances,Cleaning,Vacuum Cleaner,South,Tamil Nadu,Chennai,9098.4,2,0.15,6939.7,Net Banking,Delivered
ORD-14695,2025-11-12,CUST-1514,Deepak Yadav,Office Supplies,Equipment,Calculator,North,Rajasthan,Kota,696.8,1,0.2,540.27,Credit Card,Shipped
ORD-14696,2025-07-26,CUST-1207,Ritu Sharma,Furniture,Lighting,Table Lamp,South,Kerala,Thiruvananthapuram,1989.0,2,0.1,1246.76,Credit Card,Delivered
ORD-14697,2025-08-09,CUST-1323,Ritu Verma,Furniture,Storage,Storage Cabinet,East,Jharkhand,Ranchi,39227.5,5,0.15,25832.3,Net Banking,Shipped
ORD-14698,2025-02-24,CUST-1131,Deepak Sharma,Office Supplies,Stationery,Pen Set,West,Gujarat,Ahmedabad,141.0,1,0.0,106.99,Cash on Delivery,Cancelled
ORD-14699,2025-02-24,CUST-1190,Deepak Sharma,Electronics,Smartphones,OnePlus Phone,East,Bihar,Patna,30533.4,1,0.1,23095.05,Net Banking,Delivered
ORD-14700,2025-03-07,CUST-1098,Rahul Verma,Office Supplies,Paper,Printer Paper,North,Haryana,Panipat,558.9,1,0.1,433.69,UPI,Shipped
ORD-14701,2025-10-23,CUST-1082,Anil Patel,Electronics,Monitors,Samsung Monitor,East,West Bengal,Siliguri,12729.0,1,0.0,10301.25,Debit Card,Delivered
ORD-14702,2025-12-07,CUST-1717,Varun Verma,Office Supplies,Stationery,Notebook,South,Tamil Nadu,Madurai,148.0,1,0.2,105.66,Debit Card,Delivered
ORD-14703,2025-09-24,CUST-1187,Pooja Agarwal,Home Appliances,Kitchen,Electric Kettle,North,Delhi,New Delhi,2237.6,1,0.2,1672.26,Debit Card,Shipped
ORD-14704,2025-05-04,CUST-1505,Rohit Patel,Office Supplies,Stationery,Pen Set,North,Uttar Pradesh,Varanasi,306.85,1,0.15,238.14,Cash on Delivery,Returned
ORD-14705,2025-03-03,CUST-1507,Priya Yadav,Office Supplies,Equipment,Calculator,North,Uttar Pradesh,Prayagraj,4571.4,3,0.05,3130.62,Cash on Delivery,Delivered
ORD-14706,2025-03-23,CUST-1479,Priya Gupta,Home Appliances,Cooling,Air Cooler,East,Bihar,Gaya,25652.85,3,0.05,19770.61,Debit Card,Delivered
ORD-14707,2025-06-22,CUST-1014,Shweta Verma,Home Appliances,Kitchen,Electric Kettle,East,Bihar,Gaya,8424.0,4,0.0,7129.98,Debit Card,Shipped
ORD-14708,2025-06-19,CUST-1519,Nisha Verma,Office Supplies,Paper,Copy Paper,North,Rajasthan,Jodhpur,491.0,1,0.0,348.92,Net Banking,Delivered
ORD-14709,2025-08-30,CUST-1437,Anjali Singh,Home Appliances,Kitchen,Mixer Grinder,East,West Bengal,Kolkata,11739.0,3,0.0,7776.76,Net Banking,Delivered
ORD-14710,2025-12-27,CUST-1752,Neha Gupta,Office Supplies,Equipment,Paper Shredder,East,Bihar,Patna,20865.0,5,0.0,16280.71,Cash on Delivery,Delivered
ORD-14711,2025-03-01,CUST-1440,Meena Sharma,Furniture,Storage,Storage Cabinet,North,Rajasthan,Jodhpur,33465.0,3,0.0,26324.09,Debit Card,Shipped
ORD-14712,2025-02-20,CUST-1265,Varun Kumar,Office Supplies,Paper,Printer Paper,South,Andhra Pradesh,Visakhapatnam,1725.2,4,0.05,1213.71,Credit Card,Shipped
ORD-14713,2025-06-26,CUST-1099,Shweta Jain,Furniture,Storage,Storage Cabinet,North,Delhi,New Delhi,10101.6,1,0.1,8338.29,Cash on Delivery,Cancelled
ORD-14714,2025-11-13,CUST-1164,Kavita Agarwal,Furniture,Storage,Storage Cabinet,East,Jharkhand,Ranchi,12427.0,1,0.0,7637.77,Credit Card,Delivered
ORD-14715,2025-03-01,CUST-1249,Sneha Jain,Home Appliances,Cooling,Air Cooler,East,West Bengal,Siliguri,49780.0,5,0.0,37014.65,Net Banking,Delivered
ORD-14716,2025-03-14,CUST-1328,Nisha Kumar,Electronics,Accessories,Keyboard,North,Uttar Pradesh,Prayagraj,2174.4,3,0.2,1846.67,Debit Card,Delivered
ORD-14717,2025-12-27,CUST-1394,Pooja Sharma,Electronics,Smartphones,iPhone,West,Maharashtra,Nashik,293869.2,3,0.05,239624.72,Cash on Delivery,Returned
ORD-14718,2025-11-02,CUST-1467,Manish Agarwal,Electronics,Monitors,Dell Monitor,West,Maharashtra,Nashik,51670.5,5,0.05,43916.61,UPI,Delivered
ORD-14719,2025-12-14,CUST-1796,Rohit Agarwal,Home Appliances,Cooling,Air Cooler,East,Bihar,Patna,10443.2,2,0.2,8474.3,Debit Card,Delivered
ORD-14720,2025-04-10,CUST-1779,Rahul Verma,Home Appliances,Cleaning,Vacuum Cleaner,South,Telangana,Hyderabad,7386.4,1,0.2,5120.09,Debit Card,Delivered
ORD-14721,2025-03-29,CUST-1210,Anil Gupta,Home Appliances,Kitchen,Microwave,East,Odisha,Cuttack,51472.0,4,0.0,33691.58,Net Banking,Delivered
ORD-14722,2025-06-15,CUST-1755,Amit Sharma,Furniture,Storage,Filing Cabinet,East,Odisha,Bhubaneswar,6023.95,1,0.05,3666.22,UPI,Delivered
ORD-14723,2025-03-15,CUST-1415,Sanjay Sharma,Office Supplies,Equipment,Paper Shredder,East,Jharkhand,Jamshedpur,24388.2,3,0.15,15266.89,Cash on Delivery,Delivered
ORD-14724,2025-11-04,CUST-1460,Vikas Mishra,Home Appliances,Kitchen,Microwave,North,Uttar Pradesh,Noida,39351.6,3,0.15,31507.94,Cash on Delivery,Delivered
ORD-14725,2025-10-29,CUST-1714,Vikas Gupta,Electronics,Laptops,HP Laptop,North,Punjab,Ludhiana,234821.0,4,0.05,145491.0,Credit Card,Delivered
ORD-14726,2025-08-23,CUST-1073,Meena Sharma,Electronics,Accessories,Mouse,South,Kerala,Thiruvananthapuram,6184.8,3,0.2,3843.5,Cash on Delivery,Returned
ORD-14727,2025-05-03,CUST-1477,Pooja Sharma,Electronics,Smartphones,iPhone,East,West Bengal,Siliguri,300444.0,3,0.0,247269.5,Debit Card,Shipped
ORD-14728,2025-05-16,CUST-1588,Manish Patel,Furniture,Storage,Storage Cabinet,North,Haryana,Panipat,14212.0,1,0.05,9485.51,Debit Card,Delivered
ORD-14729,2025-04-17,CUST-1282,Rahul Singh,Electronics,Accessories,Mouse,West,Goa,Panaji,2250.0,1,0.1,1816.48,Net Banking,Cancelled
ORD-14730,2025-12-16,CUST-1253,Priya Agarwal,Home Appliances,Cooling,Air Cooler,North,Delhi,New Delhi,13998.0,2,0.0,10035.48,Credit Card,Shipped
ORD-14731,2025-12-17,CUST-1403,Priya Kumar,Electronics,Laptops,Dell Laptop,South,Kerala,Kochi,197478.4,4,0.2,148563.38,Credit Card,Delivered
ORD-14732,2025-05-15,CUST-1586,Kavita Yadav,Furniture,Storage,Storage Cabinet,North,Rajasthan,Kota,56249.6,4,0.15,34363.29,Credit Card,Delivered
ORD-14733,2025-01-12,CUST-1731,Meena Jain,Office Supplies,Stationery,Notebook,East,Bihar,Gaya,221.0,1,0.15,138.47,Credit Card,Returned
ORD-14734,2025-07-19,CUST-1344,Vikas Singh,Home Appliances,Cooling,Air Cooler,East,West Bengal,Kolkata,43972.2,4,0.15,30311.57,Net Banking,Delivered
ORD-14735,2025-10-05,CUST-1257,Rahul Kumar,Electronics,Smartphones,Redmi Phone,South,Andhra Pradesh,Vijayawada,74222.85,3,0.15,48125.55,Debit Card,Delivered
ORD-14736,2025-08-01,CUST-1508,Anil Singh,Home Appliances,Cleaning,Vacuum Cleaner,North,Delhi,Delhi,9240.3,1,0.1,6639.61,Credit Card,Delivered
ORD-14737,2025-12-14,CUST-1254,Anil Patel,Furniture,Lighting,Table Lamp,North,Delhi,Delhi,5422.6,2,0.05,4035.44,Net Banking,Delivered
ORD-14738,2025-04-01,CUST-1183,Amit Agarwal,Office Supplies,Stationery,Stapler,North,Uttar Pradesh,Kanpur,583.1,2,0.15,410.02,Cash on Delivery,Delivered
ORD-14739,2025-11-08,CUST-1295,Meena Singh,Home Appliances,Cleaning,Vacuum Cleaner,East,Bihar,Gaya,37144.05,3,0.05,23857.72,Debit Card,Delivered
ORD-14740,2025-08-20,CUST-1118,Shweta Mishra,Office Supplies,Paper,Printer Paper,West,Goa,Margao,2043.4,4,0.15,1247.74,UPI,Cancelled
ORD-14741,2025-03-31,CUST-1557,Anil Agarwal,Electronics,Accessories,Headphones,East,West Bengal,Siliguri,35545.5,5,0.1,23741.62,Credit Card,Cancelled
ORD-14742,2025-10-15,CUST-1193,Shweta Yadav,Home Appliances,Kitchen,Mixer Grinder,South,Tamil Nadu,Coimbatore,9292.8,3,0.2,7159.26,Debit Card,Delivered
ORD-14743,2025-12-30,CUST-1278,Sneha Verma,Home Appliances,Kitchen,Mixer Grinder,South,Karnataka,Bengaluru,9116.8,4,0.2,5569.7,Cash on Delivery,Delivered
ORD-14744,2025-05-19,CUST-1145,Deepak Patel,Home Appliances,Cleaning,Vacuum Cleaner,East,Jharkhand,Jamshedpur,22884.8,2,0.2,16799.75,Cash on Delivery,Delivered
ORD-14745,2025-10-10,CUST-1492,Priya Patel,Office Supplies,Stationery,Stapler,North,Punjab,Jalandhar,1923.75,3,0.05,1286.83,Debit Card,Cancelled
ORD-14746,2025-03-01,CUST-1069,Ritu Jain,Home Appliances,Cleaning,Vacuum Cleaner,North,Delhi,Delhi,11924.0,1,0.0,9393.55,Cash on Delivery,Delivered
ORD-14747,2025-10-04,CUST-1272,Sneha Gupta,Furniture,Storage,Filing Cabinet,North,Uttar Pradesh,Noida,31012.0,4,0.0,22964.89,UPI,Shipped
ORD-14748,2025-03-07,CUST-1141,Pooja Verma,Electronics,Monitors,LG Monitor,East,Bihar,Gaya,58752.0,4,0.2,42703.14,Debit Card,Shipped
ORD-14749,2025-01-11,CUST-1774,Rohit Agarwal,Electronics,Laptops,HP Laptop,West,Gujarat,Surat,205185.6,4,0.1,124372.08,Cash on Delivery,Cancelled
ORD-14750,2025-05-02,CUST-1334,Kavita Jain,Furniture,Storage,Storage Cabinet,North,Punjab,Ludhiana,6516.0,1,0.1,4300.12,Cash on Delivery,Delivered
ORD-14751,2025-11-02,CUST-1139,Nisha Gupta,Furniture,Office Furniture,Bookshelf,South,Andhra Pradesh,Vijayawada,4252.8,1,0.2,3570.37,Debit Card,Cancelled
ORD-14752,2025-01-24,CUST-1057,Sneha Kumar,Furniture,Lighting,LED Desk Lamp,South,Tamil Nadu,Coimbatore,3199.6,2,0.05,2448.1,Net Banking,Delivered
ORD-14753,2025-11-20,CUST-1219,Priya Yadav,Office Supplies,Stationery,Pen Set,East,Bihar,Gaya,1048.8,4,0.05,670.51,Net Banking,Delivered
ORD-14754,2025-09-03,CUST-1153,Ritu Gupta,Furniture,Office Furniture,Bookshelf,South,Tamil Nadu,Coimbatore,17936.0,4,0.05,11569.73,Credit Card,Cancelled
ORD-14755,2025-08-17,CUST-1339,Pooja Verma,Office Supplies,Equipment,Paper Shredder,East,Odisha,Bhubaneswar,9108.6,1,0.15,5963.78,Cash on Delivery,Returned
ORD-14756,2025-09-17,CUST-1713,Anil Jain,Furniture,Storage,Filing Cabinet,North,Rajasthan,Kota,19360.05,3,0.05,14517.9,Credit Card,Delivered
ORD-14757,2025-11-05,CUST-1505,Neha Singh,Furniture,Office Furniture,Bookshelf,South,Andhra Pradesh,Vijayawada,23194.8,2,0.15,18372.21,Cash on Delivery,Shipped
ORD-14758,2025-01-19,CUST-1028,Meena Singh,Home Appliances,Cooling,Air Cooler,South,Kerala,Thiruvananthapuram,9463.5,1,0.1,6491.08,Cash on Delivery,Delivered
ORD-14759,2025-05-26,CUST-1280,Varun Singh,Furniture,Storage,Filing Cabinet,East,Bihar,Gaya,16693.4,2,0.05,14084.5,Debit Card,Shipped
ORD-14760,2025-04-20,CUST-1208,Sneha Mishra,Home Appliances,Cooling,Air Cooler,West,Madhya Pradesh,Bhopal,7838.4,1,0.2,5086.92,UPI,Delivered
ORD-14761,2025-07-19,CUST-1338,Manish Verma,Office Supplies,Paper,Copy Paper,South,Kerala,Thiruvananthapuram,1462.0,4,0.15,889.96,Net Banking,Delivered
ORD-14762,2025-09-03,CUST-1096,Neha Patel,Furniture,Office Furniture,Office Chair,North,Rajasthan,Jaipur,32715.15,3,0.05,25946.67,Debit Card,Delivered
ORD-14763,2025-01-09,CUST-1126,Manish Mishra,Furniture,Lighting,LED Desk Lamp,West,Maharashtra,Mumbai,1253.05,1,0.05,890.01,Credit Card,Delivered
ORD-14764,2025-12-05,CUST-1651,Vikas Singh,Furniture,Lighting,Table Lamp,North,Uttar Pradesh,Noida,5122.0,2,0.0,4304.67,Net Banking,Shipped
ORD-14765,2025-07-21,CUST-1645,Nisha Yadav,Home Appliances,Kitchen,Electric Kettle,East,Bihar,Patna,12114.0,5,0.1,8915.71,Cash on Delivery,Delivered
ORD-14766,2025-04-27,CUST-1610,Meena Jain,Electronics,Smartphones,iPhone,East,Odisha,Cuttack,531030.0,5,0.0,330089.83,UPI,Delivered
ORD-14767,2025-11-13,CUST-1539,Varun Patel,Office Supplies,Stationery,Stapler,South,Andhra Pradesh,Vijayawada,508.3,2,0.15,351.88,Credit Card,Shipped
ORD-14768,2025-07-18,CUST-1622,Varun Jain,Electronics,Laptops,Dell Laptop,East,Bihar,Patna,68375.7,1,0.1,54365.16,Credit Card,Delivered
ORD-14769,2025-05-02,CUST-1615,Pooja Patel,Home Appliances,Cleaning,Vacuum Cleaner,North,Uttar Pradesh,Prayagraj,5589.0,1,0.1,3483.54,Net Banking,Delivered
ORD-14770,2025-12-26,CUST-1794,Arjun Yadav,Home Appliances,Cleaning,Vacuum Cleaner,West,Gujarat,Ahmedabad,31785.75,5,0.15,23717.7,UPI,Shipped
ORD-14771,2025-01-08,CUST-1004,Varun Agarwal,Furniture,Storage,Filing Cabinet,North,Delhi,New Delhi,10923.2,1,0.2,8662.75,Cash on Delivery,Delivered
ORD-14772,2025-12-04,CUST-1195,Shweta Verma,Furniture,Office Furniture,Office Chair,South,Telangana,Warangal,20361.6,3,0.2,14852.52,Cash on Delivery,Delivered
ORD-14773,2025-02-21,CUST-1781,Sanjay Patel,Office Supplies,Stationery,Stapler,North,Punjab,Jalandhar,668.1,2,0.15,421.66,UPI,Returned
ORD-14774,2025-02-13,CUST-1022,Meena Agarwal,Furniture,Office Furniture,Office Chair,South,Andhra Pradesh,Vijayawada,5642.0,1,0.0,4748.95,UPI,Delivered
ORD-14775,2025-08-01,CUST-1049,Meena Agarwal,Office Supplies,Equipment,Calculator,West,Madhya Pradesh,Bhopal,1437.35,1,0.15,1104.32,Net Banking,Returned
ORD-14776,2025-12-11,CUST-1416,Anjali Gupta,Office Supplies,Paper,Printer Paper,North,Uttar Pradesh,Lucknow,499.5,1,0.1,317.13,Credit Card,Delivered
ORD-14777,2025-06-17,CUST-1762,Deepak Singh,Home Appliances,Cooling,Air Cooler,East,West Bengal,Siliguri,15840.6,3,0.15,13241.68,Credit Card,Delivered
ORD-14778,2025-04-27,CUST-1131,Kavita Mishra,Office Supplies,Paper,Copy Paper,North,Rajasthan,Kota,1815.0,5,0.0,1313.87,Debit Card,Cancelled
ORD-14779,2025-10-25,CUST-1220,Anjali Sharma,Home Appliances,Cooling,Air Cooler,North,Haryana,Gurugram,38644.0,4,0.0,32137.32,Credit Card,Delivered
ORD-14780,2025-03-25,CUST-1156,Priya Agarwal,Home Appliances,Kitchen,Electric Kettle,West,Goa,Panaji,2818.0,1,0.0,1762.84,Credit Card,Returned
ORD-14781,2025-09-20,CUST-1630,Nisha Jain,Office Supplies,Paper,Printer Paper,North,Uttar Pradesh,Kanpur,1128.6,2,0.05,940.22,Credit Card,Cancelled
ORD-14782,2025-06-22,CUST-1543,Anjali Singh,Furniture,Office Furniture,Office Desk,South,Telangana,Hyderabad,21630.8,2,0.15,14612.17,UPI,Delivered
ORD-14783,2025-05-13,CUST-1652,Arjun Singh,Home Appliances,Cleaning,Vacuum Cleaner,South,Karnataka,Mysuru,42177.0,4,0.15,25438.67,Net Banking,Delivered
ORD-14784,2025-11-20,CUST-1654,Vikas Mishra,Furniture,Storage,Filing Cabinet,North,Haryana,Faridabad,4367.2,1,0.2,2960.06,Cash on Delivery,Shipped
ORD-14785,2025-09-20,CUST-1577,Manish Patel,Home Appliances,Cooling,Air Cooler,North,Delhi,New Delhi,31584.3,3,0.15,26426.99,UPI,Returned
ORD-14786,2025-03-18,CUST-1402,Nisha Agarwal,Electronics,Accessories,Mouse,West,Goa,Panaji,3682.2,4,0.05,2467.38,Net Banking,Cancelled
ORD-14787,2025-10-10,CUST-1334,Shweta Agarwal,Home Appliances,Cooling,Air Cooler,East,Jharkhand,Jamshedpur,38470.4,4,0.2,29598.55,UPI,Delivered
ORD-14788,2025-10-09,CUST-1164,Sneha Agarwal,Furniture,Storage,Storage Cabinet,West,Madhya Pradesh,Indore,34843.2,3,0.15,23024.55,Debit Card,Returned
ORD-14789,2025-08-20,CUST-1685,Nisha Singh,Furniture,Storage,Storage Cabinet,North,Uttar Pradesh,Lucknow,45220.5,5,0.1,37598.99,Credit Card,Cancelled
ORD-14790,2025-12-12,CUST-1535,Anil Gupta,Furniture,Office Furniture,Office Desk,East,Bihar,Gaya,76057.0,4,0.05,63788.85,Debit Card,Delivered
ORD-14791,2025-02-04,CUST-1672,Sneha Sharma,Home Appliances,Cleaning,Vacuum Cleaner,West,Madhya Pradesh,Bhopal,66599.75,5,0.05,54733.62,UPI,Delivered
ORD-14792,2025-01-26,CUST-1197,Rahul Kumar,Home Appliances,Cleaning,Vacuum Cleaner,South,Tamil Nadu,Chennai,6182.6,1,0.05,5117.86,Debit Card,Delivered
ORD-14793,2025-04-03,CUST-1253,Ritu Jain,Office Supplies,Paper,Printer Paper,West,Maharashtra,Nagpur,2568.8,4,0.05,1853.09,Cash on Delivery,Delivered
ORD-14794,2025-01-27,CUST-1394,Manish Verma,Electronics,Accessories,Mouse,West,Goa,Margao,7423.2,4,0.1,5764.18,Net Banking,Delivered
ORD-14795,2025-11-22,CUST-1627,Rahul Yadav,Office Supplies,Stationery,Notebook,West,Maharashtra,Nashik,946.8,4,0.1,784.45,Credit Card,Delivered
ORD-14796,2025-01-20,CUST-1280,Sanjay Verma,Furniture,Office Furniture,Bookshelf,West,Maharashtra,Nagpur,35788.8,4,0.2,25882.4,UPI,Returned
ORD-14797,2025-01-14,CUST-1007,Shweta Jain,Electronics,Accessories,Headphones,West,Goa,Margao,12060.0,5,0.1,9121.87,Net Banking,Delivered
ORD-14798,2025-12-09,CUST-1212,Ritu Verma,Office Supplies,Equipment,Calculator,South,Tamil Nadu,Coimbatore,2760.0,2,0.0,2321.0,Credit Card,Delivered
ORD-14799,2025-04-16,CUST-1506,Anjali Sharma,Home Appliances,Kitchen,Microwave,South,Karnataka,Mangaluru,27924.3,2,0.05,23040.21,Net Banking,Returned
ORD-14800,2025-10-02,CUST-1045,Deepak Verma,Electronics,Accessories,Headphones,East,Jharkhand,Jamshedpur,5017.5,5,0.1,4135.07,Net Banking,Delivered
ORD-14801,2025-01-23,CUST-1345,Priya Patel,Office Supplies,Equipment,Calculator,South,Karnataka,Mangaluru,2517.6,3,0.2,1957.2,UPI,Cancelled
ORD-14802,2025-11-30,CUST-1399,Anil Mishra,Furniture,Storage,Filing Cabinet,North,Delhi,Delhi,18567.0,2,0.1,15404.76,Net Banking,Delivered
ORD-14803,2025-02-24,CUST-1635,Arjun Mishra,Electronics,Accessories,Mouse,North,Rajasthan,Kota,1232.5,1,0.15,811.27,UPI,Shipped
ORD-14804,2025-11-27,CUST-1091,Pooja Verma,Furniture,Office Furniture,Office Chair,East,Bihar,Patna,29836.8,4,0.1,20310.36,Credit Card,Shipped
ORD-14805,2025-01-16,CUST-1276,Deepak Gupta,Office Supplies,Paper,Copy Paper,South,Kerala,Thiruvananthapuram,1266.5,5,0.15,855.51,Debit Card,Delivered
ORD-14806,2025-02-19,CUST-1337,Sanjay Jain,Electronics,Monitors,LG Monitor,East,West Bengal,Siliguri,75536.0,4,0.0,57220.31,Cash on Delivery,Delivered
ORD-14807,2025-10-20,CUST-1098,Kavita Patel,Electronics,Smartphones,iPhone,North,Haryana,Gurugram,444336.0,4,0.0,310248.02,Credit Card,Cancelled
ORD-14808,2025-11-12,CUST-1544,Sanjay Singh,Office Supplies,Paper,Printer Paper,West,Madhya Pradesh,Bhopal,1796.4,4,0.1,1351.21,Debit Card,Delivered
ORD-14809,2025-01-10,CUST-1794,Amit Singh,Home Appliances,Cooling,Air Cooler,North,Rajasthan,Kota,37301.4,4,0.15,22446.13,Debit Card,Cancelled
ORD-14810,2025-10-13,CUST-1420,Amit Verma,Electronics,Smartphones,iPhone,East,Odisha,Cuttack,311531.6,4,0.05,212794.67,Cash on Delivery,Delivered
ORD-14811,2025-02-02,CUST-1145,Neha Verma,Furniture,Storage,Filing Cabinet,East,Bihar,Patna,22609.05,3,0.05,18160.82,Debit Card,Delivered
ORD-14812,2025-05-27,CUST-1394,Shweta Agarwal,Home Appliances,Cooling,Air Cooler,West,Maharashtra,Pune,41960.0,5,0.2,25405.47,Debit Card,Delivered
ORD-14813,2025-07-12,CUST-1238,Priya Jain,Home Appliances,Kitchen,Electric Kettle,North,Uttar Pradesh,Kanpur,2829.0,1,0.0,1885.97,UPI,Delivered
ORD-14814,2025-02-25,CUST-1185,Meena Sharma,Furniture,Storage,Filing Cabinet,West,Goa,Panaji,58231.2,4,0.05,36260.76,Credit Card,Cancelled
ORD-14815,2025-06-04,CUST-1600,Arjun Yadav,Electronics,Smartphones,iPhone,North,Haryana,Panipat,99374.4,2,0.2,76075.7,Cash on Delivery,Delivered
ORD-14816,2025-03-25,CUST-1138,Sanjay Patel,Office Supplies,Stationery,Notebook,South,Karnataka,Bengaluru,126.0,1,0.1,103.08,Debit Card,Delivered
ORD-14817,2025-10-25,CUST-1709,Kavita Sharma,Furniture,Office Furniture,Office Desk,West,Gujarat,Ahmedabad,17378.35,1,0.05,12957.93,Debit Card,Delivered
ORD-14818,2025-12-29,CUST-1171,Ritu Kumar,Furniture,Lighting,LED Desk Lamp,West,Maharashtra,Pune,13905.0,5,0.1,9044.74,UPI,Delivered
ORD-14819,2025-05-30,CUST-1586,Anil Kumar,Furniture,Storage,Filing Cabinet,East,Jharkhand,Jamshedpur,4080.0,1,0.2,2618.2,UPI,Shipped
ORD-14820,2025-10-15,CUST-1498,Rahul Yadav,Furniture,Storage,Filing Cabinet,South,Tamil Nadu,Madurai,5852.25,1,0.15,3764.18,Cash on Delivery,Delivered
ORD-14821,2025-02-14,CUST-1795,Anjali Jain,Furniture,Lighting,Table Lamp,North,Haryana,Gurugram,12145.5,5,0.1,9187.77,UPI,Delivered
ORD-14822,2025-09-09,CUST-1154,Anil Jain,Office Supplies,Equipment,Calculator,North,Haryana,Faridabad,3701.7,3,0.1,3039.12,Credit Card,Delivered
ORD-14823,2025-01-12,CUST-1052,Vikas Yadav,Electronics,Accessories,Keyboard,East,West Bengal,Siliguri,9439.2,4,0.1,6215.78,Cash on Delivery,Returned
ORD-14824,2025-10-17,CUST-1339,Arjun Gupta,Electronics,Accessories,Headphones,North,Haryana,Gurugram,8586.0,5,0.1,6819.38,Credit Card,Cancelled
ORD-14825,2025-03-01,CUST-1520,Neha Patel,Electronics,Laptops,Lenovo Laptop,South,Andhra Pradesh,Vijayawada,141040.8,3,0.05,116530.09,Debit Card,Delivered
ORD-14826,2025-10-10,CUST-1640,Kavita Yadav,Electronics,Laptops,Lenovo Laptop,North,Haryana,Faridabad,169516.0,4,0.0,105673.7,UPI,Returned
ORD-14827,2025-10-21,CUST-1161,Rahul Agarwal,Home Appliances,Cleaning,Vacuum Cleaner,South,Kerala,Thiruvananthapuram,22041.6,4,0.2,15076.27,Debit Card,Delivered
ORD-14828,2025-03-26,CUST-1581,Rahul Gupta,Home Appliances,Cleaning,Vacuum Cleaner,West,Maharashtra,Pune,38430.2,4,0.15,32442.29,Credit Card,Cancelled
ORD-14829,2025-09-02,CUST-1153,Sneha Singh,Furniture,Storage,Filing Cabinet,West,Maharashtra,Nashik,7563.0,1,0.0,5857.25,UPI,Cancelled
ORD-14830,2025-01-24,CUST-1032,Meena Patel,Office Supplies,Equipment,Paper Shredder,North,Delhi,New Delhi,5785.0,1,0.0,3611.18,Credit Card,Delivered
ORD-14831,2025-09-24,CUST-1027,Kavita Agarwal,Electronics,Smartphones,Samsung Galaxy,North,Uttar Pradesh,Prayagraj,96902.4,3,0.2,63702.72,Net Banking,Shipped
ORD-14832,2025-07-04,CUST-1624,Pooja Gupta,Office Supplies,Equipment,Paper Shredder,West,Goa,Panaji,33916.0,4,0.0,25605.56,Net Banking,Delivered
ORD-14833,2025-04-09,CUST-1740,Rahul Sharma,Home Appliances,Kitchen,Microwave,South,Kerala,Kochi,44514.0,3,0.0,32474.42,Debit Card,Delivered
ORD-14834,2025-12-22,CUST-1552,Amit Agarwal,Home Appliances,Cooling,Air Cooler,East,Bihar,Patna,25362.0,4,0.1,19609.53,Debit Card,Delivered
ORD-14835,2025-05-16,CUST-1794,Neha Mishra,Electronics,Laptops,HP Laptop,East,Odisha,Bhubaneswar,99349.7,2,0.15,83326.16,Cash on Delivery,Cancelled
ORD-14836,2025-08-16,CUST-1318,Sanjay Agarwal,Office Supplies,Equipment,Calculator,West,Madhya Pradesh,Bhopal,2273.4,2,0.1,1438.74,UPI,Cancelled
ORD-14837,2025-07-27,CUST-1354,Manish Patel,Home Appliances,Cleaning,Vacuum Cleaner,East,Odisha,Cuttack,8374.4,1,0.2,6378.42,Net Banking,Shipped
ORD-14838,2025-05-25,CUST-1592,Sanjay Agarwal,Office Supplies,Stationery,Stapler,South,Telangana,Warangal,543.6,2,0.1,330.13,Credit Card,Delivered
ORD-14839,2025-01-17,CUST-1534,Shweta Verma,Office Supplies,Stationery,Stapler,South,Tamil Nadu,Madurai,925.2,4,0.1,782.45,UPI,Delivered
ORD-14840,2025-03-18,CUST-1688,Deepak Patel,Furniture,Lighting,Table Lamp,West,Maharashtra,Nagpur,2039.0,1,0.0,1285.36,Net Banking,Returned
ORD-14841,2025-05-14,CUST-1639,Rohit Patel,Furniture,Storage,Storage Cabinet,South,Andhra Pradesh,Vijayawada,7832.0,1,0.0,5855.54,Net Banking,Cancelled
ORD-14842,2025-12-30,CUST-1463,Amit Singh,Home Appliances,Cooling,Air Cooler,West,Maharashtra,Mumbai,45443.55,3,0.15,34577.84,Net Banking,Delivered
ORD-14843,2025-08-01,CUST-1147,Meena Agarwal,Furniture,Office Furniture,Bookshelf,West,Madhya Pradesh,Indore,25624.0,4,0.0,21362.94,Net Banking,Returned
ORD-14844,2025-10-11,CUST-1180,Anil Patel,Electronics,Accessories,Headphones,South,Kerala,Kochi,28480.5,5,0.1,23849.91,Net Banking,Delivered
ORD-14845,2025-04-01,CUST-1546,Sneha Gupta,Home Appliances,Kitchen,Electric Kettle,West,Goa,Margao,7905.0,3,0.15,5124.19,UPI,Delivered
ORD-14846,2025-04-21,CUST-1375,Varun Patel,Home Appliances,Cleaning,Vacuum Cleaner,South,Telangana,Warangal,35150.4,4,0.1,29875.37,UPI,Delivered
ORD-14847,2025-03-25,CUST-1550,Rohit Mishra,Home Appliances,Cooling,Air Cooler,East,West Bengal,Kolkata,18732.1,2,0.05,14155.43,UPI,Cancelled
ORD-14848,2025-05-30,CUST-1441,Amit Jain,Office Supplies,Stationery,Pen Set,West,Madhya Pradesh,Indore,630.4,2,0.2,524.77,UPI,Returned
ORD-14849,2025-02-25,CUST-1527,Sneha Patel,Electronics,Monitors,Samsung Monitor,East,West Bengal,Siliguri,19419.9,1,0.05,14032.0,UPI,Delivered
ORD-14850,2025-07-03,CUST-1753,Sanjay Agarwal,Furniture,Storage,Filing Cabinet,West,Maharashtra,Nashik,16138.0,2,0.0,10908.38,Net Banking,Returned
ORD-14851,2025-05-08,CUST-1794,Sanjay Singh,Electronics,Accessories,Headphones,South,Kerala,Kochi,8255.0,5,0.0,6581.94,Credit Card,Delivered
ORD-14852,2025-09-01,CUST-1235,Anjali Yadav,Home Appliances,Cleaning,Vacuum Cleaner,North,Rajasthan,Kota,48808.0,5,0.2,40950.5,Net Banking,Returned
ORD-14853,2025-11-01,CUST-1449,Ritu Verma,Home Appliances,Cleaning,Vacuum Cleaner,East,Bihar,Gaya,15427.5,3,0.15,12322.75,Credit Card,Delivered
ORD-14854,2025-12-06,CUST-1707,Neha Patel,Home Appliances,Kitchen,Mixer Grinder,East,West Bengal,Kolkata,3085.5,1,0.15,1907.76,Credit Card,Delivered
ORD-14855,2025-07-01,CUST-1127,Meena Agarwal,Furniture,Storage,Filing Cabinet,North,Rajasthan,Jodhpur,10221.25,1,0.15,6652.37,Debit Card,Shipped
ORD-14856,2025-11-14,CUST-1154,Nisha Kumar,Home Appliances,Cooling,Air Cooler,South,Kerala,Thiruvananthapuram,51102.0,4,0.1,30780.56,Debit Card,Shipped
ORD-14857,2025-06-28,CUST-1666,Rohit Singh,Furniture,Lighting,LED Desk Lamp,North,Haryana,Gurugram,14012.5,5,0.05,10053.64,UPI,Delivered
ORD-14858,2025-05-17,CUST-1634,Ritu Agarwal,Furniture,Storage,Filing Cabinet,East,West Bengal,Siliguri,17369.6,2,0.2,12618.95,Credit Card,Cancelled
ORD-14859,2025-10-16,CUST-1702,Shweta Verma,Home Appliances,Cleaning,Vacuum Cleaner,East,Bihar,Gaya,10178.0,1,0.0,6312.11,Credit Card,Cancelled
ORD-14860,2025-07-20,CUST-1069,Amit Patel,Home Appliances,Cleaning,Vacuum Cleaner,North,Delhi,New Delhi,40876.6,4,0.05,30727.98,Cash on Delivery,Cancelled
ORD-14861,2025-04-19,CUST-1503,Anjali Agarwal,Office Supplies,Stationery,Pen Set,South,Tamil Nadu,Coimbatore,1904.0,4,0.15,1243.18,UPI,Delivered
ORD-14862,2025-03-10,CUST-1207,Priya Singh,Office Supplies,Stationery,Pen Set,East,Odisha,Bhubaneswar,489.25,1,0.05,387.41,Net Banking,Delivered
ORD-14863,2025-08-12,CUST-1266,Sneha Jain,Office Supplies,Paper,Copy Paper,West,Madhya Pradesh,Bhopal,367.0,1,0.0,285.19,Net Banking,Delivered
ORD-14864,2025-07-21,CUST-1798,Rahul Singh,Office Supplies,Stationery,Notebook,East,Bihar,Gaya,930.0,3,0.0,697.73,UPI,Delivered
ORD-14865,2025-12-03,CUST-1267,Ritu Sharma,Home Appliances,Cooling,Air Cooler,East,West Bengal,Kolkata,59855.0,5,0.0,50295.57,Net Banking,Returned
ORD-14866,2025-04-22,CUST-1699,Vikas Yadav,Office Supplies,Stationery,Pen Set,South,Tamil Nadu,Coimbatore,894.9,3,0.05,750.54,Net Banking,Delivered
ORD-14867,2025-03-23,CUST-1494,Nisha Kumar,Electronics,Accessories,Headphones,East,Bihar,Gaya,11373.0,5,0.15,9138.19,Cash on Delivery,Cancelled
ORD-14868,2025-05-13,CUST-1735,Neha Jain,Furniture,Office Furniture,Office Desk,East,West Bengal,Kolkata,8469.9,1,0.1,5880.12,UPI,Cancelled
ORD-14869,2025-01-12,CUST-1423,Kavita Kumar,Home Appliances,Cleaning,Vacuum Cleaner,North,Punjab,Jalandhar,19400.0,2,0.0,14710.54,Net Banking,Cancelled
ORD-14870,2025-05-20,CUST-1102,Priya Mishra,Home Appliances,Cleaning,Vacuum Cleaner,North,Haryana,Faridabad,36895.95,3,0.15,27912.57,Cash on Delivery,Delivered
ORD-14871,2025-02-19,CUST-1312,Nisha Verma,Office Supplies,Equipment,Calculator,East,Odisha,Bhubaneswar,5896.65,3,0.05,4128.48,Debit Card,Cancelled
ORD-14872,2025-06-15,CUST-1082,Shweta Verma,Furniture,Lighting,Table Lamp,East,West Bengal,Kolkata,4588.2,2,0.1,3795.5,Net Banking,Delivered
ORD-14873,2025-11-02,CUST-1634,Sanjay Yadav,Furniture,Storage,Filing Cabinet,East,Bihar,Gaya,55596.0,4,0.0,45159.89,Cash on Delivery,Cancelled
ORD-14874,2025-01-22,CUST-1551,Meena Yadav,Office Supplies,Paper,Printer Paper,West,Madhya Pradesh,Bhopal,604.0,1,0.0,490.4,Credit Card,Returned
ORD-14875,2025-12-15,CUST-1391,Nisha Agarwal,Electronics,Smartphones,OnePlus Phone,West,Madhya Pradesh,Indore,238106.25,5,0.15,171774.55,Debit Card,Delivered
ORD-14876,2025-06-07,CUST-1486,Anil Jain,Furniture,Lighting,Table Lamp,East,Odisha,Bhubaneswar,2280.0,3,0.2,1397.8,Net Banking,Delivered
ORD-14877,2025-09-24,CUST-1779,Deepak Mishra,Office Supplies,Stationery,Pen Set,West,Madhya Pradesh,Bhopal,665.0,1,0.05,552.61,Cash on Delivery,Delivered
ORD-14878,2025-04-04,CUST-1722,Anil Singh,Office Supplies,Stationery,Stapler,West,Goa,Panaji,890.0,2,0.0,570.61,Net Banking,Delivered
ORD-14879,2025-07-26,CUST-1714,Sanjay Sharma,Home Appliances,Kitchen,Electric Kettle,East,Odisha,Cuttack,1298.4,1,0.2,956.93,Debit Card,Delivered
ORD-14880,2025-02-05,CUST-1079,Unknown Customer,Electronics,Smartphones,Redmi Phone,North,Uttar Pradesh,Varanasi,18887.4,1,0.1,15452.58,Debit Card,Cancelled
ORD-14881,2025-03-19,CUST-1475,Kavita Verma,Office Supplies,Paper,Printer Paper,West,Maharashtra,Mumbai,2227.0,5,0.15,1562.4,Net Banking,Shipped
ORD-14882,2025-09-19,CUST-1022,Meena Sharma,Home Appliances,Kitchen,Microwave,West,Goa,Panaji,13700.7,1,0.1,11067.73,Net Banking,Delivered
ORD-14883,2025-02-18,CUST-1207,Sneha Singh,Furniture,Office Furniture,Office Chair,North,Uttar Pradesh,Kanpur,22305.6,3,0.2,16356.87,Credit Card,Delivered
ORD-14884,2025-08-05,CUST-1517,Rahul Singh,Office Supplies,Equipment,Paper Shredder,West,Goa,Margao,30583.35,3,0.05,24899.31,Debit Card,Returned
ORD-14885,2025-09-08,CUST-1039,Rahul Mishra,Office Supplies,Stationery,Notebook,East,Bihar,Gaya,2140.0,5,0.0,1664.17,Cash on Delivery,Delivered
ORD-14886,2025-12-28,CUST-1096,Anjali Sharma,Office Supplies,Equipment,Paper Shredder,East,Bihar,Patna,4755.75,1,0.15,2964.09,UPI,Delivered
ORD-14887,2025-01-04,CUST-1209,Sneha Kumar,Electronics,Accessories,Headphones,South,Karnataka,Bengaluru,31356.5,5,0.15,19099.14,Net Banking,Delivered
ORD-14888,2025-12-17,CUST-1336,Kavita Verma,Home Appliances,Kitchen,Electric Kettle,West,Goa,Margao,6040.8,2,0.1,4374.64,Debit Card,Delivered
ORD-14889,2025-12-27,CUST-1632,Anil Kumar,Electronics,Monitors,Dell Monitor,West,Madhya Pradesh,Indore,140235.0,5,0.0,104700.7,Cash on Delivery,Shipped
ORD-14890,2025-02-01,CUST-1367,Pooja Sharma,Home Appliances,Kitchen,Electric Kettle,South,Tamil Nadu,Coimbatore,4194.0,3,0.0,2760.53,Debit Card,Returned
ORD-14891,2025-05-08,CUST-1026,Ritu Agarwal,Electronics,Smartphones,iPhone,North,Delhi,New Delhi,294854.8,4,0.15,207792.46,Cash on Delivery,Cancelled
ORD-14892,2025-08-04,CUST-1567,Nisha Agarwal,Electronics,Laptops,HP Laptop,North,Haryana,Faridabad,333310.0,5,0.0,200625.68,Credit Card,Shipped
ORD-14893,2025-11-11,CUST-1752,Anjali Agarwal,Office Supplies,Paper,Printer Paper,South,Tamil Nadu,Coimbatore,1739.1,3,0.15,1059.07,Credit Card,Delivered
ORD-14894,2025-04-14,CUST-1290,Shweta Verma,Electronics,Smartphones,iPhone,East,West Bengal,Kolkata,472880.0,4,0.0,323278.9,Cash on Delivery,Delivered
ORD-14895,2025-12-01,CUST-1225,Varun Patel,Home Appliances,Cleaning,Vacuum Cleaner,West,Gujarat,Vadodara,15208.2,3,0.15,9916.22,Cash on Delivery,Delivered
ORD-14896,2025-04-17,CUST-1578,Meena Singh,Furniture,Storage,Filing Cabinet,East,Bihar,Gaya,10412.95,1,0.05,7174.68,Debit Card,Returned
ORD-14897,2025-02-21,CUST-1666,Pooja Mishra,Furniture,Lighting,Table Lamp,North,Haryana,Faridabad,1992.6,1,0.1,1225.94,Net Banking,Shipped
ORD-14898,2025-08-06,CUST-1379,Rohit Kumar,Home Appliances,Kitchen,Microwave,South,Kerala,Kochi,35321.6,4,0.2,23380.39,UPI,Shipped
ORD-14899,2025-11-21,CUST-1152,Vikas Kumar,Home Appliances,Kitchen,Microwave,North,Uttar Pradesh,Noida,25869.75,3,0.15,21597.16,Credit Card,Delivered
ORD-14900,2025-12-29,CUST-1496,Varun Singh,Furniture,Office Furniture,Bookshelf,North,Uttar Pradesh,Varanasi,67725.5,5,0.05,54507.04,Cash on Delivery,Delivered
ORD-14901,2025-08-03,CUST-1008,Shweta Patel,Furniture,Lighting,LED Desk Lamp,East,West Bengal,Siliguri,4018.5,3,0.05,2505.24,Credit Card,Cancelled
ORD-14902,2025-10-19,CUST-1552,Anjali Jain,Office Supplies,Stationery,Notebook,East,Bihar,Gaya,176.8,2,0.15,144.45,Net Banking,Returned
ORD-14903,2025-08-19,CUST-1309,Priya Gupta,Home Appliances,Cleaning,Vacuum Cleaner,East,Jharkhand,Ranchi,18725.5,2,0.15,12210.88,Debit Card,Delivered
ORD-14904,2025-08-11,CUST-1030,Manish Verma,Electronics,Monitors,LG Monitor,South,Karnataka,Mangaluru,24457.6,2,0.2,20319.9,Debit Card,Delivered
ORD-14905,2025-05-22,CUST-1059,Deepak Singh,Office Supplies,Paper,Copy Paper,East,Odisha,Bhubaneswar,977.55,3,0.05,675.48,Cash on Delivery,Delivered
ORD-14906,2025-03-11,CUST-1512,Anil Patel,Office Supplies,Paper,Printer Paper,South,Karnataka,Mysuru,320.0,1,0.2,222.79,Cash on Delivery,Returned
ORD-14907,2025-12-09,CUST-1734,Sneha Jain,Office Supplies,Paper,Printer Paper,South,Tamil Nadu,Madurai,1467.75,5,0.05,1161.0,UPI,Cancelled
ORD-14908,2025-08-11,CUST-1445,Rahul Kumar,Furniture,Lighting,LED Desk Lamp,North,Uttar Pradesh,Prayagraj,14195.0,5,0.0,8752.16,Credit Card,Delivered
ORD-14909,2025-07-08,CUST-1711,Anil Jain,Office Supplies,Stationery,Notebook,West,Madhya Pradesh,Indore,235.8,1,0.1,181.99,Credit Card,Cancelled
ORD-14910,2025-02-16,CUST-1687,Sanjay Singh,Furniture,Office Furniture,Office Chair,South,Kerala,Thiruvananthapuram,27745.2,4,0.1,21046.79,Debit Card,Returned
ORD-14911,2025-01-18,CUST-1228,Ritu Patel,Home Appliances,Cooling,Air Cooler,South,Telangana,Warangal,70105.5,5,0.1,45275.89,Credit Card,Delivered
ORD-14912,2025-06-13,CUST-1205,Sneha Agarwal,Home Appliances,Cleaning,Vacuum Cleaner,West,Gujarat,Ahmedabad,31091.2,4,0.2,20640.88,Debit Card,Delivered
ORD-14913,2025-05-27,CUST-1368,Varun Yadav,Office Supplies,Paper,Printer Paper,South,Kerala,Kochi,1957.5,5,0.1,1345.68,Cash on Delivery,Delivered
ORD-14914,2025-10-20,CUST-1604,Rohit Jain,Home Appliances,Cleaning,Vacuum Cleaner,North,Delhi,Delhi,39033.9,3,0.1,31086.7,Cash on Delivery,Delivered
ORD-14915,2025-04-19,CUST-1722,Meena Verma,Electronics,Smartphones,OnePlus Phone,North,Uttar Pradesh,Kanpur,37212.0,1,0.0,30282.17,Net Banking,Delivered
ORD-14916,2025-11-28,CUST-1464,Anjali Singh,Furniture,Lighting,Table Lamp,West,Maharashtra,Nashik,1124.8,1,0.2,820.35,Credit Card,Delivered
ORD-14917,2025-02-18,CUST-1147,Anjali Mishra,Electronics,Laptops,ASUS Laptop,South,Andhra Pradesh,Vijayawada,229209.0,3,0.0,189080.89,Debit Card,Delivered
ORD-14918,2025-09-25,CUST-1299,Rahul Kumar,Electronics,Accessories,Mouse,South,Andhra Pradesh,Vijayawada,5932.8,4,0.2,4975.88,UPI,Delivered
ORD-14919,2025-04-17,CUST-1638,Deepak Yadav,Furniture,Lighting,Table Lamp,South,Tamil Nadu,Chennai,6562.0,4,0.15,4877.22,Debit Card,Shipped
ORD-14920,2025-12-15,CUST-1319,Anjali Mishra,Office Supplies,Equipment,Paper Shredder,South,Karnataka,Mysuru,7437.55,1,0.05,4741.95,Net Banking,Shipped
ORD-14921,2025-02-14,CUST-1419,Sanjay Patel,Furniture,Storage,Filing Cabinet,North,Haryana,Faridabad,22953.9,3,0.05,19063.83,UPI,Shipped
ORD-14922,2025-11-10,CUST-1667,Pooja Yadav,Office Supplies,Stationery,Pen Set,South,Kerala,Kochi,162.45,1,0.05,128.86,UPI,Returned
ORD-14923,2025-10-09,CUST-1292,Rahul Agarwal,Furniture,Storage,Filing Cabinet,West,Gujarat,Ahmedabad,36174.6,3,0.1,27065.13,Credit Card,Delivered
ORD-14924,2025-09-11,CUST-1527,Priya Jain,Office Supplies,Stationery,Pen Set,East,Jharkhand,Ranchi,1110.1,2,0.15,918.72,Net Banking,Delivered
ORD-14925,2025-08-22,CUST-1013,Manish Agarwal,Home Appliances,Kitchen,Electric Kettle,South,Kerala,Thiruvananthapuram,1556.35,1,0.15,1106.31,UPI,Cancelled
ORD-14926,2025-10-22,CUST-1591,Shweta Kumar,Electronics,Smartphones,OnePlus Phone,East,Odisha,Bhubaneswar,135988.8,3,0.2,86544.62,Credit Card,Delivered
ORD-14927,2025-11-24,CUST-1631,Arjun Patel,Office Supplies,Stationery,Pen Set,East,West Bengal,Kolkata,921.5,2,0.05,696.76,Credit Card,Delivered
ORD-14928,2025-06-09,CUST-1317,Anil Kumar,Office Supplies,Paper,Copy Paper,East,Jharkhand,Jamshedpur,404.8,1,0.2,265.9,Cash on Delivery,Returned
ORD-14929,2025-01-03,CUST-1555,Shweta Jain,Furniture,Office Furniture,Office Desk,North,Rajasthan,Jaipur,93505.5,5,0.1,62938.05,Cash on Delivery,Returned
ORD-14930,2025-02-03,CUST-1488,Neha Mishra,Electronics,Smartphones,iPhone,South,Telangana,Hyderabad,173021.4,3,0.1,105031.9,UPI,Returned
ORD-14931,2025-04-09,CUST-1053,Nisha Patel,Home Appliances,Kitchen,Electric Kettle,East,Bihar,Gaya,4681.6,2,0.2,3363.69,Credit Card,Returned
ORD-14932,2025-05-08,CUST-1137,Rohit Mishra,Electronics,Smartphones,OnePlus Phone,South,Kerala,Kochi,190404.0,5,0.2,149212.45,Net Banking,Delivered
ORD-14933,2025-05-19,CUST-1230,Pooja Sharma,Home Appliances,Kitchen,Electric Kettle,West,Gujarat,Ahmedabad,6234.75,5,0.15,4882.27,Debit Card,Delivered
ORD-14934,2025-08-10,CUST-1041,Shweta Kumar,Home Appliances,Cooling,Air Cooler,East,West Bengal,Kolkata,9808.0,1,0.0,7320.24,Debit Card,Delivered
ORD-14935,2025-10-17,CUST-1417,Kavita Gupta,Home Appliances,Cooling,Air Cooler,North,Haryana,Faridabad,25200.8,2,0.15,16988.4,UPI,Delivered
ORD-14936,2025-08-22,CUST-1562,Rohit Singh,Electronics,Accessories,Mouse,East,Jharkhand,Jamshedpur,4344.0,3,0.2,3575.0,Cash on Delivery,Shipped
ORD-14937,2025-03-08,CUST-1226,Meena Verma,Electronics,Monitors,Samsung Monitor,East,Bihar,Gaya,19329.0,1,0.0,14118.77,Debit Card,Delivered
ORD-14938,2025-03-07,CUST-1244,Deepak Gupta,Home Appliances,Kitchen,Electric Kettle,South,Karnataka,Mysuru,1084.9,1,0.05,773.61,Debit Card,Cancelled
ORD-14939,2025-09-09,CUST-1061,Shweta Kumar,Electronics,Smartphones,Samsung Galaxy,North,Rajasthan,Jodhpur,134985.6,4,0.1,93380.76,Cash on Delivery,Delivered
ORD-14940,2025-11-22,CUST-1009,Manish Mishra,Home Appliances,Cooling,Air Cooler,South,Karnataka,Mysuru,36872.0,5,0.2,28409.83,Credit Card,Delivered
ORD-14941,2025-05-04,CUST-1744,Amit Gupta,Furniture,Lighting,LED Desk Lamp,North,Haryana,Panipat,3084.65,1,0.15,2457.54,Credit Card,Cancelled
ORD-14942,2025-11-07,CUST-1283,Pooja Verma,Electronics,Smartphones,OnePlus Phone,South,Telangana,Warangal,55576.4,2,0.15,46951.96,Credit Card,Delivered
ORD-14943,2025-10-04,CUST-1731,Meena Patel,Furniture,Lighting,Table Lamp,South,Telangana,Warangal,1995.0,1,0.0,1625.35,UPI,Delivered
ORD-14944,2025-04-18,CUST-1052,Ritu Sharma,Home Appliances,Cleaning,Vacuum Cleaner,West,Maharashtra,Pune,41625.6,4,0.2,34786.12,Credit Card,Returned
ORD-14945,2025-12-20,CUST-1526,Shweta Gupta,Office Supplies,Paper,Copy Paper,South,Tamil Nadu,Chennai,1117.2,2,0.05,882.05,Credit Card,Cancelled
ORD-14946,2025-12-04,CUST-1088,Sneha Agarwal,Electronics,Monitors,Dell Monitor,North,Haryana,Gurugram,84970.8,4,0.1,64820.83,Debit Card,Delivered
ORD-14947,2025-01-12,CUST-1490,Anjali Singh,Home Appliances,Kitchen,Microwave,North,Punjab,Ludhiana,9279.0,1,0.0,6225.75,UPI,Delivered
ORD-14948,2025-07-13,CUST-1667,Rohit Verma,Home Appliances,Cleaning,Vacuum Cleaner,West,Maharashtra,Mumbai,37753.95,3,0.05,22714.07,Cash on Delivery,Delivered
ORD-14949,2025-02-02,CUST-1710,Vikas Kumar,Home Appliances,Kitchen,Electric Kettle,West,Goa,Panaji,7206.3,3,0.1,4769.54,Net Banking,Delivered
ORD-14950,2025-11-16,CUST-1156,Manish Jain,Furniture,Office Furniture,Bookshelf,East,Bihar,Patna,17397.8,2,0.15,12350.09,UPI,Shipped
ORD-14951,2025-10-10,CUST-1582,Neha Gupta,Electronics,Accessories,Keyboard,West,Gujarat,Surat,1428.3,1,0.1,1035.73,UPI,Cancelled
ORD-14952,2025-03-22,CUST-1124,Neha Mishra,Furniture,Office Furniture,Bookshelf,West,Gujarat,Surat,22868.4,4,0.05,13796.11,UPI,Delivered
ORD-14953,2025-02-16,CUST-1570,Ritu Sharma,Furniture,Office Furniture,Bookshelf,West,Maharashtra,Mumbai,20616.0,2,0.0,12626.91,UPI,Delivered
ORD-14954,2025-12-20,CUST-1122,Rahul Singh,Home Appliances,Cooling,Air Cooler,East,Jharkhand,Jamshedpur,57504.0,4,0.0,37287.85,Cash on Delivery,Returned
ORD-14955,2025-04-10,CUST-1108,Anjali Gupta,Office Supplies,Paper,Copy Paper,South,Telangana,Hyderabad,1635.0,3,0.0,1202.47,Net Banking,Delivered
ORD-14956,2025-09-07,CUST-1086,Sneha Agarwal,Home Appliances,Cleaning,Vacuum Cleaner,North,Punjab,Amritsar,25253.85,3,0.05,16106.03,Debit Card,Returned
ORD-14957,2025-07-20,CUST-1602,Pooja Gupta,Electronics,Monitors,Samsung Monitor,North,Rajasthan,Kota,127865.5,5,0.15,76781.65,Cash on Delivery,Delivered
ORD-14958,2025-12-27,CUST-1661,Sanjay Yadav,Electronics,Smartphones,Redmi Phone,South,Telangana,Hyderabad,19148.4,2,0.1,13941.98,Debit Card,Delivered
ORD-14959,2025-02-27,CUST-1356,Vikas Verma,Electronics,Laptops,ASUS Laptop,East,Bihar,Patna,111112.0,2,0.05,74576.15,Net Banking,Delivered
ORD-14960,2025-06-25,CUST-1676,Sanjay Mishra,Electronics,Smartphones,Samsung Galaxy,East,Jharkhand,Ranchi,187975.8,4,0.15,149328.91,Cash on Delivery,Delivered
ORD-14961,2025-10-04,CUST-1793,Ritu Mishra,Furniture,Storage,Filing Cabinet,West,Maharashtra,Nashik,14365.0,1,0.0,11890.99,Cash on Delivery,Delivered
ORD-14962,2025-11-18,CUST-1459,Manish Kumar,Office Supplies,Equipment,Paper Shredder,East,Jharkhand,Jamshedpur,4285.8,1,0.1,3338.26,Debit Card,Delivered
ORD-14963,2025-12-07,CUST-1137,Sneha Sharma,Home Appliances,Cooling,Air Cooler,West,Goa,Margao,6091.2,1,0.1,4712.8,Net Banking,Returned
ORD-14964,2025-10-09,CUST-1538,Meena Sharma,Office Supplies,Equipment,Calculator,East,Odisha,Bhubaneswar,4300.0,5,0.0,2690.01,Net Banking,Delivered
ORD-14965,2025-07-31,CUST-1463,Anil Singh,Electronics,Monitors,Dell Monitor,West,Goa,Panaji,12851.6,1,0.05,9968.28,UPI,Returned
ORD-14966,2025-08-16,CUST-1199,Pooja Yadav,Furniture,Storage,Filing Cabinet,South,Karnataka,Mysuru,24385.65,3,0.15,20308.58,Cash on Delivery,Shipped
ORD-14967,2025-08-08,CUST-1482,Arjun Mishra,Home Appliances,Kitchen,Mixer Grinder,North,Haryana,Gurugram,16965.0,5,0.1,10743.45,Debit Card,Cancelled
ORD-14968,2025-07-06,CUST-1341,Kavita Mishra,Electronics,Smartphones,Samsung Galaxy,East,Jharkhand,Ranchi,35226.55,1,0.15,28531.37,Debit Card,Delivered
ORD-14969,2025-05-05,CUST-1050,Arjun Sharma,Furniture,Lighting,LED Desk Lamp,East,Odisha,Bhubaneswar,6307.0,2,0.15,5137.02,Net Banking,Cancelled
ORD-14970,2025-07-05,CUST-1621,Manish Gupta,Furniture,Office Furniture,Bookshelf,West,Gujarat,Surat,19454.4,3,0.2,16058.99,Credit Card,Delivered
ORD-14971,2025-12-19,CUST-1155,Nisha Patel,Electronics,Laptops,ASUS Laptop,North,Uttar Pradesh,Noida,123043.2,2,0.2,102749.44,UPI,Shipped
ORD-14972,2025-08-09,CUST-1535,Shweta Gupta,Office Supplies,Stationery,Pen Set,South,Andhra Pradesh,Visakhapatnam,1833.0,3,0.0,1161.04,Cash on Delivery,Delivered
ORD-14973,2025-01-29,CUST-1224,Ritu Kumar,Home Appliances,Kitchen,Microwave,North,Punjab,Jalandhar,34068.0,5,0.2,22131.54,UPI,Shipped
ORD-14974,2025-11-30,CUST-1473,Deepak Singh,Electronics,Monitors,Dell Monitor,South,Tamil Nadu,Coimbatore,111981.25,5,0.05,72479.99,Credit Card,Delivered
ORD-14975,2025-05-20,CUST-1027,Neha Patel,Furniture,Office Furniture,Office Chair,South,Andhra Pradesh,Vijayawada,51625.6,4,0.2,37256.33,Credit Card,Delivered
ORD-14976,2025-09-26,CUST-1061,Priya Jain,Electronics,Monitors,Samsung Monitor,South,Andhra Pradesh,Visakhapatnam,46777.5,5,0.1,39114.93,Debit Card,Delivered
ORD-14977,2025-06-29,CUST-1351,Anjali Agarwal,Furniture,Office Furniture,Office Desk,West,Madhya Pradesh,Indore,19428.0,2,0.0,13672.83,Net Banking,Delivered
ORD-14978,2025-08-26,CUST-1040,Arjun Jain,Furniture,Lighting,Table Lamp,East,West Bengal,Siliguri,2988.0,3,0.2,1898.05,Debit Card,Cancelled
ORD-14979,2025-05-19,CUST-1454,Anjali Gupta,Furniture,Lighting,Table Lamp,South,Kerala,Thiruvananthapuram,7908.0,3,0.0,4969.13,UPI,Delivered
ORD-14980,2025-08-21,CUST-1441,Amit Kumar,Home Appliances,Cooling,Air Cooler,North,Rajasthan,Jaipur,9719.75,1,0.15,7240.17,Net Banking,Delivered
ORD-14981,2025-02-21,CUST-1021,Ritu Sharma,Furniture,Storage,Filing Cabinet,South,Kerala,Kochi,18365.4,2,0.1,13251.4,Debit Card,Delivered
ORD-14982,2025-10-16,CUST-1010,Deepak Singh,Electronics,Smartphones,Redmi Phone,South,Tamil Nadu,Chennai,48912.0,5,0.2,34297.32,UPI,Delivered
ORD-14983,2025-01-08,CUST-1631,Varun Verma,Office Supplies,Stationery,Pen Set,West,Madhya Pradesh,Bhopal,1792.0,5,0.2,1503.35,Debit Card,Delivered
ORD-14984,2025-12-24,CUST-1214,Pooja Patel,Furniture,Lighting,LED Desk Lamp,North,Uttar Pradesh,Varanasi,2364.55,1,0.05,1592.47,Debit Card,Shipped
ORD-14985,2025-04-04,CUST-1656,Manish Sharma,Furniture,Storage,Storage Cabinet,North,Uttar Pradesh,Noida,47436.0,4,0.0,38765.74,Cash on Delivery,Cancelled
ORD-14986,2025-01-14,CUST-1481,Sanjay Yadav,Furniture,Lighting,Table Lamp,East,Odisha,Cuttack,11100.75,5,0.05,7540.03,Cash on Delivery,Shipped
ORD-14987,2025-10-17,CUST-1081,Kavita Jain,Electronics,Monitors,Dell Monitor,North,Delhi,Delhi,47175.1,2,0.05,33986.69,Credit Card,Cancelled
ORD-14988,2025-03-13,CUST-1424,Manish Jain,Electronics,Accessories,Headphones,East,West Bengal,Siliguri,2063.2,1,0.2,1668.22,Debit Card,Shipped
ORD-14989,2025-02-23,CUST-1505,Ritu Verma,Office Supplies,Equipment,Paper Shredder,North,Punjab,Ludhiana,4985.1,1,0.1,3556.43,Cash on Delivery,Delivered
ORD-14990,2025-07-07,CUST-1319,Sanjay Verma,Home Appliances,Cooling,Air Cooler,North,Delhi,Delhi,9970.2,1,0.1,6721.8,UPI,Delivered
ORD-14991,2025-08-23,CUST-1599,Shweta Agarwal,Office Supplies,Stationery,Notebook,West,Gujarat,Ahmedabad,1481.6,4,0.2,920.19,UPI,Cancelled
ORD-14992,2025-08-27,CUST-1313,Anjali Mishra,Office Supplies,Stationery,Notebook,West,Maharashtra,Nashik,868.0,2,0.0,526.34,Cash on Delivery,Cancelled
ORD-14993,2025-07-27,CUST-1356,Sanjay Gupta,Furniture,Office Furniture,Bookshelf,South,Karnataka,Mysuru,18855.6,3,0.05,15488.22,Net Banking,Returned
ORD-14994,2025-01-05,CUST-1268,Sanjay Jain,Electronics,Smartphones,Redmi Phone,West,Goa,Panaji,52254.0,4,0.1,35744.43,Cash on Delivery,Shipped
ORD-14995,2025-05-02,CUST-1145,Rahul Sharma,Furniture,Office Furniture,Bookshelf,West,Madhya Pradesh,Indore,11255.7,2,0.15,8458.55,Debit Card,Cancelled
ORD-14996,2025-07-12,CUST-1314,Deepak Verma,Furniture,Office Furniture,Bookshelf,North,Delhi,New Delhi,40096.8,4,0.1,33264.94,Credit Card,Cancelled
ORD-14997,2025-07-03,CUST-1505,Rohit Agarwal,Furniture,Storage,Storage Cabinet,East,Bihar,Patna,41148.0,5,0.1,30411.58,Credit Card,Shipped
ORD-14998,2025-05-10,CUST-1533,Amit Agarwal,Electronics,Laptops,ASUS Laptop,West,Gujarat,Surat,146991.0,3,0.0,105322.42,Debit Card,Delivered
ORD-14999,2025-08-20,CUST-1357,Rahul Gupta,Electronics,Monitors,LG Monitor,North,Haryana,Panipat,39108.5,2,0.15,26506.2,UPI,Cancelled
ORD-15000,2025-11-08,CUST-1756,Anjali Jain,Electronics,Laptops,Dell Laptop,North,Uttar Pradesh,Kanpur,205428.0,5,0.2,156683.74,UPI,Cancelled
